================================================================================
WHITTLE INDICES: CLOSED-FORM vs VI/PI vs PACKAGE
WITH MONOTONICITY AND INDEXABILITY VERIFICATION
Generated: 2026-07-12 01:11:09
================================================================================

Parameter ranges:
  C (activation cost)        : [5.0, 10.0, 20.0, 400.0, 600.0, 1200.0]
  K (penalty cost)           : [500.0, 1000.0, 2000.0]
  C_switch (switching cost)  : [75.0, 89.0, 90.0, 90.5, 91.0, 100.0, 200.0, 500.0]
  beta (discount factor)     : [0.9, 0.95, 0.9999]
  Number of transition matrices : 3
  Total combinations            : 1296

################################################################################

TRANSITION MATRIX 1
Survival probabilities: [0.9507, 0.732 , 0.5987, 0.3745, 0.156 , 0.    ]
################################################################################

================================================================================
INSTANCE 1
================================================================================
C=5.0, K=500.0, C_switch=75.0, beta=0.9
Survival probabilities: [0.9507, 0.732 , 0.5987, 0.3745, 0.156 , 0.    ]
--------------------------------------------------------------------------------

Passive transition matrix:
         (0,1)    (0,0)    (1,0)    (2,0)    (3,0)    (4,0)    (5,0)
(0,1) 0.000000 0.049286 0.950714 0.000000 0.000000 0.000000 0.000000
(0,0) 0.000000 0.049286 0.950714 0.000000 0.000000 0.000000 0.000000
(1,0) 0.000000 0.268006 0.000000 0.731994 0.000000 0.000000 0.000000
(2,0) 0.000000 0.401342 0.000000 0.000000 0.598658 0.000000 0.000000
(3,0) 0.000000 0.625460 0.000000 0.000000 0.000000 0.374540 0.000000
(4,0) 0.000000 0.843981 0.000000 0.000000 0.000000 0.000000 0.156019
(5,0) 0.000000 1.000000 0.000000 0.000000 0.000000 0.000000 0.000000

Passive reward vector:
        Passive
(0,1)  -24.6428
(0,0)  -24.6428
(1,0) -134.0030
(2,0) -200.6708
(3,0) -312.7299
(4,0) -421.9907
(5,0) -500.0000

Active transition matrix:
         (0,1)    (0,0)    (1,0)    (2,0)    (3,0)    (4,0)    (5,0)
(0,1) 1.000000 0.000000 0.000000 0.000000 0.000000 0.000000 0.000000
(0,0) 1.000000 0.000000 0.000000 0.000000 0.000000 0.000000 0.000000
(1,0) 1.000000 0.000000 0.000000 0.000000 0.000000 0.000000 0.000000
(2,0) 1.000000 0.000000 0.000000 0.000000 0.000000 0.000000 0.000000
(3,0) 1.000000 0.000000 0.000000 0.000000 0.000000 0.000000 0.000000
(4,0) 1.000000 0.000000 0.000000 0.000000 0.000000 0.000000 0.000000
(5,0) 1.000000 0.000000 0.000000 0.000000 0.000000 0.000000 0.000000

Active reward vector:
        Active
(0,1)  -5.0000
(0,0) -80.0000
(1,0) -80.0000
(2,0) -80.0000
(3,0) -80.0000
(4,0) -80.0000
(5,0) -80.0000

--- Discounted Whittle Indices (beta=0.9) ---
       ClosedForm         VI         PI    Package
(0,1)   83.816062  83.816066  83.816066  83.816062
(0,0)   12.142847  12.142837  12.142837  12.142847
(1,0)  114.199372 114.199370 114.199370 114.199372
(2,0)  209.134820 209.134817 209.134817 209.134820
(3,0)  321.825624 321.825624 321.825624 321.825624
(4,0)  388.069079 388.069078 388.069078 388.069079
(5,0)  420.000000 420.000002 420.000002 420.000000

Discounted monotonicity (closed-form): PASS
Indices are strictly increasing in the expected state ordering.

Discounted indexability verification: PASS
Discounted verification passed for 22 test W values.

--- Average-Cost Whittle Indices ---
             RVI         PI    Package
(0,1)  90.946420  90.946420  90.946420
(0,0)  19.642847  19.642847  19.642847
(1,0) 119.687491 119.687491 119.687491
(2,0) 217.589096 217.589096 217.589096
(3,0) 329.617757 329.617757 329.617757
(4,0) 391.543611 391.543611 391.543611
(5,0) 420.000000 420.000000 420.000000

Average-cost monotonicity (RVI): PASS
Indices are strictly increasing in the expected state ordering.

Average-cost indexability verification: PASS
Average-cost verification passed for 22 test W values.

================================================================================
INSTANCE 2
================================================================================
C=5.0, K=500.0, C_switch=75.0, beta=0.95
Survival probabilities: [0.9507, 0.732 , 0.5987, 0.3745, 0.156 , 0.    ]
--------------------------------------------------------------------------------

Passive transition matrix:
         (0,1)    (0,0)    (1,0)    (2,0)    (3,0)    (4,0)    (5,0)
(0,1) 0.000000 0.049286 0.950714 0.000000 0.000000 0.000000 0.000000
(0,0) 0.000000 0.049286 0.950714 0.000000 0.000000 0.000000 0.000000
(1,0) 0.000000 0.268006 0.000000 0.731994 0.000000 0.000000 0.000000
(2,0) 0.000000 0.401342 0.000000 0.000000 0.598658 0.000000 0.000000
(3,0) 0.000000 0.625460 0.000000 0.000000 0.000000 0.374540 0.000000
(4,0) 0.000000 0.843981 0.000000 0.000000 0.000000 0.000000 0.156019
(5,0) 0.000000 1.000000 0.000000 0.000000 0.000000 0.000000 0.000000

Passive reward vector:
        Passive
(0,1)  -24.6428
(0,0)  -24.6428
(1,0) -134.0030
(2,0) -200.6708
(3,0) -312.7299
(4,0) -421.9907
(5,0) -500.0000

Active transition matrix:
         (0,1)    (0,0)    (1,0)    (2,0)    (3,0)    (4,0)    (5,0)
(0,1) 1.000000 0.000000 0.000000 0.000000 0.000000 0.000000 0.000000
(0,0) 1.000000 0.000000 0.000000 0.000000 0.000000 0.000000 0.000000
(1,0) 1.000000 0.000000 0.000000 0.000000 0.000000 0.000000 0.000000
(2,0) 1.000000 0.000000 0.000000 0.000000 0.000000 0.000000 0.000000
(3,0) 1.000000 0.000000 0.000000 0.000000 0.000000 0.000000 0.000000
(4,0) 1.000000 0.000000 0.000000 0.000000 0.000000 0.000000 0.000000
(5,0) 1.000000 0.000000 0.000000 0.000000 0.000000 0.000000 0.000000

Active reward vector:
        Active
(0,1)  -5.0000
(0,0) -80.0000
(1,0) -80.0000
(2,0) -80.0000
(3,0) -80.0000
(4,0) -80.0000
(5,0) -80.0000

--- Discounted Whittle Indices (beta=0.95) ---
       ClosedForm         VI         PI    Package
(0,1)   87.381241  87.381244  87.381244  87.381241
(0,0)   15.892847  15.892848  15.892848  15.892847
(1,0)  116.968277 116.968274 116.968274 116.968277
(2,0)  213.403252 213.403255 213.403255 213.403252
(3,0)  325.789854 325.789869 325.789869 325.789854
(4,0)  389.850512 389.850512 389.850512 389.850512
(5,0)  420.000000 420.000002 420.000002 420.000000

Discounted monotonicity (closed-form): PASS
Indices are strictly increasing in the expected state ordering.

Discounted indexability verification: PASS
Discounted verification passed for 22 test W values.

--- Average-Cost Whittle Indices ---
             RVI         PI    Package
(0,1)  90.946420  90.946420  90.946420
(0,0)  19.642847  19.642847  19.642847
(1,0) 119.687491 119.687491 119.687491
(2,0) 217.589096 217.589096 217.589096
(3,0) 329.617757 329.617757 329.617757
(4,0) 391.543611 391.543611 391.543611
(5,0) 420.000000 420.000000 420.000000

Average-cost monotonicity (RVI): PASS
Indices are strictly increasing in the expected state ordering.

Average-cost indexability verification: PASS
Average-cost verification passed for 22 test W values.

================================================================================
INSTANCE 3
================================================================================
C=5.0, K=500.0, C_switch=75.0, beta=0.9999
Survival probabilities: [0.9507, 0.732 , 0.5987, 0.3745, 0.156 , 0.    ]
--------------------------------------------------------------------------------

Passive transition matrix:
         (0,1)    (0,0)    (1,0)    (2,0)    (3,0)    (4,0)    (5,0)
(0,1) 0.000000 0.049286 0.950714 0.000000 0.000000 0.000000 0.000000
(0,0) 0.000000 0.049286 0.950714 0.000000 0.000000 0.000000 0.000000
(1,0) 0.000000 0.268006 0.000000 0.731994 0.000000 0.000000 0.000000
(2,0) 0.000000 0.401342 0.000000 0.000000 0.598658 0.000000 0.000000
(3,0) 0.000000 0.625460 0.000000 0.000000 0.000000 0.374540 0.000000
(4,0) 0.000000 0.843981 0.000000 0.000000 0.000000 0.000000 0.156019
(5,0) 0.000000 1.000000 0.000000 0.000000 0.000000 0.000000 0.000000

Passive reward vector:
        Passive
(0,1)  -24.6428
(0,0)  -24.6428
(1,0) -134.0030
(2,0) -200.6708
(3,0) -312.7299
(4,0) -421.9907
(5,0) -500.0000

Active transition matrix:
         (0,1)    (0,0)    (1,0)    (2,0)    (3,0)    (4,0)    (5,0)
(0,1) 1.000000 0.000000 0.000000 0.000000 0.000000 0.000000 0.000000
(0,0) 1.000000 0.000000 0.000000 0.000000 0.000000 0.000000 0.000000
(1,0) 1.000000 0.000000 0.000000 0.000000 0.000000 0.000000 0.000000
(2,0) 1.000000 0.000000 0.000000 0.000000 0.000000 0.000000 0.000000
(3,0) 1.000000 0.000000 0.000000 0.000000 0.000000 0.000000 0.000000
(4,0) 1.000000 0.000000 0.000000 0.000000 0.000000 0.000000 0.000000
(5,0) 1.000000 0.000000 0.000000 0.000000 0.000000 0.000000 0.000000

Active reward vector:
        Active
(0,1)  -5.0000
(0,0) -80.0000
(1,0) -80.0000
(2,0) -80.0000
(3,0) -80.0000
(4,0) -80.0000
(5,0) -80.0000

--- Discounted Whittle Indices (beta=0.9999) ---
       ClosedForm         VI         PI    Package
(0,1)   90.939289  90.939283  90.939283  90.939289
(0,0)   19.635347  19.635350  19.635350  19.635347
(1,0)  119.682101 119.682103 119.682103 119.682101
(2,0)  217.580807 217.580795 217.580795 217.580807
(3,0)  329.610238 329.610229 329.610229 329.610238
(4,0)  391.540311 391.540319 391.540319 391.540311
(5,0)  420.000000 420.000002 420.000002 420.000000

Discounted monotonicity (closed-form): PASS
Indices are strictly increasing in the expected state ordering.

Discounted indexability verification: PASS
Discounted verification passed for 22 test W values.

--- Average-Cost Whittle Indices ---
             RVI         PI    Package
(0,1)  90.946420  90.946420  90.946420
(0,0)  19.642847  19.642847  19.642847
(1,0) 119.687491 119.687491 119.687491
(2,0) 217.589096 217.589096 217.589096
(3,0) 329.617757 329.617757 329.617757
(4,0) 391.543611 391.543611 391.543611
(5,0) 420.000000 420.000000 420.000000

Average-cost monotonicity (RVI): PASS
Indices are strictly increasing in the expected state ordering.

Average-cost indexability verification: PASS
Average-cost verification passed for 22 test W values.

================================================================================
INSTANCE 4
================================================================================
C=5.0, K=500.0, C_switch=89.0, beta=0.9
Survival probabilities: [0.9507, 0.732 , 0.5987, 0.3745, 0.156 , 0.    ]
--------------------------------------------------------------------------------

Passive transition matrix:
         (0,1)    (0,0)    (1,0)    (2,0)    (3,0)    (4,0)    (5,0)
(0,1) 0.000000 0.049286 0.950714 0.000000 0.000000 0.000000 0.000000
(0,0) 0.000000 0.049286 0.950714 0.000000 0.000000 0.000000 0.000000
(1,0) 0.000000 0.268006 0.000000 0.731994 0.000000 0.000000 0.000000
(2,0) 0.000000 0.401342 0.000000 0.000000 0.598658 0.000000 0.000000
(3,0) 0.000000 0.625460 0.000000 0.000000 0.000000 0.374540 0.000000
(4,0) 0.000000 0.843981 0.000000 0.000000 0.000000 0.000000 0.156019
(5,0) 0.000000 1.000000 0.000000 0.000000 0.000000 0.000000 0.000000

Passive reward vector:
        Passive
(0,1)  -24.6428
(0,0)  -24.6428
(1,0) -134.0030
(2,0) -200.6708
(3,0) -312.7299
(4,0) -421.9907
(5,0) -500.0000

Active transition matrix:
         (0,1)    (0,0)    (1,0)    (2,0)    (3,0)    (4,0)    (5,0)
(0,1) 1.000000 0.000000 0.000000 0.000000 0.000000 0.000000 0.000000
(0,0) 1.000000 0.000000 0.000000 0.000000 0.000000 0.000000 0.000000
(1,0) 1.000000 0.000000 0.000000 0.000000 0.000000 0.000000 0.000000
(2,0) 1.000000 0.000000 0.000000 0.000000 0.000000 0.000000 0.000000
(3,0) 1.000000 0.000000 0.000000 0.000000 0.000000 0.000000 0.000000
(4,0) 1.000000 0.000000 0.000000 0.000000 0.000000 0.000000 0.000000
(5,0) 1.000000 0.000000 0.000000 0.000000 0.000000 0.000000 0.000000

Active reward vector:
        Active
(0,1)  -5.0000
(0,0) -94.0000
(1,0) -94.0000
(2,0) -94.0000
(3,0) -94.0000
(4,0) -94.0000
(5,0) -94.0000

--- Discounted Whittle Indices (beta=0.9) ---
       ClosedForm         VI         PI    Package
(0,1)   95.795063  95.795065  95.795065  95.795063
(0,0)   10.742847  10.742843  10.742843  10.742847
(1,0)  100.199372 100.199372 100.199372 100.199372
(2,0)  195.134820 195.134819 195.134819 195.134820
(3,0)  307.825624 307.825625 307.825625 307.825624
(4,0)  374.069079 374.069080 374.069080 374.069079
(5,0)  406.000000 406.000003 406.000003 406.000000

Discounted monotonicity (closed-form): PASS
Indices are strictly increasing in the expected state ordering.

Discounted indexability verification: PASS
Discounted verification passed for 22 test W values.

--- Average-Cost Whittle Indices ---
             RVI         PI    Package
(0,1) 104.256420 104.256420 104.256420
(0,0)  19.642847  19.642847  19.642847
(1,0) 105.687491 105.687491 105.687491
(2,0) 203.589096 203.589096 203.589096
(3,0) 315.617757 315.617757 315.617757
(4,0) 377.543611 377.543611 377.543611
(5,0) 406.000000 406.000000 406.000000

Average-cost monotonicity (RVI): PASS
Indices are strictly increasing in the expected state ordering.

Average-cost indexability verification: PASS
Average-cost verification passed for 22 test W values.

================================================================================
INSTANCE 5
================================================================================
C=5.0, K=500.0, C_switch=89.0, beta=0.95
Survival probabilities: [0.9507, 0.732 , 0.5987, 0.3745, 0.156 , 0.    ]
--------------------------------------------------------------------------------

Passive transition matrix:
         (0,1)    (0,0)    (1,0)    (2,0)    (3,0)    (4,0)    (5,0)
(0,1) 0.000000 0.049286 0.950714 0.000000 0.000000 0.000000 0.000000
(0,0) 0.000000 0.049286 0.950714 0.000000 0.000000 0.000000 0.000000
(1,0) 0.000000 0.268006 0.000000 0.731994 0.000000 0.000000 0.000000
(2,0) 0.000000 0.401342 0.000000 0.000000 0.598658 0.000000 0.000000
(3,0) 0.000000 0.625460 0.000000 0.000000 0.000000 0.374540 0.000000
(4,0) 0.000000 0.843981 0.000000 0.000000 0.000000 0.000000 0.156019
(5,0) 0.000000 1.000000 0.000000 0.000000 0.000000 0.000000 0.000000

Passive reward vector:
        Passive
(0,1)  -24.6428
(0,0)  -24.6428
(1,0) -134.0030
(2,0) -200.6708
(3,0) -312.7299
(4,0) -421.9907
(5,0) -500.0000

Active transition matrix:
         (0,1)    (0,0)    (1,0)    (2,0)    (3,0)    (4,0)    (5,0)
(0,1) 1.000000 0.000000 0.000000 0.000000 0.000000 0.000000 0.000000
(0,0) 1.000000 0.000000 0.000000 0.000000 0.000000 0.000000 0.000000
(1,0) 1.000000 0.000000 0.000000 0.000000 0.000000 0.000000 0.000000
(2,0) 1.000000 0.000000 0.000000 0.000000 0.000000 0.000000 0.000000
(3,0) 1.000000 0.000000 0.000000 0.000000 0.000000 0.000000 0.000000
(4,0) 1.000000 0.000000 0.000000 0.000000 0.000000 0.000000 0.000000
(5,0) 1.000000 0.000000 0.000000 0.000000 0.000000 0.000000 0.000000

Active reward vector:
        Active
(0,1)  -5.0000
(0,0) -94.0000
(1,0) -94.0000
(2,0) -94.0000
(3,0) -94.0000
(4,0) -94.0000
(5,0) -94.0000

--- Discounted Whittle Indices (beta=0.95) ---
       ClosedForm         VI         PI    Package
(0,1)  100.025741 100.025743 100.025743 100.025741
(0,0)   15.192847  15.192851  15.192851  15.192847
(1,0)  102.968277 102.968276 102.968276 102.968277
(2,0)  199.403252 199.403256 199.403256 199.403252
(3,0)  311.789854 311.789840 311.789840 311.789854
(4,0)  375.850512 375.850514 375.850514 375.850512
(5,0)  406.000000 406.000003 406.000003 406.000000

Discounted monotonicity (closed-form): PASS
Indices are strictly increasing in the expected state ordering.

Discounted indexability verification: PASS
Discounted verification passed for 22 test W values.

--- Average-Cost Whittle Indices ---
             RVI         PI    Package
(0,1) 104.256420 104.256420 104.256420
(0,0)  19.642847  19.642847  19.642847
(1,0) 105.687491 105.687491 105.687491
(2,0) 203.589096 203.589096 203.589096
(3,0) 315.617757 315.617757 315.617757
(4,0) 377.543611 377.543611 377.543611
(5,0) 406.000000 406.000000 406.000000

Average-cost monotonicity (RVI): PASS
Indices are strictly increasing in the expected state ordering.

Average-cost indexability verification: PASS
Average-cost verification passed for 22 test W values.

================================================================================
INSTANCE 6
================================================================================
C=5.0, K=500.0, C_switch=89.0, beta=0.9999
Survival probabilities: [0.9507, 0.732 , 0.5987, 0.3745, 0.156 , 0.    ]
--------------------------------------------------------------------------------

Passive transition matrix:
         (0,1)    (0,0)    (1,0)    (2,0)    (3,0)    (4,0)    (5,0)
(0,1) 0.000000 0.049286 0.950714 0.000000 0.000000 0.000000 0.000000
(0,0) 0.000000 0.049286 0.950714 0.000000 0.000000 0.000000 0.000000
(1,0) 0.000000 0.268006 0.000000 0.731994 0.000000 0.000000 0.000000
(2,0) 0.000000 0.401342 0.000000 0.000000 0.598658 0.000000 0.000000
(3,0) 0.000000 0.625460 0.000000 0.000000 0.000000 0.374540 0.000000
(4,0) 0.000000 0.843981 0.000000 0.000000 0.000000 0.000000 0.156019
(5,0) 0.000000 1.000000 0.000000 0.000000 0.000000 0.000000 0.000000

Passive reward vector:
        Passive
(0,1)  -24.6428
(0,0)  -24.6428
(1,0) -134.0030
(2,0) -200.6708
(3,0) -312.7299
(4,0) -421.9907
(5,0) -500.0000

Active transition matrix:
         (0,1)    (0,0)    (1,0)    (2,0)    (3,0)    (4,0)    (5,0)
(0,1) 1.000000 0.000000 0.000000 0.000000 0.000000 0.000000 0.000000
(0,0) 1.000000 0.000000 0.000000 0.000000 0.000000 0.000000 0.000000
(1,0) 1.000000 0.000000 0.000000 0.000000 0.000000 0.000000 0.000000
(2,0) 1.000000 0.000000 0.000000 0.000000 0.000000 0.000000 0.000000
(3,0) 1.000000 0.000000 0.000000 0.000000 0.000000 0.000000 0.000000
(4,0) 1.000000 0.000000 0.000000 0.000000 0.000000 0.000000 0.000000
(5,0) 1.000000 0.000000 0.000000 0.000000 0.000000 0.000000 0.000000

Active reward vector:
        Active
(0,1)  -5.0000
(0,0) -94.0000
(1,0) -94.0000
(2,0) -94.0000
(3,0) -94.0000
(4,0) -94.0000
(5,0) -94.0000

--- Discounted Whittle Indices (beta=0.9999) ---
       ClosedForm         VI         PI    Package
(0,1)  104.247959 104.247957 104.247957 104.247959
(0,0)   19.633947  19.633949  19.633949  19.633947
(1,0)  105.682101 105.682105 105.682105 105.682101
(2,0)  203.580807 203.580797 203.580797 203.580807
(3,0)  315.610238 315.610230 315.610230 315.610238
(4,0)  377.540311 377.540320 377.540320 377.540311
(5,0)  406.000000 406.000003 406.000003 406.000000

Discounted monotonicity (closed-form): PASS
Indices are strictly increasing in the expected state ordering.

Discounted indexability verification: PASS
Discounted verification passed for 22 test W values.

--- Average-Cost Whittle Indices ---
             RVI         PI    Package
(0,1) 104.256420 104.256420 104.256420
(0,0)  19.642847  19.642847  19.642847
(1,0) 105.687491 105.687491 105.687491
(2,0) 203.589096 203.589096 203.589096
(3,0) 315.617757 315.617757 315.617757
(4,0) 377.543611 377.543611 377.543611
(5,0) 406.000000 406.000000 406.000000

Average-cost monotonicity (RVI): PASS
Indices are strictly increasing in the expected state ordering.

Average-cost indexability verification: PASS
Average-cost verification passed for 22 test W values.

================================================================================
INSTANCE 7
================================================================================
C=5.0, K=500.0, C_switch=90.0, beta=0.9
Survival probabilities: [0.9507, 0.732 , 0.5987, 0.3745, 0.156 , 0.    ]
--------------------------------------------------------------------------------

Passive transition matrix:
         (0,1)    (0,0)    (1,0)    (2,0)    (3,0)    (4,0)    (5,0)
(0,1) 0.000000 0.049286 0.950714 0.000000 0.000000 0.000000 0.000000
(0,0) 0.000000 0.049286 0.950714 0.000000 0.000000 0.000000 0.000000
(1,0) 0.000000 0.268006 0.000000 0.731994 0.000000 0.000000 0.000000
(2,0) 0.000000 0.401342 0.000000 0.000000 0.598658 0.000000 0.000000
(3,0) 0.000000 0.625460 0.000000 0.000000 0.000000 0.374540 0.000000
(4,0) 0.000000 0.843981 0.000000 0.000000 0.000000 0.000000 0.156019
(5,0) 0.000000 1.000000 0.000000 0.000000 0.000000 0.000000 0.000000

Passive reward vector:
        Passive
(0,1)  -24.6428
(0,0)  -24.6428
(1,0) -134.0030
(2,0) -200.6708
(3,0) -312.7299
(4,0) -421.9907
(5,0) -500.0000

Active transition matrix:
         (0,1)    (0,0)    (1,0)    (2,0)    (3,0)    (4,0)    (5,0)
(0,1) 1.000000 0.000000 0.000000 0.000000 0.000000 0.000000 0.000000
(0,0) 1.000000 0.000000 0.000000 0.000000 0.000000 0.000000 0.000000
(1,0) 1.000000 0.000000 0.000000 0.000000 0.000000 0.000000 0.000000
(2,0) 1.000000 0.000000 0.000000 0.000000 0.000000 0.000000 0.000000
(3,0) 1.000000 0.000000 0.000000 0.000000 0.000000 0.000000 0.000000
(4,0) 1.000000 0.000000 0.000000 0.000000 0.000000 0.000000 0.000000
(5,0) 1.000000 0.000000 0.000000 0.000000 0.000000 0.000000 0.000000

Active reward vector:
        Active
(0,1)  -5.0000
(0,0) -95.0000
(1,0) -95.0000
(2,0) -95.0000
(3,0) -95.0000
(4,0) -95.0000
(5,0) -95.0000

--- Discounted Whittle Indices (beta=0.9) ---
       ClosedForm         VI         PI    Package
(0,1)   96.650706  96.650720  96.650720  96.650706
(0,0)   10.642847  10.642841  10.642841  10.642847
(1,0)   99.199372  99.199384  99.199384  99.199372
(2,0)  194.134820 194.134831 194.134831 194.134820
(3,0)  306.825624 306.825638 306.825638 306.825624
(4,0)  373.069079 373.069078 373.069078 373.069079
(5,0)  405.000000 405.000001 405.000001 405.000000

Discounted monotonicity (closed-form): PASS
Indices are strictly increasing in the expected state ordering.

Discounted indexability verification: PASS
Discounted verification passed for 22 test W values.

--- Average-Cost Whittle Indices ---
             RVI         PI    Package
(0,1) 105.048910 105.048910 105.048910
(0,0)  19.642847  19.642847  19.642847
(1,0) 104.953877 104.953877 104.953877
(2,0) 202.589096 202.589096 202.589096
(3,0) 314.617757 314.617757 314.617757
(4,0) 376.543611 376.543611 376.543611
(5,0) 405.000000 405.000000 405.000000

Average-cost monotonicity (RVI): FAIL
Monotonicity broken: (0,1) (105.0489) >= (1,0) (104.9539)

Average-cost indexability verification: PASS
Average-cost verification passed for 22 test W values.

================================================================================
INSTANCE 8
================================================================================
C=5.0, K=500.0, C_switch=90.0, beta=0.95
Survival probabilities: [0.9507, 0.732 , 0.5987, 0.3745, 0.156 , 0.    ]
--------------------------------------------------------------------------------

Passive transition matrix:
         (0,1)    (0,0)    (1,0)    (2,0)    (3,0)    (4,0)    (5,0)
(0,1) 0.000000 0.049286 0.950714 0.000000 0.000000 0.000000 0.000000
(0,0) 0.000000 0.049286 0.950714 0.000000 0.000000 0.000000 0.000000
(1,0) 0.000000 0.268006 0.000000 0.731994 0.000000 0.000000 0.000000
(2,0) 0.000000 0.401342 0.000000 0.000000 0.598658 0.000000 0.000000
(3,0) 0.000000 0.625460 0.000000 0.000000 0.000000 0.374540 0.000000
(4,0) 0.000000 0.843981 0.000000 0.000000 0.000000 0.000000 0.156019
(5,0) 0.000000 1.000000 0.000000 0.000000 0.000000 0.000000 0.000000

Passive reward vector:
        Passive
(0,1)  -24.6428
(0,0)  -24.6428
(1,0) -134.0030
(2,0) -200.6708
(3,0) -312.7299
(4,0) -421.9907
(5,0) -500.0000

Active transition matrix:
         (0,1)    (0,0)    (1,0)    (2,0)    (3,0)    (4,0)    (5,0)
(0,1) 1.000000 0.000000 0.000000 0.000000 0.000000 0.000000 0.000000
(0,0) 1.000000 0.000000 0.000000 0.000000 0.000000 0.000000 0.000000
(1,0) 1.000000 0.000000 0.000000 0.000000 0.000000 0.000000 0.000000
(2,0) 1.000000 0.000000 0.000000 0.000000 0.000000 0.000000 0.000000
(3,0) 1.000000 0.000000 0.000000 0.000000 0.000000 0.000000 0.000000
(4,0) 1.000000 0.000000 0.000000 0.000000 0.000000 0.000000 0.000000
(5,0) 1.000000 0.000000 0.000000 0.000000 0.000000 0.000000 0.000000

Active reward vector:
        Active
(0,1)  -5.0000
(0,0) -95.0000
(1,0) -95.0000
(2,0) -95.0000
(3,0) -95.0000
(4,0) -95.0000
(5,0) -95.0000

--- Discounted Whittle Indices (beta=0.95) ---
       ClosedForm         VI         PI    Package
(0,1)  100.928920 100.928932 100.928932 100.928920
(0,0)   15.142847  15.142843  15.142843  15.142847
(1,0)  101.968277 101.968288 101.968288 101.968277
(2,0)  198.403252 198.403239 198.403239 198.403252
(3,0)  310.789854 310.789853 310.789853 310.789854
(4,0)  374.850512 374.850512 374.850512 374.850512
(5,0)  405.000000 405.000001 405.000001 405.000000

Discounted monotonicity (closed-form): PASS
Indices are strictly increasing in the expected state ordering.

Discounted indexability verification: PASS
Discounted verification passed for 22 test W values.

--- Average-Cost Whittle Indices ---
             RVI         PI    Package
(0,1) 105.048910 105.048910 105.048910
(0,0)  19.642847  19.642847  19.642847
(1,0) 104.953877 104.953877 104.953877
(2,0) 202.589096 202.589096 202.589096
(3,0) 314.617757 314.617757 314.617757
(4,0) 376.543611 376.543611 376.543611
(5,0) 405.000000 405.000000 405.000000

Average-cost monotonicity (RVI): FAIL
Monotonicity broken: (0,1) (105.0489) >= (1,0) (104.9539)

Average-cost indexability verification: PASS
Average-cost verification passed for 22 test W values.

================================================================================
INSTANCE 9
================================================================================
C=5.0, K=500.0, C_switch=90.0, beta=0.9999
Survival probabilities: [0.9507, 0.732 , 0.5987, 0.3745, 0.156 , 0.    ]
--------------------------------------------------------------------------------

Passive transition matrix:
         (0,1)    (0,0)    (1,0)    (2,0)    (3,0)    (4,0)    (5,0)
(0,1) 0.000000 0.049286 0.950714 0.000000 0.000000 0.000000 0.000000
(0,0) 0.000000 0.049286 0.950714 0.000000 0.000000 0.000000 0.000000
(1,0) 0.000000 0.268006 0.000000 0.731994 0.000000 0.000000 0.000000
(2,0) 0.000000 0.401342 0.000000 0.000000 0.598658 0.000000 0.000000
(3,0) 0.000000 0.625460 0.000000 0.000000 0.000000 0.374540 0.000000
(4,0) 0.000000 0.843981 0.000000 0.000000 0.000000 0.000000 0.156019
(5,0) 0.000000 1.000000 0.000000 0.000000 0.000000 0.000000 0.000000

Passive reward vector:
        Passive
(0,1)  -24.6428
(0,0)  -24.6428
(1,0) -134.0030
(2,0) -200.6708
(3,0) -312.7299
(4,0) -421.9907
(5,0) -500.0000

Active transition matrix:
         (0,1)    (0,0)    (1,0)    (2,0)    (3,0)    (4,0)    (5,0)
(0,1) 1.000000 0.000000 0.000000 0.000000 0.000000 0.000000 0.000000
(0,0) 1.000000 0.000000 0.000000 0.000000 0.000000 0.000000 0.000000
(1,0) 1.000000 0.000000 0.000000 0.000000 0.000000 0.000000 0.000000
(2,0) 1.000000 0.000000 0.000000 0.000000 0.000000 0.000000 0.000000
(3,0) 1.000000 0.000000 0.000000 0.000000 0.000000 0.000000 0.000000
(4,0) 1.000000 0.000000 0.000000 0.000000 0.000000 0.000000 0.000000
(5,0) 1.000000 0.000000 0.000000 0.000000 0.000000 0.000000 0.000000

Active reward vector:
        Active
(0,1)  -5.0000
(0,0) -95.0000
(1,0) -95.0000
(2,0) -95.0000
(3,0) -95.0000
(4,0) -95.0000
(5,0) -95.0000

--- Discounted Whittle Indices (beta=0.9999) ---
       ClosedForm         VI         PI    Package
(0,1)  105.198578 105.041325 105.041325 105.041321
(0,0)   19.633847  19.633844  19.633844  19.633847
(1,0)  104.682101 104.946852 104.946852 104.946850
(2,0)  202.580807 202.580810 202.580810 202.580807
(3,0)  314.610238 314.610243 314.610243 314.610238
(4,0)  376.540311 376.540303 376.540303 376.540311
(5,0)  405.000000 405.000001 405.000001 405.000000

Discounted monotonicity (closed-form): FAIL
Monotonicity broken: (0,1) (105.1986) >= (1,0) (104.6821)

Discounted indexability verification: FAIL
Discounted verification FAILED: first errors:
W=104.682102, (1,0): passive but Q1 > Q0
W=105.198577, (0,1): active but Q0 > Q1
W=105.198578, (0,1): active but Q0 > Q1

--- Average-Cost Whittle Indices ---
             RVI         PI    Package
(0,1) 105.048910 105.048910 105.048910
(0,0)  19.642847  19.642847  19.642847
(1,0) 104.953877 104.953877 104.953877
(2,0) 202.589096 202.589096 202.589096
(3,0) 314.617757 314.617757 314.617757
(4,0) 376.543611 376.543611 376.543611
(5,0) 405.000000 405.000000 405.000000

Average-cost monotonicity (RVI): FAIL
Monotonicity broken: (0,1) (105.0489) >= (1,0) (104.9539)

Average-cost indexability verification: PASS
Average-cost verification passed for 22 test W values.

================================================================================
INSTANCE 10
================================================================================
C=5.0, K=500.0, C_switch=90.5, beta=0.9
Survival probabilities: [0.9507, 0.732 , 0.5987, 0.3745, 0.156 , 0.    ]
--------------------------------------------------------------------------------

Passive transition matrix:
         (0,1)    (0,0)    (1,0)    (2,0)    (3,0)    (4,0)    (5,0)
(0,1) 0.000000 0.049286 0.950714 0.000000 0.000000 0.000000 0.000000
(0,0) 0.000000 0.049286 0.950714 0.000000 0.000000 0.000000 0.000000
(1,0) 0.000000 0.268006 0.000000 0.731994 0.000000 0.000000 0.000000
(2,0) 0.000000 0.401342 0.000000 0.000000 0.598658 0.000000 0.000000
(3,0) 0.000000 0.625460 0.000000 0.000000 0.000000 0.374540 0.000000
(4,0) 0.000000 0.843981 0.000000 0.000000 0.000000 0.000000 0.156019
(5,0) 0.000000 1.000000 0.000000 0.000000 0.000000 0.000000 0.000000

Passive reward vector:
        Passive
(0,1)  -24.6428
(0,0)  -24.6428
(1,0) -134.0030
(2,0) -200.6708
(3,0) -312.7299
(4,0) -421.9907
(5,0) -500.0000

Active transition matrix:
         (0,1)    (0,0)    (1,0)    (2,0)    (3,0)    (4,0)    (5,0)
(0,1) 1.000000 0.000000 0.000000 0.000000 0.000000 0.000000 0.000000
(0,0) 1.000000 0.000000 0.000000 0.000000 0.000000 0.000000 0.000000
(1,0) 1.000000 0.000000 0.000000 0.000000 0.000000 0.000000 0.000000
(2,0) 1.000000 0.000000 0.000000 0.000000 0.000000 0.000000 0.000000
(3,0) 1.000000 0.000000 0.000000 0.000000 0.000000 0.000000 0.000000
(4,0) 1.000000 0.000000 0.000000 0.000000 0.000000 0.000000 0.000000
(5,0) 1.000000 0.000000 0.000000 0.000000 0.000000 0.000000 0.000000

Active reward vector:
        Active
(0,1)  -5.0000
(0,0) -95.5000
(1,0) -95.5000
(2,0) -95.5000
(3,0) -95.5000
(4,0) -95.5000
(5,0) -95.5000

--- Discounted Whittle Indices (beta=0.9) ---
       ClosedForm         VI         PI    Package
(0,1)   97.078527  97.078532  97.078532  97.078527
(0,0)   10.592847  10.592848  10.592848  10.592847
(1,0)   98.699372  98.699391  98.699391  98.699372
(2,0)  193.634820 193.634808 193.634808 193.634820
(3,0)  306.325624 306.325614 306.325614 306.325624
(4,0)  372.569079 372.569084 372.569084 372.569079
(5,0)  404.500000 404.500008 404.500008 404.500000

Discounted monotonicity (closed-form): PASS
Indices are strictly increasing in the expected state ordering.

Discounted indexability verification: PASS
Discounted verification passed for 22 test W values.

--- Average-Cost Whittle Indices ---
             RVI         PI    Package
(0,1) 105.227285 105.227285 105.227285
(0,0)  19.642847  19.642847  19.642847
(1,0) 104.953877 104.953877 104.953877
(2,0) 202.089096 202.089096 202.089096
(3,0) 314.117757 314.117757 314.117757
(4,0) 376.043611 376.043611 376.043611
(5,0) 404.500000 404.500000 404.500000

Average-cost monotonicity (RVI): FAIL
Monotonicity broken: (0,1) (105.2273) >= (1,0) (104.9539)

Average-cost indexability verification: PASS
Average-cost verification passed for 22 test W values.

================================================================================
INSTANCE 11
================================================================================
C=5.0, K=500.0, C_switch=90.5, beta=0.95
Survival probabilities: [0.9507, 0.732 , 0.5987, 0.3745, 0.156 , 0.    ]
--------------------------------------------------------------------------------

Passive transition matrix:
         (0,1)    (0,0)    (1,0)    (2,0)    (3,0)    (4,0)    (5,0)
(0,1) 0.000000 0.049286 0.950714 0.000000 0.000000 0.000000 0.000000
(0,0) 0.000000 0.049286 0.950714 0.000000 0.000000 0.000000 0.000000
(1,0) 0.000000 0.268006 0.000000 0.731994 0.000000 0.000000 0.000000
(2,0) 0.000000 0.401342 0.000000 0.000000 0.598658 0.000000 0.000000
(3,0) 0.000000 0.625460 0.000000 0.000000 0.000000 0.374540 0.000000
(4,0) 0.000000 0.843981 0.000000 0.000000 0.000000 0.000000 0.156019
(5,0) 0.000000 1.000000 0.000000 0.000000 0.000000 0.000000 0.000000

Passive reward vector:
        Passive
(0,1)  -24.6428
(0,0)  -24.6428
(1,0) -134.0030
(2,0) -200.6708
(3,0) -312.7299
(4,0) -421.9907
(5,0) -500.0000

Active transition matrix:
         (0,1)    (0,0)    (1,0)    (2,0)    (3,0)    (4,0)    (5,0)
(0,1) 1.000000 0.000000 0.000000 0.000000 0.000000 0.000000 0.000000
(0,0) 1.000000 0.000000 0.000000 0.000000 0.000000 0.000000 0.000000
(1,0) 1.000000 0.000000 0.000000 0.000000 0.000000 0.000000 0.000000
(2,0) 1.000000 0.000000 0.000000 0.000000 0.000000 0.000000 0.000000
(3,0) 1.000000 0.000000 0.000000 0.000000 0.000000 0.000000 0.000000
(4,0) 1.000000 0.000000 0.000000 0.000000 0.000000 0.000000 0.000000
(5,0) 1.000000 0.000000 0.000000 0.000000 0.000000 0.000000 0.000000

Active reward vector:
        Active
(0,1)  -5.0000
(0,0) -95.5000
(1,0) -95.5000
(2,0) -95.5000
(3,0) -95.5000
(4,0) -95.5000
(5,0) -95.5000

--- Discounted Whittle Indices (beta=0.95) ---
       ClosedForm         VI         PI    Package
(0,1)  101.380509 101.380527 101.380527 101.380509
(0,0)   15.117847  15.117854  15.117854  15.117847
(1,0)  101.468277 101.468265 101.468265 101.468277
(2,0)  197.903252 197.903246 197.903246 197.903252
(3,0)  310.289854 310.289860 310.289860 310.289854
(4,0)  374.350512 374.350518 374.350518 374.350512
(5,0)  404.500000 404.500008 404.500008 404.500000

Discounted monotonicity (closed-form): PASS
Indices are strictly increasing in the expected state ordering.

Discounted indexability verification: PASS
Discounted verification passed for 22 test W values.

--- Average-Cost Whittle Indices ---
             RVI         PI    Package
(0,1) 105.227285 105.227285 105.227285
(0,0)  19.642847  19.642847  19.642847
(1,0) 104.953877 104.953877 104.953877
(2,0) 202.089096 202.089096 202.089096
(3,0) 314.117757 314.117757 314.117757
(4,0) 376.043611 376.043611 376.043611
(5,0) 404.500000 404.500000 404.500000

Average-cost monotonicity (RVI): FAIL
Monotonicity broken: (0,1) (105.2273) >= (1,0) (104.9539)

Average-cost indexability verification: PASS
Average-cost verification passed for 22 test W values.

================================================================================
INSTANCE 12
================================================================================
C=5.0, K=500.0, C_switch=90.5, beta=0.9999
Survival probabilities: [0.9507, 0.732 , 0.5987, 0.3745, 0.156 , 0.    ]
--------------------------------------------------------------------------------

Passive transition matrix:
         (0,1)    (0,0)    (1,0)    (2,0)    (3,0)    (4,0)    (5,0)
(0,1) 0.000000 0.049286 0.950714 0.000000 0.000000 0.000000 0.000000
(0,0) 0.000000 0.049286 0.950714 0.000000 0.000000 0.000000 0.000000
(1,0) 0.000000 0.268006 0.000000 0.731994 0.000000 0.000000 0.000000
(2,0) 0.000000 0.401342 0.000000 0.000000 0.598658 0.000000 0.000000
(3,0) 0.000000 0.625460 0.000000 0.000000 0.000000 0.374540 0.000000
(4,0) 0.000000 0.843981 0.000000 0.000000 0.000000 0.000000 0.156019
(5,0) 0.000000 1.000000 0.000000 0.000000 0.000000 0.000000 0.000000

Passive reward vector:
        Passive
(0,1)  -24.6428
(0,0)  -24.6428
(1,0) -134.0030
(2,0) -200.6708
(3,0) -312.7299
(4,0) -421.9907
(5,0) -500.0000

Active transition matrix:
         (0,1)    (0,0)    (1,0)    (2,0)    (3,0)    (4,0)    (5,0)
(0,1) 1.000000 0.000000 0.000000 0.000000 0.000000 0.000000 0.000000
(0,0) 1.000000 0.000000 0.000000 0.000000 0.000000 0.000000 0.000000
(1,0) 1.000000 0.000000 0.000000 0.000000 0.000000 0.000000 0.000000
(2,0) 1.000000 0.000000 0.000000 0.000000 0.000000 0.000000 0.000000
(3,0) 1.000000 0.000000 0.000000 0.000000 0.000000 0.000000 0.000000
(4,0) 1.000000 0.000000 0.000000 0.000000 0.000000 0.000000 0.000000
(5,0) 1.000000 0.000000 0.000000 0.000000 0.000000 0.000000 0.000000

Active reward vector:
        Active
(0,1)  -5.0000
(0,0) -95.5000
(1,0) -95.5000
(2,0) -95.5000
(3,0) -95.5000
(4,0) -95.5000
(5,0) -95.5000

--- Discounted Whittle Indices (beta=0.9999) ---
       ClosedForm         VI         PI    Package
(0,1)  105.673888 105.219677 105.219677 105.219669
(0,0)   19.633797  19.633800  19.633800  19.633797
(1,0)  104.182101 104.946800 104.946800 104.946800
(2,0)  202.080807 202.080816 202.080816 202.080807
(3,0)  314.110238 314.110249 314.110249 314.110238
(4,0)  376.040311 376.040310 376.040310 376.040311
(5,0)  404.500000 404.500008 404.500008 404.500000

Discounted monotonicity (closed-form): FAIL
Monotonicity broken: (0,1) (105.6739) >= (1,0) (104.1821)

Discounted indexability verification: FAIL
Discounted verification FAILED: first errors:
W=104.182102, (1,0): passive but Q1 > Q0
W=105.673887, (0,1): active but Q0 > Q1
W=105.673888, (0,1): active but Q0 > Q1

--- Average-Cost Whittle Indices ---
             RVI         PI    Package
(0,1) 105.227285 105.227285 105.227285
(0,0)  19.642847  19.642847  19.642847
(1,0) 104.953877 104.953877 104.953877
(2,0) 202.089096 202.089096 202.089096
(3,0) 314.117757 314.117757 314.117757
(4,0) 376.043611 376.043611 376.043611
(5,0) 404.500000 404.500000 404.500000

Average-cost monotonicity (RVI): FAIL
Monotonicity broken: (0,1) (105.2273) >= (1,0) (104.9539)

Average-cost indexability verification: PASS
Average-cost verification passed for 22 test W values.

================================================================================
INSTANCE 13
================================================================================
C=5.0, K=500.0, C_switch=91.0, beta=0.9
Survival probabilities: [0.9507, 0.732 , 0.5987, 0.3745, 0.156 , 0.    ]
--------------------------------------------------------------------------------

Passive transition matrix:
         (0,1)    (0,0)    (1,0)    (2,0)    (3,0)    (4,0)    (5,0)
(0,1) 0.000000 0.049286 0.950714 0.000000 0.000000 0.000000 0.000000
(0,0) 0.000000 0.049286 0.950714 0.000000 0.000000 0.000000 0.000000
(1,0) 0.000000 0.268006 0.000000 0.731994 0.000000 0.000000 0.000000
(2,0) 0.000000 0.401342 0.000000 0.000000 0.598658 0.000000 0.000000
(3,0) 0.000000 0.625460 0.000000 0.000000 0.000000 0.374540 0.000000
(4,0) 0.000000 0.843981 0.000000 0.000000 0.000000 0.000000 0.156019
(5,0) 0.000000 1.000000 0.000000 0.000000 0.000000 0.000000 0.000000

Passive reward vector:
        Passive
(0,1)  -24.6428
(0,0)  -24.6428
(1,0) -134.0030
(2,0) -200.6708
(3,0) -312.7299
(4,0) -421.9907
(5,0) -500.0000

Active transition matrix:
         (0,1)    (0,0)    (1,0)    (2,0)    (3,0)    (4,0)    (5,0)
(0,1) 1.000000 0.000000 0.000000 0.000000 0.000000 0.000000 0.000000
(0,0) 1.000000 0.000000 0.000000 0.000000 0.000000 0.000000 0.000000
(1,0) 1.000000 0.000000 0.000000 0.000000 0.000000 0.000000 0.000000
(2,0) 1.000000 0.000000 0.000000 0.000000 0.000000 0.000000 0.000000
(3,0) 1.000000 0.000000 0.000000 0.000000 0.000000 0.000000 0.000000
(4,0) 1.000000 0.000000 0.000000 0.000000 0.000000 0.000000 0.000000
(5,0) 1.000000 0.000000 0.000000 0.000000 0.000000 0.000000 0.000000

Active reward vector:
        Active
(0,1)  -5.0000
(0,0) -96.0000
(1,0) -96.0000
(2,0) -96.0000
(3,0) -96.0000
(4,0) -96.0000
(5,0) -96.0000

--- Discounted Whittle Indices (beta=0.9) ---
       ClosedForm         VI         PI    Package
(0,1)   97.506348  97.506344  97.506344  97.506348
(0,0)   10.542847  10.542840  10.542840  10.542847
(1,0)   98.199372  98.199368  98.199368  98.199372
(2,0)  193.134820 193.134815 193.134815 193.134820
(3,0)  305.825624 305.825621 305.825621 305.825624
(4,0)  372.069079 372.069076 372.069076 372.069079
(5,0)  404.000000 403.999999 403.999999 404.000000

Discounted monotonicity (closed-form): PASS
Indices are strictly increasing in the expected state ordering.

Discounted indexability verification: PASS
Discounted verification passed for 22 test W values.

--- Average-Cost Whittle Indices ---
             RVI         PI    Package
(0,1) 105.405660 105.405660 105.405660
(0,0)  19.642847  19.642847  19.642847
(1,0) 104.953877 104.953877 104.953877
(2,0) 201.589096 201.589096 201.589096
(3,0) 313.617757 313.617757 313.617757
(4,0) 375.543611 375.543611 375.543611
(5,0) 404.000000 404.000000 404.000000

Average-cost monotonicity (RVI): FAIL
Monotonicity broken: (0,1) (105.4057) >= (1,0) (104.9539)

Average-cost indexability verification: PASS
Average-cost verification passed for 22 test W values.

================================================================================
INSTANCE 14
================================================================================
C=5.0, K=500.0, C_switch=91.0, beta=0.95
Survival probabilities: [0.9507, 0.732 , 0.5987, 0.3745, 0.156 , 0.    ]
--------------------------------------------------------------------------------

Passive transition matrix:
         (0,1)    (0,0)    (1,0)    (2,0)    (3,0)    (4,0)    (5,0)
(0,1) 0.000000 0.049286 0.950714 0.000000 0.000000 0.000000 0.000000
(0,0) 0.000000 0.049286 0.950714 0.000000 0.000000 0.000000 0.000000
(1,0) 0.000000 0.268006 0.000000 0.731994 0.000000 0.000000 0.000000
(2,0) 0.000000 0.401342 0.000000 0.000000 0.598658 0.000000 0.000000
(3,0) 0.000000 0.625460 0.000000 0.000000 0.000000 0.374540 0.000000
(4,0) 0.000000 0.843981 0.000000 0.000000 0.000000 0.000000 0.156019
(5,0) 0.000000 1.000000 0.000000 0.000000 0.000000 0.000000 0.000000

Passive reward vector:
        Passive
(0,1)  -24.6428
(0,0)  -24.6428
(1,0) -134.0030
(2,0) -200.6708
(3,0) -312.7299
(4,0) -421.9907
(5,0) -500.0000

Active transition matrix:
         (0,1)    (0,0)    (1,0)    (2,0)    (3,0)    (4,0)    (5,0)
(0,1) 1.000000 0.000000 0.000000 0.000000 0.000000 0.000000 0.000000
(0,0) 1.000000 0.000000 0.000000 0.000000 0.000000 0.000000 0.000000
(1,0) 1.000000 0.000000 0.000000 0.000000 0.000000 0.000000 0.000000
(2,0) 1.000000 0.000000 0.000000 0.000000 0.000000 0.000000 0.000000
(3,0) 1.000000 0.000000 0.000000 0.000000 0.000000 0.000000 0.000000
(4,0) 1.000000 0.000000 0.000000 0.000000 0.000000 0.000000 0.000000
(5,0) 1.000000 0.000000 0.000000 0.000000 0.000000 0.000000 0.000000

Active reward vector:
        Active
(0,1)  -5.0000
(0,0) -96.0000
(1,0) -96.0000
(2,0) -96.0000
(3,0) -96.0000
(4,0) -96.0000
(5,0) -96.0000

--- Discounted Whittle Indices (beta=0.95) ---
       ClosedForm         VI         PI    Package
(0,1)  101.832099 101.571947 101.571947 101.571946
(0,0)   15.092847  15.092850  15.092850  15.092847
(1,0)  100.968277 101.399466 101.399466 101.399467
(2,0)  197.403252 197.403252 197.403252 197.403252
(3,0)  309.789854 309.789866 309.789866 309.789854
(4,0)  373.850512 373.850510 373.850510 373.850512
(5,0)  404.000000 403.999999 403.999999 404.000000

Discounted monotonicity (closed-form): FAIL
Monotonicity broken: (0,1) (101.8321) >= (1,0) (100.9683)

Discounted indexability verification: FAIL
Discounted verification FAILED: first errors:
W=100.968278, (1,0): passive but Q1 > Q0
W=101.832098, (0,1): active but Q0 > Q1
W=101.832099, (0,1): active but Q0 > Q1

--- Average-Cost Whittle Indices ---
             RVI         PI    Package
(0,1) 105.405660 105.405660 105.405660
(0,0)  19.642847  19.642847  19.642847
(1,0) 104.953877 104.953877 104.953877
(2,0) 201.589096 201.589096 201.589096
(3,0) 313.617757 313.617757 313.617757
(4,0) 375.543611 375.543611 375.543611
(5,0) 404.000000 404.000000 404.000000

Average-cost monotonicity (RVI): FAIL
Monotonicity broken: (0,1) (105.4057) >= (1,0) (104.9539)

Average-cost indexability verification: PASS
Average-cost verification passed for 22 test W values.

================================================================================
INSTANCE 15
================================================================================
C=5.0, K=500.0, C_switch=91.0, beta=0.9999
Survival probabilities: [0.9507, 0.732 , 0.5987, 0.3745, 0.156 , 0.    ]
--------------------------------------------------------------------------------

Passive transition matrix:
         (0,1)    (0,0)    (1,0)    (2,0)    (3,0)    (4,0)    (5,0)
(0,1) 0.000000 0.049286 0.950714 0.000000 0.000000 0.000000 0.000000
(0,0) 0.000000 0.049286 0.950714 0.000000 0.000000 0.000000 0.000000
(1,0) 0.000000 0.268006 0.000000 0.731994 0.000000 0.000000 0.000000
(2,0) 0.000000 0.401342 0.000000 0.000000 0.598658 0.000000 0.000000
(3,0) 0.000000 0.625460 0.000000 0.000000 0.000000 0.374540 0.000000
(4,0) 0.000000 0.843981 0.000000 0.000000 0.000000 0.000000 0.156019
(5,0) 0.000000 1.000000 0.000000 0.000000 0.000000 0.000000 0.000000

Passive reward vector:
        Passive
(0,1)  -24.6428
(0,0)  -24.6428
(1,0) -134.0030
(2,0) -200.6708
(3,0) -312.7299
(4,0) -421.9907
(5,0) -500.0000

Active transition matrix:
         (0,1)    (0,0)    (1,0)    (2,0)    (3,0)    (4,0)    (5,0)
(0,1) 1.000000 0.000000 0.000000 0.000000 0.000000 0.000000 0.000000
(0,0) 1.000000 0.000000 0.000000 0.000000 0.000000 0.000000 0.000000
(1,0) 1.000000 0.000000 0.000000 0.000000 0.000000 0.000000 0.000000
(2,0) 1.000000 0.000000 0.000000 0.000000 0.000000 0.000000 0.000000
(3,0) 1.000000 0.000000 0.000000 0.000000 0.000000 0.000000 0.000000
(4,0) 1.000000 0.000000 0.000000 0.000000 0.000000 0.000000 0.000000
(5,0) 1.000000 0.000000 0.000000 0.000000 0.000000 0.000000 0.000000

Active reward vector:
        Active
(0,1)  -5.0000
(0,0) -96.0000
(1,0) -96.0000
(2,0) -96.0000
(3,0) -96.0000
(4,0) -96.0000
(5,0) -96.0000

--- Discounted Whittle Indices (beta=0.9999) ---
       ClosedForm         VI         PI    Package
(0,1)  106.149197 105.398029 105.398029 105.398017
(0,0)   19.633747  19.633740  19.633740  19.633747
(1,0)  103.682101 104.946747 104.946747 104.946750
(2,0)  201.580807 201.580822 201.580822 201.580807
(3,0)  313.610238 313.610226 313.610226 313.610238
(4,0)  375.540311 375.540316 375.540316 375.540311
(5,0)  404.000000 403.999999 403.999999 404.000000

Discounted monotonicity (closed-form): FAIL
Monotonicity broken: (0,1) (106.1492) >= (1,0) (103.6821)

Discounted indexability verification: FAIL
Discounted verification FAILED: first errors:
W=103.682102, (1,0): passive but Q1 > Q0
W=106.149196, (0,1): active but Q0 > Q1
W=106.149197, (0,1): active but Q0 > Q1

--- Average-Cost Whittle Indices ---
             RVI         PI    Package
(0,1) 105.405660 105.405660 105.405660
(0,0)  19.642847  19.642847  19.642847
(1,0) 104.953877 104.953877 104.953877
(2,0) 201.589096 201.589096 201.589096
(3,0) 313.617757 313.617757 313.617757
(4,0) 375.543611 375.543611 375.543611
(5,0) 404.000000 404.000000 404.000000

Average-cost monotonicity (RVI): FAIL
Monotonicity broken: (0,1) (105.4057) >= (1,0) (104.9539)

Average-cost indexability verification: PASS
Average-cost verification passed for 22 test W values.

================================================================================
INSTANCE 16
================================================================================
C=5.0, K=500.0, C_switch=100.0, beta=0.9
Survival probabilities: [0.9507, 0.732 , 0.5987, 0.3745, 0.156 , 0.    ]
--------------------------------------------------------------------------------

Passive transition matrix:
         (0,1)    (0,0)    (1,0)    (2,0)    (3,0)    (4,0)    (5,0)
(0,1) 0.000000 0.049286 0.950714 0.000000 0.000000 0.000000 0.000000
(0,0) 0.000000 0.049286 0.950714 0.000000 0.000000 0.000000 0.000000
(1,0) 0.000000 0.268006 0.000000 0.731994 0.000000 0.000000 0.000000
(2,0) 0.000000 0.401342 0.000000 0.000000 0.598658 0.000000 0.000000
(3,0) 0.000000 0.625460 0.000000 0.000000 0.000000 0.374540 0.000000
(4,0) 0.000000 0.843981 0.000000 0.000000 0.000000 0.000000 0.156019
(5,0) 0.000000 1.000000 0.000000 0.000000 0.000000 0.000000 0.000000

Passive reward vector:
        Passive
(0,1)  -24.6428
(0,0)  -24.6428
(1,0) -134.0030
(2,0) -200.6708
(3,0) -312.7299
(4,0) -421.9907
(5,0) -500.0000

Active transition matrix:
         (0,1)    (0,0)    (1,0)    (2,0)    (3,0)    (4,0)    (5,0)
(0,1) 1.000000 0.000000 0.000000 0.000000 0.000000 0.000000 0.000000
(0,0) 1.000000 0.000000 0.000000 0.000000 0.000000 0.000000 0.000000
(1,0) 1.000000 0.000000 0.000000 0.000000 0.000000 0.000000 0.000000
(2,0) 1.000000 0.000000 0.000000 0.000000 0.000000 0.000000 0.000000
(3,0) 1.000000 0.000000 0.000000 0.000000 0.000000 0.000000 0.000000
(4,0) 1.000000 0.000000 0.000000 0.000000 0.000000 0.000000 0.000000
(5,0) 1.000000 0.000000 0.000000 0.000000 0.000000 0.000000 0.000000

Active reward vector:
         Active
(0,1)   -5.0000
(0,0) -105.0000
(1,0) -105.0000
(2,0) -105.0000
(3,0) -105.0000
(4,0) -105.0000
(5,0) -105.0000

--- Discounted Whittle Indices (beta=0.9) ---
       ClosedForm         VI         PI    Package
(0,1)  105.207134 100.446403 100.446403 100.446405
(0,0)    9.642847   9.642839   9.642839   9.642847
(1,0)   89.199372  96.963257  96.963257  96.963250
(2,0)  184.134820 184.134811 184.134811 184.134820
(3,0)  296.825624 296.825618 296.825618 296.825624
(4,0)  363.069079 363.069087 363.069087 363.069079
(5,0)  395.000000 394.999996 394.999996 395.000000

Discounted monotonicity (closed-form): FAIL
Monotonicity broken: (0,1) (105.2071) >= (1,0) (89.1994)

Discounted indexability verification: FAIL
Discounted verification FAILED: first errors:
W=89.199373, (1,0): passive but Q1 > Q0
W=105.207133, (0,1): active but Q0 > Q1
W=105.207134, (0,1): active but Q0 > Q1

--- Average-Cost Whittle Indices ---
             RVI         PI    Package
(0,1) 108.616409 108.616409 108.616409
(0,0)  19.642847  19.642847  19.642847
(1,0) 104.953877 104.953877 104.953877
(2,0) 192.589096 192.589096 192.589096
(3,0) 304.617757 304.617757 304.617757
(4,0) 366.543611 366.543611 366.543611
(5,0) 395.000000 395.000000 395.000000

Average-cost monotonicity (RVI): FAIL
Monotonicity broken: (0,1) (108.6164) >= (1,0) (104.9539)

Average-cost indexability verification: PASS
Average-cost verification passed for 22 test W values.

================================================================================
INSTANCE 17
================================================================================
C=5.0, K=500.0, C_switch=100.0, beta=0.95
Survival probabilities: [0.9507, 0.732 , 0.5987, 0.3745, 0.156 , 0.    ]
--------------------------------------------------------------------------------

Passive transition matrix:
         (0,1)    (0,0)    (1,0)    (2,0)    (3,0)    (4,0)    (5,0)
(0,1) 0.000000 0.049286 0.950714 0.000000 0.000000 0.000000 0.000000
(0,0) 0.000000 0.049286 0.950714 0.000000 0.000000 0.000000 0.000000
(1,0) 0.000000 0.268006 0.000000 0.731994 0.000000 0.000000 0.000000
(2,0) 0.000000 0.401342 0.000000 0.000000 0.598658 0.000000 0.000000
(3,0) 0.000000 0.625460 0.000000 0.000000 0.000000 0.374540 0.000000
(4,0) 0.000000 0.843981 0.000000 0.000000 0.000000 0.000000 0.156019
(5,0) 0.000000 1.000000 0.000000 0.000000 0.000000 0.000000 0.000000

Passive reward vector:
        Passive
(0,1)  -24.6428
(0,0)  -24.6428
(1,0) -134.0030
(2,0) -200.6708
(3,0) -312.7299
(4,0) -421.9907
(5,0) -500.0000

Active transition matrix:
         (0,1)    (0,0)    (1,0)    (2,0)    (3,0)    (4,0)    (5,0)
(0,1) 1.000000 0.000000 0.000000 0.000000 0.000000 0.000000 0.000000
(0,0) 1.000000 0.000000 0.000000 0.000000 0.000000 0.000000 0.000000
(1,0) 1.000000 0.000000 0.000000 0.000000 0.000000 0.000000 0.000000
(2,0) 1.000000 0.000000 0.000000 0.000000 0.000000 0.000000 0.000000
(3,0) 1.000000 0.000000 0.000000 0.000000 0.000000 0.000000 0.000000
(4,0) 1.000000 0.000000 0.000000 0.000000 0.000000 0.000000 0.000000
(5,0) 1.000000 0.000000 0.000000 0.000000 0.000000 0.000000 0.000000

Active reward vector:
         Active
(0,1)   -5.0000
(0,0) -105.0000
(1,0) -105.0000
(2,0) -105.0000
(3,0) -105.0000
(4,0) -105.0000
(5,0) -105.0000

--- Discounted Whittle Indices (beta=0.95) ---
       ClosedForm         VI         PI    Package
(0,1)  109.960706 104.542032 104.542032 104.542023
(0,0)   14.642847  14.642850  14.642850  14.642847
(1,0)   91.968277 100.949466 100.949466 100.949467
(2,0)  188.403252 188.403249 188.403249 188.403252
(3,0)  300.789854 300.789863 300.789863 300.789854
(4,0)  364.850512 364.850521 364.850521 364.850512
(5,0)  395.000000 394.999996 394.999996 395.000000

Discounted monotonicity (closed-form): FAIL
Monotonicity broken: (0,1) (109.9607) >= (1,0) (91.9683)

Discounted indexability verification: FAIL
Discounted verification FAILED: first errors:
W=91.968278, (1,0): passive but Q1 > Q0
W=109.960705, (0,1): active but Q0 > Q1
W=109.960706, (0,1): active but Q0 > Q1

--- Average-Cost Whittle Indices ---
             RVI         PI    Package
(0,1) 108.616409 108.616409 108.616409
(0,0)  19.642847  19.642847  19.642847
(1,0) 104.953877 104.953877 104.953877
(2,0) 192.589096 192.589096 192.589096
(3,0) 304.617757 304.617757 304.617757
(4,0) 366.543611 366.543611 366.543611
(5,0) 395.000000 395.000000 395.000000

Average-cost monotonicity (RVI): FAIL
Monotonicity broken: (0,1) (108.6164) >= (1,0) (104.9539)

Average-cost indexability verification: PASS
Average-cost verification passed for 22 test W values.

================================================================================
INSTANCE 18
================================================================================
C=5.0, K=500.0, C_switch=100.0, beta=0.9999
Survival probabilities: [0.9507, 0.732 , 0.5987, 0.3745, 0.156 , 0.    ]
--------------------------------------------------------------------------------

Passive transition matrix:
         (0,1)    (0,0)    (1,0)    (2,0)    (3,0)    (4,0)    (5,0)
(0,1) 0.000000 0.049286 0.950714 0.000000 0.000000 0.000000 0.000000
(0,0) 0.000000 0.049286 0.950714 0.000000 0.000000 0.000000 0.000000
(1,0) 0.000000 0.268006 0.000000 0.731994 0.000000 0.000000 0.000000
(2,0) 0.000000 0.401342 0.000000 0.000000 0.598658 0.000000 0.000000
(3,0) 0.000000 0.625460 0.000000 0.000000 0.000000 0.374540 0.000000
(4,0) 0.000000 0.843981 0.000000 0.000000 0.000000 0.000000 0.156019
(5,0) 0.000000 1.000000 0.000000 0.000000 0.000000 0.000000 0.000000

Passive reward vector:
        Passive
(0,1)  -24.6428
(0,0)  -24.6428
(1,0) -134.0030
(2,0) -200.6708
(3,0) -312.7299
(4,0) -421.9907
(5,0) -500.0000

Active transition matrix:
         (0,1)    (0,0)    (1,0)    (2,0)    (3,0)    (4,0)    (5,0)
(0,1) 1.000000 0.000000 0.000000 0.000000 0.000000 0.000000 0.000000
(0,0) 1.000000 0.000000 0.000000 0.000000 0.000000 0.000000 0.000000
(1,0) 1.000000 0.000000 0.000000 0.000000 0.000000 0.000000 0.000000
(2,0) 1.000000 0.000000 0.000000 0.000000 0.000000 0.000000 0.000000
(3,0) 1.000000 0.000000 0.000000 0.000000 0.000000 0.000000 0.000000
(4,0) 1.000000 0.000000 0.000000 0.000000 0.000000 0.000000 0.000000
(5,0) 1.000000 0.000000 0.000000 0.000000 0.000000 0.000000 0.000000

Active reward vector:
         Active
(0,1)   -5.0000
(0,0) -105.0000
(1,0) -105.0000
(2,0) -105.0000
(3,0) -105.0000
(4,0) -105.0000
(5,0) -105.0000

--- Discounted Whittle Indices (beta=0.9999) ---
       ClosedForm         VI         PI    Package
(0,1)  114.704770 108.608291 108.608291 108.608281
(0,0)   19.632847  19.632846  19.632846  19.632847
(1,0)   94.682101 104.945853 104.945853 104.945850
(2,0)  192.580807 192.580819 192.580819 192.580807
(3,0)  304.610238 304.610252 304.610252 304.610238
(4,0)  366.540311 366.540313 366.540313 366.540311
(5,0)  395.000000 394.999996 394.999996 395.000000

Discounted monotonicity (closed-form): FAIL
Monotonicity broken: (0,1) (114.7048) >= (1,0) (94.6821)

Discounted indexability verification: FAIL
Discounted verification FAILED: first errors:
W=94.682102, (1,0): passive but Q1 > Q0
W=114.704769, (0,1): active but Q0 > Q1
W=114.704770, (0,1): active but Q0 > Q1

--- Average-Cost Whittle Indices ---
             RVI         PI    Package
(0,1) 108.616409 108.616409 108.616409
(0,0)  19.642847  19.642847  19.642847
(1,0) 104.953877 104.953877 104.953877
(2,0) 192.589096 192.589096 192.589096
(3,0) 304.617757 304.617757 304.617757
(4,0) 366.543611 366.543611 366.543611
(5,0) 395.000000 395.000000 395.000000

Average-cost monotonicity (RVI): FAIL
Monotonicity broken: (0,1) (108.6164) >= (1,0) (104.9539)

Average-cost indexability verification: PASS
Average-cost verification passed for 22 test W values.

================================================================================
INSTANCE 19
================================================================================
C=5.0, K=500.0, C_switch=200.0, beta=0.9
Survival probabilities: [0.9507, 0.732 , 0.5987, 0.3745, 0.156 , 0.    ]
--------------------------------------------------------------------------------

Passive transition matrix:
         (0,1)    (0,0)    (1,0)    (2,0)    (3,0)    (4,0)    (5,0)
(0,1) 0.000000 0.049286 0.950714 0.000000 0.000000 0.000000 0.000000
(0,0) 0.000000 0.049286 0.950714 0.000000 0.000000 0.000000 0.000000
(1,0) 0.000000 0.268006 0.000000 0.731994 0.000000 0.000000 0.000000
(2,0) 0.000000 0.401342 0.000000 0.000000 0.598658 0.000000 0.000000
(3,0) 0.000000 0.625460 0.000000 0.000000 0.000000 0.374540 0.000000
(4,0) 0.000000 0.843981 0.000000 0.000000 0.000000 0.000000 0.156019
(5,0) 0.000000 1.000000 0.000000 0.000000 0.000000 0.000000 0.000000

Passive reward vector:
        Passive
(0,1)  -24.6428
(0,0)  -24.6428
(1,0) -134.0030
(2,0) -200.6708
(3,0) -312.7299
(4,0) -421.9907
(5,0) -500.0000

Active transition matrix:
         (0,1)    (0,0)    (1,0)    (2,0)    (3,0)    (4,0)    (5,0)
(0,1) 1.000000 0.000000 0.000000 0.000000 0.000000 0.000000 0.000000
(0,0) 1.000000 0.000000 0.000000 0.000000 0.000000 0.000000 0.000000
(1,0) 1.000000 0.000000 0.000000 0.000000 0.000000 0.000000 0.000000
(2,0) 1.000000 0.000000 0.000000 0.000000 0.000000 0.000000 0.000000
(3,0) 1.000000 0.000000 0.000000 0.000000 0.000000 0.000000 0.000000
(4,0) 1.000000 0.000000 0.000000 0.000000 0.000000 0.000000 0.000000
(5,0) 1.000000 0.000000 0.000000 0.000000 0.000000 0.000000 0.000000

Active reward vector:
         Active
(0,1)   -5.0000
(0,0) -205.0000
(1,0) -205.0000
(2,0) -205.0000
(3,0) -205.0000
(4,0) -205.0000
(5,0) -205.0000

--- Discounted Whittle Indices (beta=0.9) ---
       ClosedForm         VI         PI    Package
(0,1)  190.771422 124.440894 124.440894 124.440890
(0,0)   -0.357153  -0.357151  -0.357151  -0.357153
(1,0)  -10.800628  86.963251  86.963251  86.963250
(2,0)   84.134820 116.364323 116.364323 116.364322
(3,0)  196.825624 196.825624 196.825624 196.825624
(4,0)  263.069079 263.069078 263.069078 263.069079
(5,0)  295.000000 295.000002 295.000002 295.000000

Discounted monotonicity (closed-form): FAIL
Monotonicity broken: (0,1) (190.7714) >= (1,0) (-10.8006)

Discounted indexability verification: FAIL
Discounted verification FAILED: first errors:
W=-10.800627, (1,0): passive but Q1 > Q0
W=-0.357154, (1,0): passive but Q1 > Q0
W=-0.357153, (1,0): passive but Q1 > Q0
W=-0.357152, (0,0): passive but Q1 > Q0
W=-0.357152, (1,0): passive but Q1 > Q0
W=84.134819, (1,0): passive but Q1 > Q0
W=84.134820, (1,0): passive but Q1 > Q0
W=84.134821, (1,0): passive but Q1 > Q0
W=84.134821, (2,0): passive but Q1 > Q0
W=190.771421, (0,1): active but Q0 > Q1

--- Average-Cost Whittle Indices ---
             RVI         PI    Package
(0,1) 136.695210 136.695210 136.695210
(0,0)  19.642847  19.642847  19.642847
(1,0) 104.953877 104.953877 104.953877
(2,0) 130.696563 130.696563 130.696563
(3,0) 204.617757 204.617757 204.617757
(4,0) 266.543611 266.543611 266.543611
(5,0) 295.000000 295.000000 295.000000

Average-cost monotonicity (RVI): FAIL
Monotonicity broken: (0,1) (136.6952) >= (1,0) (104.9539)

Average-cost indexability verification: PASS
Average-cost verification passed for 22 test W values.

================================================================================
INSTANCE 20
================================================================================
C=5.0, K=500.0, C_switch=200.0, beta=0.95
Survival probabilities: [0.9507, 0.732 , 0.5987, 0.3745, 0.156 , 0.    ]
--------------------------------------------------------------------------------

Passive transition matrix:
         (0,1)    (0,0)    (1,0)    (2,0)    (3,0)    (4,0)    (5,0)
(0,1) 0.000000 0.049286 0.950714 0.000000 0.000000 0.000000 0.000000
(0,0) 0.000000 0.049286 0.950714 0.000000 0.000000 0.000000 0.000000
(1,0) 0.000000 0.268006 0.000000 0.731994 0.000000 0.000000 0.000000
(2,0) 0.000000 0.401342 0.000000 0.000000 0.598658 0.000000 0.000000
(3,0) 0.000000 0.625460 0.000000 0.000000 0.000000 0.374540 0.000000
(4,0) 0.000000 0.843981 0.000000 0.000000 0.000000 0.000000 0.156019
(5,0) 0.000000 1.000000 0.000000 0.000000 0.000000 0.000000 0.000000

Passive reward vector:
        Passive
(0,1)  -24.6428
(0,0)  -24.6428
(1,0) -134.0030
(2,0) -200.6708
(3,0) -312.7299
(4,0) -421.9907
(5,0) -500.0000

Active transition matrix:
         (0,1)    (0,0)    (1,0)    (2,0)    (3,0)    (4,0)    (5,0)
(0,1) 1.000000 0.000000 0.000000 0.000000 0.000000 0.000000 0.000000
(0,0) 1.000000 0.000000 0.000000 0.000000 0.000000 0.000000 0.000000
(1,0) 1.000000 0.000000 0.000000 0.000000 0.000000 0.000000 0.000000
(2,0) 1.000000 0.000000 0.000000 0.000000 0.000000 0.000000 0.000000
(3,0) 1.000000 0.000000 0.000000 0.000000 0.000000 0.000000 0.000000
(4,0) 1.000000 0.000000 0.000000 0.000000 0.000000 0.000000 0.000000
(5,0) 1.000000 0.000000 0.000000 0.000000 0.000000 0.000000 0.000000

Active reward vector:
         Active
(0,1)   -5.0000
(0,0) -205.0000
(1,0) -205.0000
(2,0) -205.0000
(3,0) -205.0000
(4,0) -205.0000
(5,0) -205.0000

--- Discounted Whittle Indices (beta=0.95) ---
       ClosedForm         VI         PI    Package
(0,1)  200.278565 130.563870 130.563870 130.563860
(0,0)    9.642847   9.642839   9.642839   9.642847
(1,0)   -8.031723  95.949471  95.949471  95.949467
(2,0)   88.403252 123.502761 123.502761 123.502759
(3,0)  200.789854 200.789869 200.789869 200.789854
(4,0)  264.850512 264.850512 264.850512 264.850512
(5,0)  295.000000 295.000002 295.000002 295.000000

Discounted monotonicity (closed-form): FAIL
Monotonicity broken: (0,1) (200.2786) >= (1,0) (-8.0317)

Discounted indexability verification: FAIL
Discounted verification FAILED: first errors:
W=-8.031722, (1,0): passive but Q1 > Q0
W=9.642846, (1,0): passive but Q1 > Q0
W=9.642847, (1,0): passive but Q1 > Q0
W=9.642848, (0,0): passive but Q1 > Q0
W=9.642848, (1,0): passive but Q1 > Q0
W=88.403251, (1,0): passive but Q1 > Q0
W=88.403252, (1,0): passive but Q1 > Q0
W=88.403253, (0,0): passive but Q1 > Q0
W=88.403253, (1,0): passive but Q1 > Q0
W=88.403253, (2,0): passive but Q1 > Q0

--- Average-Cost Whittle Indices ---
             RVI         PI    Package
(0,1) 136.695210 136.695210 136.695210
(0,0)  19.642847  19.642847  19.642847
(1,0) 104.953877 104.953877 104.953877
(2,0) 130.696563 130.696563 130.696563
(3,0) 204.617757 204.617757 204.617757
(4,0) 266.543611 266.543611 266.543611
(5,0) 295.000000 295.000000 295.000000

Average-cost monotonicity (RVI): FAIL
Monotonicity broken: (0,1) (136.6952) >= (1,0) (104.9539)

Average-cost indexability verification: PASS
Average-cost verification passed for 22 test W values.

================================================================================
INSTANCE 21
================================================================================
C=5.0, K=500.0, C_switch=200.0, beta=0.9999
Survival probabilities: [0.9507, 0.732 , 0.5987, 0.3745, 0.156 , 0.    ]
--------------------------------------------------------------------------------

Passive transition matrix:
         (0,1)    (0,0)    (1,0)    (2,0)    (3,0)    (4,0)    (5,0)
(0,1) 0.000000 0.049286 0.950714 0.000000 0.000000 0.000000 0.000000
(0,0) 0.000000 0.049286 0.950714 0.000000 0.000000 0.000000 0.000000
(1,0) 0.000000 0.268006 0.000000 0.731994 0.000000 0.000000 0.000000
(2,0) 0.000000 0.401342 0.000000 0.000000 0.598658 0.000000 0.000000
(3,0) 0.000000 0.625460 0.000000 0.000000 0.000000 0.374540 0.000000
(4,0) 0.000000 0.843981 0.000000 0.000000 0.000000 0.000000 0.156019
(5,0) 0.000000 1.000000 0.000000 0.000000 0.000000 0.000000 0.000000

Passive reward vector:
        Passive
(0,1)  -24.6428
(0,0)  -24.6428
(1,0) -134.0030
(2,0) -200.6708
(3,0) -312.7299
(4,0) -421.9907
(5,0) -500.0000

Active transition matrix:
         (0,1)    (0,0)    (1,0)    (2,0)    (3,0)    (4,0)    (5,0)
(0,1) 1.000000 0.000000 0.000000 0.000000 0.000000 0.000000 0.000000
(0,0) 1.000000 0.000000 0.000000 0.000000 0.000000 0.000000 0.000000
(1,0) 1.000000 0.000000 0.000000 0.000000 0.000000 0.000000 0.000000
(2,0) 1.000000 0.000000 0.000000 0.000000 0.000000 0.000000 0.000000
(3,0) 1.000000 0.000000 0.000000 0.000000 0.000000 0.000000 0.000000
(4,0) 1.000000 0.000000 0.000000 0.000000 0.000000 0.000000 0.000000
(5,0) 1.000000 0.000000 0.000000 0.000000 0.000000 0.000000 0.000000

Active reward vector:
         Active
(0,1)   -5.0000
(0,0) -205.0000
(1,0) -205.0000
(2,0) -205.0000
(3,0) -205.0000
(4,0) -205.0000
(5,0) -205.0000

--- Discounted Whittle Indices (beta=0.9999) ---
       ClosedForm         VI         PI    Package
(0,1)  209.766694 136.682943 136.682943 136.682940
(0,0)   19.622847  19.622847  19.622847  19.622847
(1,0)   -5.317899 104.935855 104.935855 104.935850
(2,0)   92.580807 130.682118 130.682118 130.682120
(3,0)  204.610238 204.610229 204.610229 204.610238
(4,0)  266.540311 266.540319 266.540319 266.540311
(5,0)  295.000000 295.000002 295.000002 295.000000

Discounted monotonicity (closed-form): FAIL
Monotonicity broken: (0,1) (209.7667) >= (1,0) (-5.3179)

Discounted indexability verification: FAIL
Discounted verification FAILED: first errors:
W=-5.317898, (1,0): passive but Q1 > Q0
W=19.622846, (1,0): passive but Q1 > Q0
W=19.622847, (1,0): passive but Q1 > Q0
W=19.622848, (0,0): passive but Q1 > Q0
W=19.622848, (1,0): passive but Q1 > Q0
W=92.580806, (1,0): passive but Q1 > Q0
W=92.580807, (1,0): passive but Q1 > Q0
W=92.580808, (0,0): passive but Q1 > Q0
W=92.580808, (1,0): passive but Q1 > Q0
W=92.580808, (2,0): passive but Q1 > Q0

--- Average-Cost Whittle Indices ---
             RVI         PI    Package
(0,1) 136.695210 136.695210 136.695210
(0,0)  19.642847  19.642847  19.642847
(1,0) 104.953877 104.953877 104.953877
(2,0) 130.696563 130.696563 130.696563
(3,0) 204.617757 204.617757 204.617757
(4,0) 266.543611 266.543611 266.543611
(5,0) 295.000000 295.000000 295.000000

Average-cost monotonicity (RVI): FAIL
Monotonicity broken: (0,1) (136.6952) >= (1,0) (104.9539)

Average-cost indexability verification: PASS
Average-cost verification passed for 22 test W values.

================================================================================
INSTANCE 22
================================================================================
C=5.0, K=500.0, C_switch=500.0, beta=0.9
Survival probabilities: [0.9507, 0.732 , 0.5987, 0.3745, 0.156 , 0.    ]
--------------------------------------------------------------------------------

Passive transition matrix:
         (0,1)    (0,0)    (1,0)    (2,0)    (3,0)    (4,0)    (5,0)
(0,1) 0.000000 0.049286 0.950714 0.000000 0.000000 0.000000 0.000000
(0,0) 0.000000 0.049286 0.950714 0.000000 0.000000 0.000000 0.000000
(1,0) 0.000000 0.268006 0.000000 0.731994 0.000000 0.000000 0.000000
(2,0) 0.000000 0.401342 0.000000 0.000000 0.598658 0.000000 0.000000
(3,0) 0.000000 0.625460 0.000000 0.000000 0.000000 0.374540 0.000000
(4,0) 0.000000 0.843981 0.000000 0.000000 0.000000 0.000000 0.156019
(5,0) 0.000000 1.000000 0.000000 0.000000 0.000000 0.000000 0.000000

Passive reward vector:
        Passive
(0,1)  -24.6428
(0,0)  -24.6428
(1,0) -134.0030
(2,0) -200.6708
(3,0) -312.7299
(4,0) -421.9907
(5,0) -500.0000

Active transition matrix:
         (0,1)    (0,0)    (1,0)    (2,0)    (3,0)    (4,0)    (5,0)
(0,1) 1.000000 0.000000 0.000000 0.000000 0.000000 0.000000 0.000000
(0,0) 1.000000 0.000000 0.000000 0.000000 0.000000 0.000000 0.000000
(1,0) 1.000000 0.000000 0.000000 0.000000 0.000000 0.000000 0.000000
(2,0) 1.000000 0.000000 0.000000 0.000000 0.000000 0.000000 0.000000
(3,0) 1.000000 0.000000 0.000000 0.000000 0.000000 0.000000 0.000000
(4,0) 1.000000 0.000000 0.000000 0.000000 0.000000 0.000000 0.000000
(5,0) 1.000000 0.000000 0.000000 0.000000 0.000000 0.000000 0.000000

Active reward vector:
         Active
(0,1)   -5.0000
(0,0) -505.0000
(1,0) -505.0000
(2,0) -505.0000
(3,0) -505.0000
(4,0) -505.0000
(5,0) -505.0000

--- Discounted Whittle Indices (beta=0.9) ---
       ClosedForm         VI         PI    Package
(0,1)  447.464285 135.076210 135.076210 135.076205
(0,0)  -30.357153 -30.357152 -30.357152 -30.357153
(1,0) -310.800628  56.963250  56.963250  56.963250
(2,0) -215.865180  86.364321  86.364321  86.364322
(3,0) -103.174376 108.945407 108.945407 108.945410
(4,0)  -36.930921 117.730018 117.730018 117.730017
(5,0)   -5.000000 121.068586 121.068586 121.068585

Discounted monotonicity (closed-form): FAIL
Monotonicity broken: (0,1) (447.4643) >= (1,0) (-310.8006)

Discounted indexability verification: FAIL
Discounted verification FAILED: first errors:
W=-310.800627, (1,0): passive but Q1 > Q0
W=-215.865181, (1,0): passive but Q1 > Q0
W=-215.865180, (1,0): passive but Q1 > Q0
W=-215.865179, (1,0): passive but Q1 > Q0
W=-215.865179, (2,0): passive but Q1 > Q0
W=-103.174377, (1,0): passive but Q1 > Q0
W=-103.174377, (2,0): passive but Q1 > Q0
W=-103.174376, (1,0): passive but Q1 > Q0
W=-103.174376, (2,0): passive but Q1 > Q0
W=-103.174375, (1,0): passive but Q1 > Q0

--- Average-Cost Whittle Indices ---
             RVI         PI    Package
(0,1) 149.149873 149.148149        NaN
(0,0)  19.642847  19.642847  19.642847
(1,0) 104.953877 104.953877 104.953877
(2,0) 130.696563 130.696563 130.696563
(3,0) 145.933008 145.933008 145.933008
(4,0) 148.934569 148.934569 148.934569
(5,0) 149.134455 149.148149 149.148149

Average-cost monotonicity (RVI): FAIL
Monotonicity broken: (0,1) (149.1499) >= (1,0) (104.9539)

Average-cost indexability verification: FAIL
Average-cost verification FAILED: first errors:
W=149.134456, (0,0): passive but Q1 > Q0
W=149.134456, (1,0): passive but Q1 > Q0
W=149.134456, (1,0): h+g != Q0
W=149.134456, (2,0): passive but Q1 > Q0
W=149.134456, (3,0): passive but Q1 > Q0
W=149.134456, (4,0): passive but Q1 > Q0
W=149.134456, (5,0): passive but Q1 > Q0
W=149.149872, (0,1): active but Q0 > Q1
W=149.149872, (0,0): h+g != Q0
W=149.149872, (1,0): h+g != Q0

================================================================================
INSTANCE 23
================================================================================
C=5.0, K=500.0, C_switch=500.0, beta=0.95
Survival probabilities: [0.9507, 0.732 , 0.5987, 0.3745, 0.156 , 0.    ]
--------------------------------------------------------------------------------

Passive transition matrix:
         (0,1)    (0,0)    (1,0)    (2,0)    (3,0)    (4,0)    (5,0)
(0,1) 0.000000 0.049286 0.950714 0.000000 0.000000 0.000000 0.000000
(0,0) 0.000000 0.049286 0.950714 0.000000 0.000000 0.000000 0.000000
(1,0) 0.000000 0.268006 0.000000 0.731994 0.000000 0.000000 0.000000
(2,0) 0.000000 0.401342 0.000000 0.000000 0.598658 0.000000 0.000000
(3,0) 0.000000 0.625460 0.000000 0.000000 0.000000 0.374540 0.000000
(4,0) 0.000000 0.843981 0.000000 0.000000 0.000000 0.000000 0.156019
(5,0) 0.000000 1.000000 0.000000 0.000000 0.000000 0.000000 0.000000

Passive reward vector:
        Passive
(0,1)  -24.6428
(0,0)  -24.6428
(1,0) -134.0030
(2,0) -200.6708
(3,0) -312.7299
(4,0) -421.9907
(5,0) -500.0000

Active transition matrix:
         (0,1)    (0,0)    (1,0)    (2,0)    (3,0)    (4,0)    (5,0)
(0,1) 1.000000 0.000000 0.000000 0.000000 0.000000 0.000000 0.000000
(0,0) 1.000000 0.000000 0.000000 0.000000 0.000000 0.000000 0.000000
(1,0) 1.000000 0.000000 0.000000 0.000000 0.000000 0.000000 0.000000
(2,0) 1.000000 0.000000 0.000000 0.000000 0.000000 0.000000 0.000000
(3,0) 1.000000 0.000000 0.000000 0.000000 0.000000 0.000000 0.000000
(4,0) 1.000000 0.000000 0.000000 0.000000 0.000000 0.000000 0.000000
(5,0) 1.000000 0.000000 0.000000 0.000000 0.000000 0.000000 0.000000

Active reward vector:
         Active
(0,1)   -5.0000
(0,0) -505.0000
(1,0) -505.0000
(2,0) -505.0000
(3,0) -505.0000
(4,0) -505.0000
(5,0) -505.0000

--- Discounted Whittle Indices (beta=0.95) ---
       ClosedForm         VI         PI    Package
(0,1)  471.232142 142.135434 142.135434 142.135428
(0,0)   -5.357153  -5.357146  -5.357146  -5.357153
(1,0) -308.031723  80.949470  80.949470  80.949467
(2,0) -211.596748 108.502761 108.502761 108.502759
(3,0)  -99.210146 127.325378 127.325378 127.325380
(4,0)  -35.149488 133.093368 133.093368 133.093369
(5,0)   -5.000000 134.778657 134.778657 134.778657

Discounted monotonicity (closed-form): FAIL
Monotonicity broken: (0,1) (471.2321) >= (1,0) (-308.0317)

Discounted indexability verification: FAIL
Discounted verification FAILED: first errors:
W=-308.031722, (1,0): passive but Q1 > Q0
W=-211.596749, (1,0): passive but Q1 > Q0
W=-211.596748, (1,0): passive but Q1 > Q0
W=-211.596747, (1,0): passive but Q1 > Q0
W=-211.596747, (2,0): passive but Q1 > Q0
W=-99.210147, (1,0): passive but Q1 > Q0
W=-99.210147, (2,0): passive but Q1 > Q0
W=-99.210146, (1,0): passive but Q1 > Q0
W=-99.210146, (2,0): passive but Q1 > Q0
W=-99.210145, (1,0): passive but Q1 > Q0

--- Average-Cost Whittle Indices ---
             RVI         PI    Package
(0,1) 149.149873 149.148149        NaN
(0,0)  19.642847  19.642847  19.642847
(1,0) 104.953877 104.953877 104.953877
(2,0) 130.696563 130.696563 130.696563
(3,0) 145.933008 145.933008 145.933008
(4,0) 148.934569 148.934569 148.934569
(5,0) 149.134455 149.148149 149.148149

Average-cost monotonicity (RVI): FAIL
Monotonicity broken: (0,1) (149.1499) >= (1,0) (104.9539)

Average-cost indexability verification: FAIL
Average-cost verification FAILED: first errors:
W=149.134456, (0,0): passive but Q1 > Q0
W=149.134456, (1,0): passive but Q1 > Q0
W=149.134456, (1,0): h+g != Q0
W=149.134456, (2,0): passive but Q1 > Q0
W=149.134456, (3,0): passive but Q1 > Q0
W=149.134456, (4,0): passive but Q1 > Q0
W=149.134456, (5,0): passive but Q1 > Q0
W=149.149872, (0,1): active but Q0 > Q1
W=149.149872, (0,0): h+g != Q0
W=149.149872, (1,0): h+g != Q0

================================================================================
INSTANCE 24
================================================================================
C=5.0, K=500.0, C_switch=500.0, beta=0.9999
Survival probabilities: [0.9507, 0.732 , 0.5987, 0.3745, 0.156 , 0.    ]
--------------------------------------------------------------------------------

Passive transition matrix:
         (0,1)    (0,0)    (1,0)    (2,0)    (3,0)    (4,0)    (5,0)
(0,1) 0.000000 0.049286 0.950714 0.000000 0.000000 0.000000 0.000000
(0,0) 0.000000 0.049286 0.950714 0.000000 0.000000 0.000000 0.000000
(1,0) 0.000000 0.268006 0.000000 0.731994 0.000000 0.000000 0.000000
(2,0) 0.000000 0.401342 0.000000 0.000000 0.598658 0.000000 0.000000
(3,0) 0.000000 0.625460 0.000000 0.000000 0.000000 0.374540 0.000000
(4,0) 0.000000 0.843981 0.000000 0.000000 0.000000 0.000000 0.156019
(5,0) 0.000000 1.000000 0.000000 0.000000 0.000000 0.000000 0.000000

Passive reward vector:
        Passive
(0,1)  -24.6428
(0,0)  -24.6428
(1,0) -134.0030
(2,0) -200.6708
(3,0) -312.7299
(4,0) -421.9907
(5,0) -500.0000

Active transition matrix:
         (0,1)    (0,0)    (1,0)    (2,0)    (3,0)    (4,0)    (5,0)
(0,1) 1.000000 0.000000 0.000000 0.000000 0.000000 0.000000 0.000000
(0,0) 1.000000 0.000000 0.000000 0.000000 0.000000 0.000000 0.000000
(1,0) 1.000000 0.000000 0.000000 0.000000 0.000000 0.000000 0.000000
(2,0) 1.000000 0.000000 0.000000 0.000000 0.000000 0.000000 0.000000
(3,0) 1.000000 0.000000 0.000000 0.000000 0.000000 0.000000 0.000000
(4,0) 1.000000 0.000000 0.000000 0.000000 0.000000 0.000000 0.000000
(5,0) 1.000000 0.000000 0.000000 0.000000 0.000000 0.000000 0.000000

Active reward vector:
         Active
(0,1)   -5.0000
(0,0) -505.0000
(1,0) -505.0000
(2,0) -505.0000
(3,0) -505.0000
(4,0) -505.0000
(5,0) -505.0000

--- Discounted Whittle Indices (beta=0.9999) ---
       ClosedForm         VI         PI    Package
(0,1)  494.952464 149.135183 149.134189 149.134180
(0,0)   19.592847  19.592851  19.592851  19.592847
(1,0) -305.317899 104.905844 104.905844 104.905850
(2,0) -207.419193 130.652122 130.652122 130.652120
(3,0)  -95.389762 145.895563 145.895563 145.895565
(4,0)  -33.459689 148.902416 148.902416 148.902416
(5,0)   -5.000000 149.110798 149.118767 149.118767

Discounted monotonicity (closed-form): FAIL
Monotonicity broken: (0,1) (494.9525) >= (1,0) (-305.3179)

Discounted indexability verification: FAIL
Discounted verification FAILED: first errors:
W=-305.317898, (1,0): passive but Q1 > Q0
W=-207.419194, (1,0): passive but Q1 > Q0
W=-207.419193, (1,0): passive but Q1 > Q0
W=-207.419192, (1,0): passive but Q1 > Q0
W=-207.419192, (2,0): passive but Q1 > Q0
W=-95.389763, (1,0): passive but Q1 > Q0
W=-95.389763, (2,0): passive but Q1 > Q0
W=-95.389762, (1,0): passive but Q1 > Q0
W=-95.389762, (2,0): passive but Q1 > Q0
W=-95.389761, (1,0): passive but Q1 > Q0

--- Average-Cost Whittle Indices ---
             RVI         PI    Package
(0,1) 149.149873 149.148149        NaN
(0,0)  19.642847  19.642847  19.642847
(1,0) 104.953877 104.953877 104.953877
(2,0) 130.696563 130.696563 130.696563
(3,0) 145.933008 145.933008 145.933008
(4,0) 148.934569 148.934569 148.934569
(5,0) 149.134455 149.148149 149.148149

Average-cost monotonicity (RVI): FAIL
Monotonicity broken: (0,1) (149.1499) >= (1,0) (104.9539)

Average-cost indexability verification: FAIL
Average-cost verification FAILED: first errors:
W=149.134456, (0,0): passive but Q1 > Q0
W=149.134456, (1,0): passive but Q1 > Q0
W=149.134456, (1,0): h+g != Q0
W=149.134456, (2,0): passive but Q1 > Q0
W=149.134456, (3,0): passive but Q1 > Q0
W=149.134456, (4,0): passive but Q1 > Q0
W=149.134456, (5,0): passive but Q1 > Q0
W=149.149872, (0,1): active but Q0 > Q1
W=149.149872, (0,0): h+g != Q0
W=149.149872, (1,0): h+g != Q0

================================================================================
INSTANCE 25
================================================================================
C=5.0, K=1000.0, C_switch=75.0, beta=0.9
Survival probabilities: [0.9507, 0.732 , 0.5987, 0.3745, 0.156 , 0.    ]
--------------------------------------------------------------------------------

Passive transition matrix:
         (0,1)    (0,0)    (1,0)    (2,0)    (3,0)    (4,0)    (5,0)
(0,1) 0.000000 0.049286 0.950714 0.000000 0.000000 0.000000 0.000000
(0,0) 0.000000 0.049286 0.950714 0.000000 0.000000 0.000000 0.000000
(1,0) 0.000000 0.268006 0.000000 0.731994 0.000000 0.000000 0.000000
(2,0) 0.000000 0.401342 0.000000 0.000000 0.598658 0.000000 0.000000
(3,0) 0.000000 0.625460 0.000000 0.000000 0.000000 0.374540 0.000000
(4,0) 0.000000 0.843981 0.000000 0.000000 0.000000 0.000000 0.156019
(5,0) 0.000000 1.000000 0.000000 0.000000 0.000000 0.000000 0.000000

Passive reward vector:
         Passive
(0,1)   -49.2857
(0,0)   -49.2857
(1,0)  -268.0061
(2,0)  -401.3415
(3,0)  -625.4599
(4,0)  -843.9814
(5,0) -1000.0000

Active transition matrix:
         (0,1)    (0,0)    (1,0)    (2,0)    (3,0)    (4,0)    (5,0)
(0,1) 1.000000 0.000000 0.000000 0.000000 0.000000 0.000000 0.000000
(0,0) 1.000000 0.000000 0.000000 0.000000 0.000000 0.000000 0.000000
(1,0) 1.000000 0.000000 0.000000 0.000000 0.000000 0.000000 0.000000
(2,0) 1.000000 0.000000 0.000000 0.000000 0.000000 0.000000 0.000000
(3,0) 1.000000 0.000000 0.000000 0.000000 0.000000 0.000000 0.000000
(4,0) 1.000000 0.000000 0.000000 0.000000 0.000000 0.000000 0.000000
(5,0) 1.000000 0.000000 0.000000 0.000000 0.000000 0.000000 0.000000

Active reward vector:
        Active
(0,1)  -5.0000
(0,0) -80.0000
(1,0) -80.0000
(2,0) -80.0000
(3,0) -80.0000
(4,0) -80.0000
(5,0) -80.0000

--- Discounted Whittle Indices (beta=0.9) ---
       ClosedForm         VI         PI    Package
(0,1)  108.458909 108.458906 108.458906 108.458909
(0,0)   36.785694  36.785692  36.785692  36.785694
(1,0)  308.398743 308.398753 308.398753 308.398743
(2,0)  498.269641 498.269647 498.269647 498.269641
(3,0)  723.651249 723.651260 723.651260 723.651249
(4,0)  856.138157 856.138155 856.138155 856.138157
(5,0)  920.000000 920.000002 920.000002 920.000000

Discounted monotonicity (closed-form): PASS
Indices are strictly increasing in the expected state ordering.

Discounted indexability verification: PASS
Discounted verification passed for 22 test W values.

--- Average-Cost Whittle Indices ---
             RVI         PI    Package
(0,1) 115.589267 115.589267 115.589267
(0,0)  44.285694  44.285694  44.285694
(1,0) 319.374981 319.374981 319.374981
(2,0) 515.178192 515.178192 515.178192
(3,0) 739.235515 739.235515 739.235515
(4,0) 863.087221 863.087221 863.087221
(5,0) 920.000000 920.000000 920.000000

Average-cost monotonicity (RVI): PASS
Indices are strictly increasing in the expected state ordering.

Average-cost indexability verification: PASS
Average-cost verification passed for 22 test W values.

================================================================================
INSTANCE 26
================================================================================
C=5.0, K=1000.0, C_switch=75.0, beta=0.95
Survival probabilities: [0.9507, 0.732 , 0.5987, 0.3745, 0.156 , 0.    ]
--------------------------------------------------------------------------------

Passive transition matrix:
         (0,1)    (0,0)    (1,0)    (2,0)    (3,0)    (4,0)    (5,0)
(0,1) 0.000000 0.049286 0.950714 0.000000 0.000000 0.000000 0.000000
(0,0) 0.000000 0.049286 0.950714 0.000000 0.000000 0.000000 0.000000
(1,0) 0.000000 0.268006 0.000000 0.731994 0.000000 0.000000 0.000000
(2,0) 0.000000 0.401342 0.000000 0.000000 0.598658 0.000000 0.000000
(3,0) 0.000000 0.625460 0.000000 0.000000 0.000000 0.374540 0.000000
(4,0) 0.000000 0.843981 0.000000 0.000000 0.000000 0.000000 0.156019
(5,0) 0.000000 1.000000 0.000000 0.000000 0.000000 0.000000 0.000000

Passive reward vector:
         Passive
(0,1)   -49.2857
(0,0)   -49.2857
(1,0)  -268.0061
(2,0)  -401.3415
(3,0)  -625.4599
(4,0)  -843.9814
(5,0) -1000.0000

Active transition matrix:
         (0,1)    (0,0)    (1,0)    (2,0)    (3,0)    (4,0)    (5,0)
(0,1) 1.000000 0.000000 0.000000 0.000000 0.000000 0.000000 0.000000
(0,0) 1.000000 0.000000 0.000000 0.000000 0.000000 0.000000 0.000000
(1,0) 1.000000 0.000000 0.000000 0.000000 0.000000 0.000000 0.000000
(2,0) 1.000000 0.000000 0.000000 0.000000 0.000000 0.000000 0.000000
(3,0) 1.000000 0.000000 0.000000 0.000000 0.000000 0.000000 0.000000
(4,0) 1.000000 0.000000 0.000000 0.000000 0.000000 0.000000 0.000000
(5,0) 1.000000 0.000000 0.000000 0.000000 0.000000 0.000000 0.000000

Active reward vector:
        Active
(0,1)  -5.0000
(0,0) -80.0000
(1,0) -80.0000
(2,0) -80.0000
(3,0) -80.0000
(4,0) -80.0000
(5,0) -80.0000

--- Discounted Whittle Indices (beta=0.95) ---
       ClosedForm         VI         PI    Package
(0,1)  112.024088 112.024099 112.024099 112.024088
(0,0)   40.535694  40.535688  40.535688  40.535694
(1,0)  313.936555 313.936561 313.936561 313.936555
(2,0)  506.806505 506.806493 506.806493 506.806505
(3,0)  731.579709 731.579721 731.579721 731.579709
(4,0)  859.701024 859.701023 859.701023 859.701024
(5,0)  920.000000 920.000002 920.000002 920.000000

Discounted monotonicity (closed-form): PASS
Indices are strictly increasing in the expected state ordering.

Discounted indexability verification: PASS
Discounted verification passed for 22 test W values.

--- Average-Cost Whittle Indices ---
             RVI         PI    Package
(0,1) 115.589267 115.589267 115.589267
(0,0)  44.285694  44.285694  44.285694
(1,0) 319.374981 319.374981 319.374981
(2,0) 515.178192 515.178192 515.178192
(3,0) 739.235515 739.235515 739.235515
(4,0) 863.087221 863.087221 863.087221
(5,0) 920.000000 920.000000 920.000000

Average-cost monotonicity (RVI): PASS
Indices are strictly increasing in the expected state ordering.

Average-cost indexability verification: PASS
Average-cost verification passed for 22 test W values.

================================================================================
INSTANCE 27
================================================================================
C=5.0, K=1000.0, C_switch=75.0, beta=0.9999
Survival probabilities: [0.9507, 0.732 , 0.5987, 0.3745, 0.156 , 0.    ]
--------------------------------------------------------------------------------

Passive transition matrix:
         (0,1)    (0,0)    (1,0)    (2,0)    (3,0)    (4,0)    (5,0)
(0,1) 0.000000 0.049286 0.950714 0.000000 0.000000 0.000000 0.000000
(0,0) 0.000000 0.049286 0.950714 0.000000 0.000000 0.000000 0.000000
(1,0) 0.000000 0.268006 0.000000 0.731994 0.000000 0.000000 0.000000
(2,0) 0.000000 0.401342 0.000000 0.000000 0.598658 0.000000 0.000000
(3,0) 0.000000 0.625460 0.000000 0.000000 0.000000 0.374540 0.000000
(4,0) 0.000000 0.843981 0.000000 0.000000 0.000000 0.000000 0.156019
(5,0) 0.000000 1.000000 0.000000 0.000000 0.000000 0.000000 0.000000

Passive reward vector:
         Passive
(0,1)   -49.2857
(0,0)   -49.2857
(1,0)  -268.0061
(2,0)  -401.3415
(3,0)  -625.4599
(4,0)  -843.9814
(5,0) -1000.0000

Active transition matrix:
         (0,1)    (0,0)    (1,0)    (2,0)    (3,0)    (4,0)    (5,0)
(0,1) 1.000000 0.000000 0.000000 0.000000 0.000000 0.000000 0.000000
(0,0) 1.000000 0.000000 0.000000 0.000000 0.000000 0.000000 0.000000
(1,0) 1.000000 0.000000 0.000000 0.000000 0.000000 0.000000 0.000000
(2,0) 1.000000 0.000000 0.000000 0.000000 0.000000 0.000000 0.000000
(3,0) 1.000000 0.000000 0.000000 0.000000 0.000000 0.000000 0.000000
(4,0) 1.000000 0.000000 0.000000 0.000000 0.000000 0.000000 0.000000
(5,0) 1.000000 0.000000 0.000000 0.000000 0.000000 0.000000 0.000000

Active reward vector:
        Active
(0,1)  -5.0000
(0,0) -80.0000
(1,0) -80.0000
(2,0) -80.0000
(3,0) -80.0000
(4,0) -80.0000
(5,0) -80.0000

--- Discounted Whittle Indices (beta=0.9999) ---
       ClosedForm         VI         PI    Package
(0,1)  115.582136 115.582138 115.582138 115.582136
(0,0)   44.278194  44.278190  44.278190  44.278194
(1,0)  319.364202 319.364190 319.364190 319.364202
(2,0)  515.161614 515.161633 515.161633 515.161614
(3,0)  739.220476 739.220470 739.220470 739.220476
(4,0)  863.080623 863.080621 863.080621 863.080623
(5,0)  920.000000 920.000002 920.000002 920.000000

Discounted monotonicity (closed-form): PASS
Indices are strictly increasing in the expected state ordering.

Discounted indexability verification: PASS
Discounted verification passed for 22 test W values.

--- Average-Cost Whittle Indices ---
             RVI         PI    Package
(0,1) 115.589267 115.589267 115.589267
(0,0)  44.285694  44.285694  44.285694
(1,0) 319.374981 319.374981 319.374981
(2,0) 515.178192 515.178192 515.178192
(3,0) 739.235515 739.235515 739.235515
(4,0) 863.087221 863.087221 863.087221
(5,0) 920.000000 920.000000 920.000000

Average-cost monotonicity (RVI): PASS
Indices are strictly increasing in the expected state ordering.

Average-cost indexability verification: PASS
Average-cost verification passed for 22 test W values.

================================================================================
INSTANCE 28
================================================================================
C=5.0, K=1000.0, C_switch=89.0, beta=0.9
Survival probabilities: [0.9507, 0.732 , 0.5987, 0.3745, 0.156 , 0.    ]
--------------------------------------------------------------------------------

Passive transition matrix:
         (0,1)    (0,0)    (1,0)    (2,0)    (3,0)    (4,0)    (5,0)
(0,1) 0.000000 0.049286 0.950714 0.000000 0.000000 0.000000 0.000000
(0,0) 0.000000 0.049286 0.950714 0.000000 0.000000 0.000000 0.000000
(1,0) 0.000000 0.268006 0.000000 0.731994 0.000000 0.000000 0.000000
(2,0) 0.000000 0.401342 0.000000 0.000000 0.598658 0.000000 0.000000
(3,0) 0.000000 0.625460 0.000000 0.000000 0.000000 0.374540 0.000000
(4,0) 0.000000 0.843981 0.000000 0.000000 0.000000 0.000000 0.156019
(5,0) 0.000000 1.000000 0.000000 0.000000 0.000000 0.000000 0.000000

Passive reward vector:
         Passive
(0,1)   -49.2857
(0,0)   -49.2857
(1,0)  -268.0061
(2,0)  -401.3415
(3,0)  -625.4599
(4,0)  -843.9814
(5,0) -1000.0000

Active transition matrix:
         (0,1)    (0,0)    (1,0)    (2,0)    (3,0)    (4,0)    (5,0)
(0,1) 1.000000 0.000000 0.000000 0.000000 0.000000 0.000000 0.000000
(0,0) 1.000000 0.000000 0.000000 0.000000 0.000000 0.000000 0.000000
(1,0) 1.000000 0.000000 0.000000 0.000000 0.000000 0.000000 0.000000
(2,0) 1.000000 0.000000 0.000000 0.000000 0.000000 0.000000 0.000000
(3,0) 1.000000 0.000000 0.000000 0.000000 0.000000 0.000000 0.000000
(4,0) 1.000000 0.000000 0.000000 0.000000 0.000000 0.000000 0.000000
(5,0) 1.000000 0.000000 0.000000 0.000000 0.000000 0.000000 0.000000

Active reward vector:
        Active
(0,1)  -5.0000
(0,0) -94.0000
(1,0) -94.0000
(2,0) -94.0000
(3,0) -94.0000
(4,0) -94.0000
(5,0) -94.0000

--- Discounted Whittle Indices (beta=0.9) ---
       ClosedForm         VI         PI    Package
(0,1)  120.437910 120.437920 120.437920 120.437910
(0,0)   35.385694  35.385698  35.385698  35.385694
(1,0)  294.398743 294.398755 294.398755 294.398743
(2,0)  484.269641 484.269649 484.269649 484.269641
(3,0)  709.651249 709.651262 709.651262 709.651249
(4,0)  842.138157 842.138156 842.138156 842.138157
(5,0)  906.000000 906.000003 906.000003 906.000000

Discounted monotonicity (closed-form): PASS
Indices are strictly increasing in the expected state ordering.

Discounted indexability verification: PASS
Discounted verification passed for 22 test W values.

--- Average-Cost Whittle Indices ---
             RVI         PI    Package
(0,1) 128.899267 128.899267 128.899267
(0,0)  44.285694  44.285694  44.285694
(1,0) 305.374981 305.374981 305.374981
(2,0) 501.178192 501.178192 501.178192
(3,0) 725.235515 725.235515 725.235515
(4,0) 849.087221 849.087221 849.087221
(5,0) 906.000000 906.000000 906.000000

Average-cost monotonicity (RVI): PASS
Indices are strictly increasing in the expected state ordering.

Average-cost indexability verification: PASS
Average-cost verification passed for 22 test W values.

================================================================================
INSTANCE 29
================================================================================
C=5.0, K=1000.0, C_switch=89.0, beta=0.95
Survival probabilities: [0.9507, 0.732 , 0.5987, 0.3745, 0.156 , 0.    ]
--------------------------------------------------------------------------------

Passive transition matrix:
         (0,1)    (0,0)    (1,0)    (2,0)    (3,0)    (4,0)    (5,0)
(0,1) 0.000000 0.049286 0.950714 0.000000 0.000000 0.000000 0.000000
(0,0) 0.000000 0.049286 0.950714 0.000000 0.000000 0.000000 0.000000
(1,0) 0.000000 0.268006 0.000000 0.731994 0.000000 0.000000 0.000000
(2,0) 0.000000 0.401342 0.000000 0.000000 0.598658 0.000000 0.000000
(3,0) 0.000000 0.625460 0.000000 0.000000 0.000000 0.374540 0.000000
(4,0) 0.000000 0.843981 0.000000 0.000000 0.000000 0.000000 0.156019
(5,0) 0.000000 1.000000 0.000000 0.000000 0.000000 0.000000 0.000000

Passive reward vector:
         Passive
(0,1)   -49.2857
(0,0)   -49.2857
(1,0)  -268.0061
(2,0)  -401.3415
(3,0)  -625.4599
(4,0)  -843.9814
(5,0) -1000.0000

Active transition matrix:
         (0,1)    (0,0)    (1,0)    (2,0)    (3,0)    (4,0)    (5,0)
(0,1) 1.000000 0.000000 0.000000 0.000000 0.000000 0.000000 0.000000
(0,0) 1.000000 0.000000 0.000000 0.000000 0.000000 0.000000 0.000000
(1,0) 1.000000 0.000000 0.000000 0.000000 0.000000 0.000000 0.000000
(2,0) 1.000000 0.000000 0.000000 0.000000 0.000000 0.000000 0.000000
(3,0) 1.000000 0.000000 0.000000 0.000000 0.000000 0.000000 0.000000
(4,0) 1.000000 0.000000 0.000000 0.000000 0.000000 0.000000 0.000000
(5,0) 1.000000 0.000000 0.000000 0.000000 0.000000 0.000000 0.000000

Active reward vector:
        Active
(0,1)  -5.0000
(0,0) -94.0000
(1,0) -94.0000
(2,0) -94.0000
(3,0) -94.0000
(4,0) -94.0000
(5,0) -94.0000

--- Discounted Whittle Indices (beta=0.95) ---
       ClosedForm         VI         PI    Package
(0,1)  124.668588 124.668598 124.668598 124.668588
(0,0)   39.835694  39.835691  39.835691  39.835694
(1,0)  299.936555 299.936563 299.936563 299.936555
(2,0)  492.806505 492.806494 492.806494 492.806505
(3,0)  717.579709 717.579722 717.579722 717.579709
(4,0)  845.701024 845.701024 845.701024 845.701024
(5,0)  906.000000 906.000003 906.000003 906.000000

Discounted monotonicity (closed-form): PASS
Indices are strictly increasing in the expected state ordering.

Discounted indexability verification: PASS
Discounted verification passed for 22 test W values.

--- Average-Cost Whittle Indices ---
             RVI         PI    Package
(0,1) 128.899267 128.899267 128.899267
(0,0)  44.285694  44.285694  44.285694
(1,0) 305.374981 305.374981 305.374981
(2,0) 501.178192 501.178192 501.178192
(3,0) 725.235515 725.235515 725.235515
(4,0) 849.087221 849.087221 849.087221
(5,0) 906.000000 906.000000 906.000000

Average-cost monotonicity (RVI): PASS
Indices are strictly increasing in the expected state ordering.

Average-cost indexability verification: PASS
Average-cost verification passed for 22 test W values.

================================================================================
INSTANCE 30
================================================================================
C=5.0, K=1000.0, C_switch=89.0, beta=0.9999
Survival probabilities: [0.9507, 0.732 , 0.5987, 0.3745, 0.156 , 0.    ]
--------------------------------------------------------------------------------

Passive transition matrix:
         (0,1)    (0,0)    (1,0)    (2,0)    (3,0)    (4,0)    (5,0)
(0,1) 0.000000 0.049286 0.950714 0.000000 0.000000 0.000000 0.000000
(0,0) 0.000000 0.049286 0.950714 0.000000 0.000000 0.000000 0.000000
(1,0) 0.000000 0.268006 0.000000 0.731994 0.000000 0.000000 0.000000
(2,0) 0.000000 0.401342 0.000000 0.000000 0.598658 0.000000 0.000000
(3,0) 0.000000 0.625460 0.000000 0.000000 0.000000 0.374540 0.000000
(4,0) 0.000000 0.843981 0.000000 0.000000 0.000000 0.000000 0.156019
(5,0) 0.000000 1.000000 0.000000 0.000000 0.000000 0.000000 0.000000

Passive reward vector:
         Passive
(0,1)   -49.2857
(0,0)   -49.2857
(1,0)  -268.0061
(2,0)  -401.3415
(3,0)  -625.4599
(4,0)  -843.9814
(5,0) -1000.0000

Active transition matrix:
         (0,1)    (0,0)    (1,0)    (2,0)    (3,0)    (4,0)    (5,0)
(0,1) 1.000000 0.000000 0.000000 0.000000 0.000000 0.000000 0.000000
(0,0) 1.000000 0.000000 0.000000 0.000000 0.000000 0.000000 0.000000
(1,0) 1.000000 0.000000 0.000000 0.000000 0.000000 0.000000 0.000000
(2,0) 1.000000 0.000000 0.000000 0.000000 0.000000 0.000000 0.000000
(3,0) 1.000000 0.000000 0.000000 0.000000 0.000000 0.000000 0.000000
(4,0) 1.000000 0.000000 0.000000 0.000000 0.000000 0.000000 0.000000
(5,0) 1.000000 0.000000 0.000000 0.000000 0.000000 0.000000 0.000000

Active reward vector:
        Active
(0,1)  -5.0000
(0,0) -94.0000
(1,0) -94.0000
(2,0) -94.0000
(3,0) -94.0000
(4,0) -94.0000
(5,0) -94.0000

--- Discounted Whittle Indices (beta=0.9999) ---
       ClosedForm         VI         PI    Package
(0,1)  128.890806 128.890812 128.890812 128.890806
(0,0)   44.276794  44.276789  44.276789  44.276794
(1,0)  305.364202 305.364192 305.364192 305.364202
(2,0)  501.161614 501.161635 501.161635 501.161614
(3,0)  725.220476 725.220472 725.220472 725.220476
(4,0)  849.080623 849.080622 849.080622 849.080623
(5,0)  906.000000 906.000003 906.000003 906.000000

Discounted monotonicity (closed-form): PASS
Indices are strictly increasing in the expected state ordering.

Discounted indexability verification: PASS
Discounted verification passed for 22 test W values.

--- Average-Cost Whittle Indices ---
             RVI         PI    Package
(0,1) 128.899267 128.899267 128.899267
(0,0)  44.285694  44.285694  44.285694
(1,0) 305.374981 305.374981 305.374981
(2,0) 501.178192 501.178192 501.178192
(3,0) 725.235515 725.235515 725.235515
(4,0) 849.087221 849.087221 849.087221
(5,0) 906.000000 906.000000 906.000000

Average-cost monotonicity (RVI): PASS
Indices are strictly increasing in the expected state ordering.

Average-cost indexability verification: PASS
Average-cost verification passed for 22 test W values.

================================================================================
INSTANCE 31
================================================================================
C=5.0, K=1000.0, C_switch=90.0, beta=0.9
Survival probabilities: [0.9507, 0.732 , 0.5987, 0.3745, 0.156 , 0.    ]
--------------------------------------------------------------------------------

Passive transition matrix:
         (0,1)    (0,0)    (1,0)    (2,0)    (3,0)    (4,0)    (5,0)
(0,1) 0.000000 0.049286 0.950714 0.000000 0.000000 0.000000 0.000000
(0,0) 0.000000 0.049286 0.950714 0.000000 0.000000 0.000000 0.000000
(1,0) 0.000000 0.268006 0.000000 0.731994 0.000000 0.000000 0.000000
(2,0) 0.000000 0.401342 0.000000 0.000000 0.598658 0.000000 0.000000
(3,0) 0.000000 0.625460 0.000000 0.000000 0.000000 0.374540 0.000000
(4,0) 0.000000 0.843981 0.000000 0.000000 0.000000 0.000000 0.156019
(5,0) 0.000000 1.000000 0.000000 0.000000 0.000000 0.000000 0.000000

Passive reward vector:
         Passive
(0,1)   -49.2857
(0,0)   -49.2857
(1,0)  -268.0061
(2,0)  -401.3415
(3,0)  -625.4599
(4,0)  -843.9814
(5,0) -1000.0000

Active transition matrix:
         (0,1)    (0,0)    (1,0)    (2,0)    (3,0)    (4,0)    (5,0)
(0,1) 1.000000 0.000000 0.000000 0.000000 0.000000 0.000000 0.000000
(0,0) 1.000000 0.000000 0.000000 0.000000 0.000000 0.000000 0.000000
(1,0) 1.000000 0.000000 0.000000 0.000000 0.000000 0.000000 0.000000
(2,0) 1.000000 0.000000 0.000000 0.000000 0.000000 0.000000 0.000000
(3,0) 1.000000 0.000000 0.000000 0.000000 0.000000 0.000000 0.000000
(4,0) 1.000000 0.000000 0.000000 0.000000 0.000000 0.000000 0.000000
(5,0) 1.000000 0.000000 0.000000 0.000000 0.000000 0.000000 0.000000

Active reward vector:
        Active
(0,1)  -5.0000
(0,0) -95.0000
(1,0) -95.0000
(2,0) -95.0000
(3,0) -95.0000
(4,0) -95.0000
(5,0) -95.0000

--- Discounted Whittle Indices (beta=0.9) ---
       ClosedForm         VI         PI    Package
(0,1)  121.293552 121.293545 121.293545 121.293552
(0,0)   35.285694  35.285696  35.285696  35.285694
(1,0)  293.398743 293.398738 293.398738 293.398743
(2,0)  483.269641 483.269632 483.269632 483.269641
(3,0)  708.651249 708.651245 708.651245 708.651249
(4,0)  841.138157 841.138154 841.138154 841.138157
(5,0)  905.000000 905.000001 905.000001 905.000000

Discounted monotonicity (closed-form): PASS
Indices are strictly increasing in the expected state ordering.

Discounted indexability verification: PASS
Discounted verification passed for 22 test W values.

--- Average-Cost Whittle Indices ---
             RVI         PI    Package
(0,1) 129.849981 129.849981 129.849981
(0,0)  44.285694  44.285694  44.285694
(1,0) 304.374981 304.374981 304.374981
(2,0) 500.178192 500.178192 500.178192
(3,0) 724.235515 724.235515 724.235515
(4,0) 848.087221 848.087221 848.087221
(5,0) 905.000000 905.000000 905.000000

Average-cost monotonicity (RVI): PASS
Indices are strictly increasing in the expected state ordering.

Average-cost indexability verification: PASS
Average-cost verification passed for 22 test W values.

================================================================================
INSTANCE 32
================================================================================
C=5.0, K=1000.0, C_switch=90.0, beta=0.95
Survival probabilities: [0.9507, 0.732 , 0.5987, 0.3745, 0.156 , 0.    ]
--------------------------------------------------------------------------------

Passive transition matrix:
         (0,1)    (0,0)    (1,0)    (2,0)    (3,0)    (4,0)    (5,0)
(0,1) 0.000000 0.049286 0.950714 0.000000 0.000000 0.000000 0.000000
(0,0) 0.000000 0.049286 0.950714 0.000000 0.000000 0.000000 0.000000
(1,0) 0.000000 0.268006 0.000000 0.731994 0.000000 0.000000 0.000000
(2,0) 0.000000 0.401342 0.000000 0.000000 0.598658 0.000000 0.000000
(3,0) 0.000000 0.625460 0.000000 0.000000 0.000000 0.374540 0.000000
(4,0) 0.000000 0.843981 0.000000 0.000000 0.000000 0.000000 0.156019
(5,0) 0.000000 1.000000 0.000000 0.000000 0.000000 0.000000 0.000000

Passive reward vector:
         Passive
(0,1)   -49.2857
(0,0)   -49.2857
(1,0)  -268.0061
(2,0)  -401.3415
(3,0)  -625.4599
(4,0)  -843.9814
(5,0) -1000.0000

Active transition matrix:
         (0,1)    (0,0)    (1,0)    (2,0)    (3,0)    (4,0)    (5,0)
(0,1) 1.000000 0.000000 0.000000 0.000000 0.000000 0.000000 0.000000
(0,0) 1.000000 0.000000 0.000000 0.000000 0.000000 0.000000 0.000000
(1,0) 1.000000 0.000000 0.000000 0.000000 0.000000 0.000000 0.000000
(2,0) 1.000000 0.000000 0.000000 0.000000 0.000000 0.000000 0.000000
(3,0) 1.000000 0.000000 0.000000 0.000000 0.000000 0.000000 0.000000
(4,0) 1.000000 0.000000 0.000000 0.000000 0.000000 0.000000 0.000000
(5,0) 1.000000 0.000000 0.000000 0.000000 0.000000 0.000000 0.000000

Active reward vector:
        Active
(0,1)  -5.0000
(0,0) -95.0000
(1,0) -95.0000
(2,0) -95.0000
(3,0) -95.0000
(4,0) -95.0000
(5,0) -95.0000

--- Discounted Whittle Indices (beta=0.95) ---
       ClosedForm         VI         PI    Package
(0,1)  125.571767 125.571758 125.571758 125.571767
(0,0)   39.785694  39.785698  39.785698  39.785694
(1,0)  298.936555 298.936546 298.936546 298.936555
(2,0)  491.806505 491.806507 491.806507 491.806505
(3,0)  716.579709 716.579705 716.579705 716.579709
(4,0)  844.701024 844.701022 844.701022 844.701024
(5,0)  905.000000 905.000001 905.000001 905.000000

Discounted monotonicity (closed-form): PASS
Indices are strictly increasing in the expected state ordering.

Discounted indexability verification: PASS
Discounted verification passed for 22 test W values.

--- Average-Cost Whittle Indices ---
             RVI         PI    Package
(0,1) 129.849981 129.849981 129.849981
(0,0)  44.285694  44.285694  44.285694
(1,0) 304.374981 304.374981 304.374981
(2,0) 500.178192 500.178192 500.178192
(3,0) 724.235515 724.235515 724.235515
(4,0) 848.087221 848.087221 848.087221
(5,0) 905.000000 905.000000 905.000000

Average-cost monotonicity (RVI): PASS
Indices are strictly increasing in the expected state ordering.

Average-cost indexability verification: PASS
Average-cost verification passed for 22 test W values.

================================================================================
INSTANCE 33
================================================================================
C=5.0, K=1000.0, C_switch=90.0, beta=0.9999
Survival probabilities: [0.9507, 0.732 , 0.5987, 0.3745, 0.156 , 0.    ]
--------------------------------------------------------------------------------

Passive transition matrix:
         (0,1)    (0,0)    (1,0)    (2,0)    (3,0)    (4,0)    (5,0)
(0,1) 0.000000 0.049286 0.950714 0.000000 0.000000 0.000000 0.000000
(0,0) 0.000000 0.049286 0.950714 0.000000 0.000000 0.000000 0.000000
(1,0) 0.000000 0.268006 0.000000 0.731994 0.000000 0.000000 0.000000
(2,0) 0.000000 0.401342 0.000000 0.000000 0.598658 0.000000 0.000000
(3,0) 0.000000 0.625460 0.000000 0.000000 0.000000 0.374540 0.000000
(4,0) 0.000000 0.843981 0.000000 0.000000 0.000000 0.000000 0.156019
(5,0) 0.000000 1.000000 0.000000 0.000000 0.000000 0.000000 0.000000

Passive reward vector:
         Passive
(0,1)   -49.2857
(0,0)   -49.2857
(1,0)  -268.0061
(2,0)  -401.3415
(3,0)  -625.4599
(4,0)  -843.9814
(5,0) -1000.0000

Active transition matrix:
         (0,1)    (0,0)    (1,0)    (2,0)    (3,0)    (4,0)    (5,0)
(0,1) 1.000000 0.000000 0.000000 0.000000 0.000000 0.000000 0.000000
(0,0) 1.000000 0.000000 0.000000 0.000000 0.000000 0.000000 0.000000
(1,0) 1.000000 0.000000 0.000000 0.000000 0.000000 0.000000 0.000000
(2,0) 1.000000 0.000000 0.000000 0.000000 0.000000 0.000000 0.000000
(3,0) 1.000000 0.000000 0.000000 0.000000 0.000000 0.000000 0.000000
(4,0) 1.000000 0.000000 0.000000 0.000000 0.000000 0.000000 0.000000
(5,0) 1.000000 0.000000 0.000000 0.000000 0.000000 0.000000 0.000000

Active reward vector:
        Active
(0,1)  -5.0000
(0,0) -95.0000
(1,0) -95.0000
(2,0) -95.0000
(3,0) -95.0000
(4,0) -95.0000
(5,0) -95.0000

--- Discounted Whittle Indices (beta=0.9999) ---
       ClosedForm         VI         PI    Package
(0,1)  129.841425 129.841417 129.841417 129.841425
(0,0)   44.276694  44.276685  44.276685  44.276694
(1,0)  304.364202 304.364204 304.364204 304.364202
(2,0)  500.161614 500.161618 500.161618 500.161614
(3,0)  724.220476 724.220484 724.220484 724.220476
(4,0)  848.080623 848.080620 848.080620 848.080623
(5,0)  905.000000 905.000001 905.000001 905.000000

Discounted monotonicity (closed-form): PASS
Indices are strictly increasing in the expected state ordering.

Discounted indexability verification: PASS
Discounted verification passed for 22 test W values.

--- Average-Cost Whittle Indices ---
             RVI         PI    Package
(0,1) 129.849981 129.849981 129.849981
(0,0)  44.285694  44.285694  44.285694
(1,0) 304.374981 304.374981 304.374981
(2,0) 500.178192 500.178192 500.178192
(3,0) 724.235515 724.235515 724.235515
(4,0) 848.087221 848.087221 848.087221
(5,0) 905.000000 905.000000 905.000000

Average-cost monotonicity (RVI): PASS
Indices are strictly increasing in the expected state ordering.

Average-cost indexability verification: PASS
Average-cost verification passed for 22 test W values.

================================================================================
INSTANCE 34
================================================================================
C=5.0, K=1000.0, C_switch=90.5, beta=0.9
Survival probabilities: [0.9507, 0.732 , 0.5987, 0.3745, 0.156 , 0.    ]
--------------------------------------------------------------------------------

Passive transition matrix:
         (0,1)    (0,0)    (1,0)    (2,0)    (3,0)    (4,0)    (5,0)
(0,1) 0.000000 0.049286 0.950714 0.000000 0.000000 0.000000 0.000000
(0,0) 0.000000 0.049286 0.950714 0.000000 0.000000 0.000000 0.000000
(1,0) 0.000000 0.268006 0.000000 0.731994 0.000000 0.000000 0.000000
(2,0) 0.000000 0.401342 0.000000 0.000000 0.598658 0.000000 0.000000
(3,0) 0.000000 0.625460 0.000000 0.000000 0.000000 0.374540 0.000000
(4,0) 0.000000 0.843981 0.000000 0.000000 0.000000 0.000000 0.156019
(5,0) 0.000000 1.000000 0.000000 0.000000 0.000000 0.000000 0.000000

Passive reward vector:
         Passive
(0,1)   -49.2857
(0,0)   -49.2857
(1,0)  -268.0061
(2,0)  -401.3415
(3,0)  -625.4599
(4,0)  -843.9814
(5,0) -1000.0000

Active transition matrix:
         (0,1)    (0,0)    (1,0)    (2,0)    (3,0)    (4,0)    (5,0)
(0,1) 1.000000 0.000000 0.000000 0.000000 0.000000 0.000000 0.000000
(0,0) 1.000000 0.000000 0.000000 0.000000 0.000000 0.000000 0.000000
(1,0) 1.000000 0.000000 0.000000 0.000000 0.000000 0.000000 0.000000
(2,0) 1.000000 0.000000 0.000000 0.000000 0.000000 0.000000 0.000000
(3,0) 1.000000 0.000000 0.000000 0.000000 0.000000 0.000000 0.000000
(4,0) 1.000000 0.000000 0.000000 0.000000 0.000000 0.000000 0.000000
(5,0) 1.000000 0.000000 0.000000 0.000000 0.000000 0.000000 0.000000

Active reward vector:
        Active
(0,1)  -5.0000
(0,0) -95.5000
(1,0) -95.5000
(2,0) -95.5000
(3,0) -95.5000
(4,0) -95.5000
(5,0) -95.5000

--- Discounted Whittle Indices (beta=0.9) ---
       ClosedForm         VI         PI    Package
(0,1)  121.721374 121.721387 121.721387 121.721374
(0,0)   35.235694  35.235703  35.235703  35.235694
(1,0)  292.898743 292.898744 292.898744 292.898743
(2,0)  482.769641 482.769638 482.769638 482.769641
(3,0)  708.151249 708.151251 708.151251 708.151249
(4,0)  840.638157 840.638161 840.638161 840.638157
(5,0)  904.500000 904.500008 904.500008 904.500000

Discounted monotonicity (closed-form): PASS
Indices are strictly increasing in the expected state ordering.

Discounted indexability verification: PASS
Discounted verification passed for 22 test W values.

--- Average-Cost Whittle Indices ---
             RVI         PI    Package
(0,1) 130.325338 130.325338 130.325338
(0,0)  44.285694  44.285694  44.285694
(1,0) 303.874981 303.874981 303.874981
(2,0) 499.678192 499.678192 499.678192
(3,0) 723.735515 723.735515 723.735515
(4,0) 847.587221 847.587221 847.587221
(5,0) 904.500000 904.500000 904.500000

Average-cost monotonicity (RVI): PASS
Indices are strictly increasing in the expected state ordering.

Average-cost indexability verification: PASS
Average-cost verification passed for 22 test W values.

================================================================================
INSTANCE 35
================================================================================
C=5.0, K=1000.0, C_switch=90.5, beta=0.95
Survival probabilities: [0.9507, 0.732 , 0.5987, 0.3745, 0.156 , 0.    ]
--------------------------------------------------------------------------------

Passive transition matrix:
         (0,1)    (0,0)    (1,0)    (2,0)    (3,0)    (4,0)    (5,0)
(0,1) 0.000000 0.049286 0.950714 0.000000 0.000000 0.000000 0.000000
(0,0) 0.000000 0.049286 0.950714 0.000000 0.000000 0.000000 0.000000
(1,0) 0.000000 0.268006 0.000000 0.731994 0.000000 0.000000 0.000000
(2,0) 0.000000 0.401342 0.000000 0.000000 0.598658 0.000000 0.000000
(3,0) 0.000000 0.625460 0.000000 0.000000 0.000000 0.374540 0.000000
(4,0) 0.000000 0.843981 0.000000 0.000000 0.000000 0.000000 0.156019
(5,0) 0.000000 1.000000 0.000000 0.000000 0.000000 0.000000 0.000000

Passive reward vector:
         Passive
(0,1)   -49.2857
(0,0)   -49.2857
(1,0)  -268.0061
(2,0)  -401.3415
(3,0)  -625.4599
(4,0)  -843.9814
(5,0) -1000.0000

Active transition matrix:
         (0,1)    (0,0)    (1,0)    (2,0)    (3,0)    (4,0)    (5,0)
(0,1) 1.000000 0.000000 0.000000 0.000000 0.000000 0.000000 0.000000
(0,0) 1.000000 0.000000 0.000000 0.000000 0.000000 0.000000 0.000000
(1,0) 1.000000 0.000000 0.000000 0.000000 0.000000 0.000000 0.000000
(2,0) 1.000000 0.000000 0.000000 0.000000 0.000000 0.000000 0.000000
(3,0) 1.000000 0.000000 0.000000 0.000000 0.000000 0.000000 0.000000
(4,0) 1.000000 0.000000 0.000000 0.000000 0.000000 0.000000 0.000000
(5,0) 1.000000 0.000000 0.000000 0.000000 0.000000 0.000000 0.000000

Active reward vector:
        Active
(0,1)  -5.0000
(0,0) -95.5000
(1,0) -95.5000
(2,0) -95.5000
(3,0) -95.5000
(4,0) -95.5000
(5,0) -95.5000

--- Discounted Whittle Indices (beta=0.95) ---
       ClosedForm         VI         PI    Package
(0,1)  126.023356 126.023352 126.023352 126.023356
(0,0)   39.760694  39.760694  39.760694  39.760694
(1,0)  298.436555 298.436552 298.436552 298.436555
(2,0)  491.306505 491.306514 491.306514 491.306505
(3,0)  716.079709 716.079712 716.079712 716.079709
(4,0)  844.201024 844.201028 844.201028 844.201024
(5,0)  904.500000 904.500008 904.500008 904.500000

Discounted monotonicity (closed-form): PASS
Indices are strictly increasing in the expected state ordering.

Discounted indexability verification: PASS
Discounted verification passed for 22 test W values.

--- Average-Cost Whittle Indices ---
             RVI         PI    Package
(0,1) 130.325338 130.325338 130.325338
(0,0)  44.285694  44.285694  44.285694
(1,0) 303.874981 303.874981 303.874981
(2,0) 499.678192 499.678192 499.678192
(3,0) 723.735515 723.735515 723.735515
(4,0) 847.587221 847.587221 847.587221
(5,0) 904.500000 904.500000 904.500000

Average-cost monotonicity (RVI): PASS
Indices are strictly increasing in the expected state ordering.

Average-cost indexability verification: PASS
Average-cost verification passed for 22 test W values.

================================================================================
INSTANCE 36
================================================================================
C=5.0, K=1000.0, C_switch=90.5, beta=0.9999
Survival probabilities: [0.9507, 0.732 , 0.5987, 0.3745, 0.156 , 0.    ]
--------------------------------------------------------------------------------

Passive transition matrix:
         (0,1)    (0,0)    (1,0)    (2,0)    (3,0)    (4,0)    (5,0)
(0,1) 0.000000 0.049286 0.950714 0.000000 0.000000 0.000000 0.000000
(0,0) 0.000000 0.049286 0.950714 0.000000 0.000000 0.000000 0.000000
(1,0) 0.000000 0.268006 0.000000 0.731994 0.000000 0.000000 0.000000
(2,0) 0.000000 0.401342 0.000000 0.000000 0.598658 0.000000 0.000000
(3,0) 0.000000 0.625460 0.000000 0.000000 0.000000 0.374540 0.000000
(4,0) 0.000000 0.843981 0.000000 0.000000 0.000000 0.000000 0.156019
(5,0) 0.000000 1.000000 0.000000 0.000000 0.000000 0.000000 0.000000

Passive reward vector:
         Passive
(0,1)   -49.2857
(0,0)   -49.2857
(1,0)  -268.0061
(2,0)  -401.3415
(3,0)  -625.4599
(4,0)  -843.9814
(5,0) -1000.0000

Active transition matrix:
         (0,1)    (0,0)    (1,0)    (2,0)    (3,0)    (4,0)    (5,0)
(0,1) 1.000000 0.000000 0.000000 0.000000 0.000000 0.000000 0.000000
(0,0) 1.000000 0.000000 0.000000 0.000000 0.000000 0.000000 0.000000
(1,0) 1.000000 0.000000 0.000000 0.000000 0.000000 0.000000 0.000000
(2,0) 1.000000 0.000000 0.000000 0.000000 0.000000 0.000000 0.000000
(3,0) 1.000000 0.000000 0.000000 0.000000 0.000000 0.000000 0.000000
(4,0) 1.000000 0.000000 0.000000 0.000000 0.000000 0.000000 0.000000
(5,0) 1.000000 0.000000 0.000000 0.000000 0.000000 0.000000 0.000000

Active reward vector:
        Active
(0,1)  -5.0000
(0,0) -95.5000
(1,0) -95.5000
(2,0) -95.5000
(3,0) -95.5000
(4,0) -95.5000
(5,0) -95.5000

--- Discounted Whittle Indices (beta=0.9999) ---
       ClosedForm         VI         PI    Package
(0,1)  130.316734 130.316734 130.316734 130.316734
(0,0)   44.276644  44.276640  44.276640  44.276644
(1,0)  303.864202 303.864211 303.864211 303.864202
(2,0)  499.661614 499.661624 499.661624 499.661614
(3,0)  723.720476 723.720491 723.720491 723.720476
(4,0)  847.580623 847.580612 847.580612 847.580623
(5,0)  904.500000 904.500008 904.500008 904.500000

Discounted monotonicity (closed-form): PASS
Indices are strictly increasing in the expected state ordering.

Discounted indexability verification: PASS
Discounted verification passed for 22 test W values.

--- Average-Cost Whittle Indices ---
             RVI         PI    Package
(0,1) 130.325338 130.325338 130.325338
(0,0)  44.285694  44.285694  44.285694
(1,0) 303.874981 303.874981 303.874981
(2,0) 499.678192 499.678192 499.678192
(3,0) 723.735515 723.735515 723.735515
(4,0) 847.587221 847.587221 847.587221
(5,0) 904.500000 904.500000 904.500000

Average-cost monotonicity (RVI): PASS
Indices are strictly increasing in the expected state ordering.

Average-cost indexability verification: PASS
Average-cost verification passed for 22 test W values.

================================================================================
INSTANCE 37
================================================================================
C=5.0, K=1000.0, C_switch=91.0, beta=0.9
Survival probabilities: [0.9507, 0.732 , 0.5987, 0.3745, 0.156 , 0.    ]
--------------------------------------------------------------------------------

Passive transition matrix:
         (0,1)    (0,0)    (1,0)    (2,0)    (3,0)    (4,0)    (5,0)
(0,1) 0.000000 0.049286 0.950714 0.000000 0.000000 0.000000 0.000000
(0,0) 0.000000 0.049286 0.950714 0.000000 0.000000 0.000000 0.000000
(1,0) 0.000000 0.268006 0.000000 0.731994 0.000000 0.000000 0.000000
(2,0) 0.000000 0.401342 0.000000 0.000000 0.598658 0.000000 0.000000
(3,0) 0.000000 0.625460 0.000000 0.000000 0.000000 0.374540 0.000000
(4,0) 0.000000 0.843981 0.000000 0.000000 0.000000 0.000000 0.156019
(5,0) 0.000000 1.000000 0.000000 0.000000 0.000000 0.000000 0.000000

Passive reward vector:
         Passive
(0,1)   -49.2857
(0,0)   -49.2857
(1,0)  -268.0061
(2,0)  -401.3415
(3,0)  -625.4599
(4,0)  -843.9814
(5,0) -1000.0000

Active transition matrix:
         (0,1)    (0,0)    (1,0)    (2,0)    (3,0)    (4,0)    (5,0)
(0,1) 1.000000 0.000000 0.000000 0.000000 0.000000 0.000000 0.000000
(0,0) 1.000000 0.000000 0.000000 0.000000 0.000000 0.000000 0.000000
(1,0) 1.000000 0.000000 0.000000 0.000000 0.000000 0.000000 0.000000
(2,0) 1.000000 0.000000 0.000000 0.000000 0.000000 0.000000 0.000000
(3,0) 1.000000 0.000000 0.000000 0.000000 0.000000 0.000000 0.000000
(4,0) 1.000000 0.000000 0.000000 0.000000 0.000000 0.000000 0.000000
(5,0) 1.000000 0.000000 0.000000 0.000000 0.000000 0.000000 0.000000

Active reward vector:
        Active
(0,1)  -5.0000
(0,0) -96.0000
(1,0) -96.0000
(2,0) -96.0000
(3,0) -96.0000
(4,0) -96.0000
(5,0) -96.0000

--- Discounted Whittle Indices (beta=0.9) ---
       ClosedForm         VI         PI    Package
(0,1)  122.149195 122.149199 122.149199 122.149195
(0,0)   35.185694  35.185695  35.185695  35.185694
(1,0)  292.398743 292.398751 292.398751 292.398743
(2,0)  482.269641 482.269645 482.269645 482.269641
(3,0)  707.651249 707.651258 707.651258 707.651249
(4,0)  840.138157 840.138167 840.138167 840.138157
(5,0)  904.000000 903.999999 903.999999 904.000000

Discounted monotonicity (closed-form): PASS
Indices are strictly increasing in the expected state ordering.

Discounted indexability verification: PASS
Discounted verification passed for 22 test W values.

--- Average-Cost Whittle Indices ---
             RVI         PI    Package
(0,1) 130.800695 130.800695 130.800695
(0,0)  44.285694  44.285694  44.285694
(1,0) 303.374981 303.374981 303.374981
(2,0) 499.178192 499.178192 499.178192
(3,0) 723.235515 723.235515 723.235515
(4,0) 847.087221 847.087221 847.087221
(5,0) 904.000000 904.000000 904.000000

Average-cost monotonicity (RVI): PASS
Indices are strictly increasing in the expected state ordering.

Average-cost indexability verification: PASS
Average-cost verification passed for 22 test W values.

================================================================================
INSTANCE 38
================================================================================
C=5.0, K=1000.0, C_switch=91.0, beta=0.95
Survival probabilities: [0.9507, 0.732 , 0.5987, 0.3745, 0.156 , 0.    ]
--------------------------------------------------------------------------------

Passive transition matrix:
         (0,1)    (0,0)    (1,0)    (2,0)    (3,0)    (4,0)    (5,0)
(0,1) 0.000000 0.049286 0.950714 0.000000 0.000000 0.000000 0.000000
(0,0) 0.000000 0.049286 0.950714 0.000000 0.000000 0.000000 0.000000
(1,0) 0.000000 0.268006 0.000000 0.731994 0.000000 0.000000 0.000000
(2,0) 0.000000 0.401342 0.000000 0.000000 0.598658 0.000000 0.000000
(3,0) 0.000000 0.625460 0.000000 0.000000 0.000000 0.374540 0.000000
(4,0) 0.000000 0.843981 0.000000 0.000000 0.000000 0.000000 0.156019
(5,0) 0.000000 1.000000 0.000000 0.000000 0.000000 0.000000 0.000000

Passive reward vector:
         Passive
(0,1)   -49.2857
(0,0)   -49.2857
(1,0)  -268.0061
(2,0)  -401.3415
(3,0)  -625.4599
(4,0)  -843.9814
(5,0) -1000.0000

Active transition matrix:
         (0,1)    (0,0)    (1,0)    (2,0)    (3,0)    (4,0)    (5,0)
(0,1) 1.000000 0.000000 0.000000 0.000000 0.000000 0.000000 0.000000
(0,0) 1.000000 0.000000 0.000000 0.000000 0.000000 0.000000 0.000000
(1,0) 1.000000 0.000000 0.000000 0.000000 0.000000 0.000000 0.000000
(2,0) 1.000000 0.000000 0.000000 0.000000 0.000000 0.000000 0.000000
(3,0) 1.000000 0.000000 0.000000 0.000000 0.000000 0.000000 0.000000
(4,0) 1.000000 0.000000 0.000000 0.000000 0.000000 0.000000 0.000000
(5,0) 1.000000 0.000000 0.000000 0.000000 0.000000 0.000000 0.000000

Active reward vector:
        Active
(0,1)  -5.0000
(0,0) -96.0000
(1,0) -96.0000
(2,0) -96.0000
(3,0) -96.0000
(4,0) -96.0000
(5,0) -96.0000

--- Discounted Whittle Indices (beta=0.95) ---
       ClosedForm         VI         PI    Package
(0,1)  126.474945 126.474947 126.474947 126.474945
(0,0)   39.735694  39.735690  39.735690  39.735694
(1,0)  297.936555 297.936559 297.936559 297.936555
(2,0)  490.806505 490.806520 490.806520 490.806505
(3,0)  715.579709 715.579718 715.579718 715.579709
(4,0)  843.701024 843.701035 843.701035 843.701024
(5,0)  904.000000 903.999999 903.999999 904.000000

Discounted monotonicity (closed-form): PASS
Indices are strictly increasing in the expected state ordering.

Discounted indexability verification: PASS
Discounted verification passed for 22 test W values.

--- Average-Cost Whittle Indices ---
             RVI         PI    Package
(0,1) 130.800695 130.800695 130.800695
(0,0)  44.285694  44.285694  44.285694
(1,0) 303.374981 303.374981 303.374981
(2,0) 499.178192 499.178192 499.178192
(3,0) 723.235515 723.235515 723.235515
(4,0) 847.087221 847.087221 847.087221
(5,0) 904.000000 904.000000 904.000000

Average-cost monotonicity (RVI): PASS
Indices are strictly increasing in the expected state ordering.

Average-cost indexability verification: PASS
Average-cost verification passed for 22 test W values.

================================================================================
INSTANCE 39
================================================================================
C=5.0, K=1000.0, C_switch=91.0, beta=0.9999
Survival probabilities: [0.9507, 0.732 , 0.5987, 0.3745, 0.156 , 0.    ]
--------------------------------------------------------------------------------

Passive transition matrix:
         (0,1)    (0,0)    (1,0)    (2,0)    (3,0)    (4,0)    (5,0)
(0,1) 0.000000 0.049286 0.950714 0.000000 0.000000 0.000000 0.000000
(0,0) 0.000000 0.049286 0.950714 0.000000 0.000000 0.000000 0.000000
(1,0) 0.000000 0.268006 0.000000 0.731994 0.000000 0.000000 0.000000
(2,0) 0.000000 0.401342 0.000000 0.000000 0.598658 0.000000 0.000000
(3,0) 0.000000 0.625460 0.000000 0.000000 0.000000 0.374540 0.000000
(4,0) 0.000000 0.843981 0.000000 0.000000 0.000000 0.000000 0.156019
(5,0) 0.000000 1.000000 0.000000 0.000000 0.000000 0.000000 0.000000

Passive reward vector:
         Passive
(0,1)   -49.2857
(0,0)   -49.2857
(1,0)  -268.0061
(2,0)  -401.3415
(3,0)  -625.4599
(4,0)  -843.9814
(5,0) -1000.0000

Active transition matrix:
         (0,1)    (0,0)    (1,0)    (2,0)    (3,0)    (4,0)    (5,0)
(0,1) 1.000000 0.000000 0.000000 0.000000 0.000000 0.000000 0.000000
(0,0) 1.000000 0.000000 0.000000 0.000000 0.000000 0.000000 0.000000
(1,0) 1.000000 0.000000 0.000000 0.000000 0.000000 0.000000 0.000000
(2,0) 1.000000 0.000000 0.000000 0.000000 0.000000 0.000000 0.000000
(3,0) 1.000000 0.000000 0.000000 0.000000 0.000000 0.000000 0.000000
(4,0) 1.000000 0.000000 0.000000 0.000000 0.000000 0.000000 0.000000
(5,0) 1.000000 0.000000 0.000000 0.000000 0.000000 0.000000 0.000000

Active reward vector:
        Active
(0,1)  -5.0000
(0,0) -96.0000
(1,0) -96.0000
(2,0) -96.0000
(3,0) -96.0000
(4,0) -96.0000
(5,0) -96.0000

--- Discounted Whittle Indices (beta=0.9999) ---
       ClosedForm         VI         PI    Package
(0,1)  130.792044 130.792052 130.792052 130.792044
(0,0)   44.276594  44.276595  44.276595  44.276594
(1,0)  303.364202 303.364217 303.364217 303.364202
(2,0)  499.161614 499.161601 499.161601 499.161614
(3,0)  723.220476 723.220468 723.220468 723.220476
(4,0)  847.080623 847.080618 847.080618 847.080623
(5,0)  904.000000 903.999999 903.999999 904.000000

Discounted monotonicity (closed-form): PASS
Indices are strictly increasing in the expected state ordering.

Discounted indexability verification: PASS
Discounted verification passed for 22 test W values.

--- Average-Cost Whittle Indices ---
             RVI         PI    Package
(0,1) 130.800695 130.800695 130.800695
(0,0)  44.285694  44.285694  44.285694
(1,0) 303.374981 303.374981 303.374981
(2,0) 499.178192 499.178192 499.178192
(3,0) 723.235515 723.235515 723.235515
(4,0) 847.087221 847.087221 847.087221
(5,0) 904.000000 904.000000 904.000000

Average-cost monotonicity (RVI): PASS
Indices are strictly increasing in the expected state ordering.

Average-cost indexability verification: PASS
Average-cost verification passed for 22 test W values.

================================================================================
INSTANCE 40
================================================================================
C=5.0, K=1000.0, C_switch=100.0, beta=0.9
Survival probabilities: [0.9507, 0.732 , 0.5987, 0.3745, 0.156 , 0.    ]
--------------------------------------------------------------------------------

Passive transition matrix:
         (0,1)    (0,0)    (1,0)    (2,0)    (3,0)    (4,0)    (5,0)
(0,1) 0.000000 0.049286 0.950714 0.000000 0.000000 0.000000 0.000000
(0,0) 0.000000 0.049286 0.950714 0.000000 0.000000 0.000000 0.000000
(1,0) 0.000000 0.268006 0.000000 0.731994 0.000000 0.000000 0.000000
(2,0) 0.000000 0.401342 0.000000 0.000000 0.598658 0.000000 0.000000
(3,0) 0.000000 0.625460 0.000000 0.000000 0.000000 0.374540 0.000000
(4,0) 0.000000 0.843981 0.000000 0.000000 0.000000 0.000000 0.156019
(5,0) 0.000000 1.000000 0.000000 0.000000 0.000000 0.000000 0.000000

Passive reward vector:
         Passive
(0,1)   -49.2857
(0,0)   -49.2857
(1,0)  -268.0061
(2,0)  -401.3415
(3,0)  -625.4599
(4,0)  -843.9814
(5,0) -1000.0000

Active transition matrix:
         (0,1)    (0,0)    (1,0)    (2,0)    (3,0)    (4,0)    (5,0)
(0,1) 1.000000 0.000000 0.000000 0.000000 0.000000 0.000000 0.000000
(0,0) 1.000000 0.000000 0.000000 0.000000 0.000000 0.000000 0.000000
(1,0) 1.000000 0.000000 0.000000 0.000000 0.000000 0.000000 0.000000
(2,0) 1.000000 0.000000 0.000000 0.000000 0.000000 0.000000 0.000000
(3,0) 1.000000 0.000000 0.000000 0.000000 0.000000 0.000000 0.000000
(4,0) 1.000000 0.000000 0.000000 0.000000 0.000000 0.000000 0.000000
(5,0) 1.000000 0.000000 0.000000 0.000000 0.000000 0.000000 0.000000

Active reward vector:
         Active
(0,1)   -5.0000
(0,0) -105.0000
(1,0) -105.0000
(2,0) -105.0000
(3,0) -105.0000
(4,0) -105.0000
(5,0) -105.0000

--- Discounted Whittle Indices (beta=0.9) ---
       ClosedForm         VI         PI    Package
(0,1)  129.849981 129.849985 129.849985 129.849981
(0,0)   34.285694  34.285694  34.285694  34.285694
(1,0)  283.398743 283.398747 283.398747 283.398743
(2,0)  473.269641 473.269641 473.269641 473.269641
(3,0)  698.651249 698.651254 698.651254 698.651249
(4,0)  831.138157 831.138164 831.138164 831.138157
(5,0)  895.000000 894.999996 894.999996 895.000000

Discounted monotonicity (closed-form): PASS
Indices are strictly increasing in the expected state ordering.

Discounted indexability verification: PASS
Discounted verification passed for 22 test W values.

--- Average-Cost Whittle Indices ---
             RVI         PI    Package
(0,1) 139.357124 139.357124 139.357124
(0,0)  44.285694  44.285694  44.285694
(1,0) 294.374981 294.374981 294.374981
(2,0) 490.178192 490.178192 490.178192
(3,0) 714.235515 714.235515 714.235515
(4,0) 838.087221 838.087221 838.087221
(5,0) 895.000000 895.000000 895.000000

Average-cost monotonicity (RVI): PASS
Indices are strictly increasing in the expected state ordering.

Average-cost indexability verification: PASS
Average-cost verification passed for 22 test W values.

================================================================================
INSTANCE 41
================================================================================
C=5.0, K=1000.0, C_switch=100.0, beta=0.95
Survival probabilities: [0.9507, 0.732 , 0.5987, 0.3745, 0.156 , 0.    ]
--------------------------------------------------------------------------------

Passive transition matrix:
         (0,1)    (0,0)    (1,0)    (2,0)    (3,0)    (4,0)    (5,0)
(0,1) 0.000000 0.049286 0.950714 0.000000 0.000000 0.000000 0.000000
(0,0) 0.000000 0.049286 0.950714 0.000000 0.000000 0.000000 0.000000
(1,0) 0.000000 0.268006 0.000000 0.731994 0.000000 0.000000 0.000000
(2,0) 0.000000 0.401342 0.000000 0.000000 0.598658 0.000000 0.000000
(3,0) 0.000000 0.625460 0.000000 0.000000 0.000000 0.374540 0.000000
(4,0) 0.000000 0.843981 0.000000 0.000000 0.000000 0.000000 0.156019
(5,0) 0.000000 1.000000 0.000000 0.000000 0.000000 0.000000 0.000000

Passive reward vector:
         Passive
(0,1)   -49.2857
(0,0)   -49.2857
(1,0)  -268.0061
(2,0)  -401.3415
(3,0)  -625.4599
(4,0)  -843.9814
(5,0) -1000.0000

Active transition matrix:
         (0,1)    (0,0)    (1,0)    (2,0)    (3,0)    (4,0)    (5,0)
(0,1) 1.000000 0.000000 0.000000 0.000000 0.000000 0.000000 0.000000
(0,0) 1.000000 0.000000 0.000000 0.000000 0.000000 0.000000 0.000000
(1,0) 1.000000 0.000000 0.000000 0.000000 0.000000 0.000000 0.000000
(2,0) 1.000000 0.000000 0.000000 0.000000 0.000000 0.000000 0.000000
(3,0) 1.000000 0.000000 0.000000 0.000000 0.000000 0.000000 0.000000
(4,0) 1.000000 0.000000 0.000000 0.000000 0.000000 0.000000 0.000000
(5,0) 1.000000 0.000000 0.000000 0.000000 0.000000 0.000000 0.000000

Active reward vector:
         Active
(0,1)   -5.0000
(0,0) -105.0000
(1,0) -105.0000
(2,0) -105.0000
(3,0) -105.0000
(4,0) -105.0000
(5,0) -105.0000

--- Discounted Whittle Indices (beta=0.95) ---
       ClosedForm         VI         PI    Package
(0,1)  134.603553 134.603560 134.603560 134.603553
(0,0)   39.285694  39.285690  39.285690  39.285694
(1,0)  288.936555 288.936555 288.936555 288.936555
(2,0)  481.806505 481.806517 481.806517 481.806505
(3,0)  706.579709 706.579715 706.579715 706.579709
(4,0)  834.701024 834.701031 834.701031 834.701024
(5,0)  895.000000 894.999996 894.999996 895.000000

Discounted monotonicity (closed-form): PASS
Indices are strictly increasing in the expected state ordering.

Discounted indexability verification: PASS
Discounted verification passed for 22 test W values.

--- Average-Cost Whittle Indices ---
             RVI         PI    Package
(0,1) 139.357124 139.357124 139.357124
(0,0)  44.285694  44.285694  44.285694
(1,0) 294.374981 294.374981 294.374981
(2,0) 490.178192 490.178192 490.178192
(3,0) 714.235515 714.235515 714.235515
(4,0) 838.087221 838.087221 838.087221
(5,0) 895.000000 895.000000 895.000000

Average-cost monotonicity (RVI): PASS
Indices are strictly increasing in the expected state ordering.

Average-cost indexability verification: PASS
Average-cost verification passed for 22 test W values.

================================================================================
INSTANCE 42
================================================================================
C=5.0, K=1000.0, C_switch=100.0, beta=0.9999
Survival probabilities: [0.9507, 0.732 , 0.5987, 0.3745, 0.156 , 0.    ]
--------------------------------------------------------------------------------

Passive transition matrix:
         (0,1)    (0,0)    (1,0)    (2,0)    (3,0)    (4,0)    (5,0)
(0,1) 0.000000 0.049286 0.950714 0.000000 0.000000 0.000000 0.000000
(0,0) 0.000000 0.049286 0.950714 0.000000 0.000000 0.000000 0.000000
(1,0) 0.000000 0.268006 0.000000 0.731994 0.000000 0.000000 0.000000
(2,0) 0.000000 0.401342 0.000000 0.000000 0.598658 0.000000 0.000000
(3,0) 0.000000 0.625460 0.000000 0.000000 0.000000 0.374540 0.000000
(4,0) 0.000000 0.843981 0.000000 0.000000 0.000000 0.000000 0.156019
(5,0) 0.000000 1.000000 0.000000 0.000000 0.000000 0.000000 0.000000

Passive reward vector:
         Passive
(0,1)   -49.2857
(0,0)   -49.2857
(1,0)  -268.0061
(2,0)  -401.3415
(3,0)  -625.4599
(4,0)  -843.9814
(5,0) -1000.0000

Active transition matrix:
         (0,1)    (0,0)    (1,0)    (2,0)    (3,0)    (4,0)    (5,0)
(0,1) 1.000000 0.000000 0.000000 0.000000 0.000000 0.000000 0.000000
(0,0) 1.000000 0.000000 0.000000 0.000000 0.000000 0.000000 0.000000
(1,0) 1.000000 0.000000 0.000000 0.000000 0.000000 0.000000 0.000000
(2,0) 1.000000 0.000000 0.000000 0.000000 0.000000 0.000000 0.000000
(3,0) 1.000000 0.000000 0.000000 0.000000 0.000000 0.000000 0.000000
(4,0) 1.000000 0.000000 0.000000 0.000000 0.000000 0.000000 0.000000
(5,0) 1.000000 0.000000 0.000000 0.000000 0.000000 0.000000 0.000000

Active reward vector:
         Active
(0,1)   -5.0000
(0,0) -105.0000
(1,0) -105.0000
(2,0) -105.0000
(3,0) -105.0000
(4,0) -105.0000
(5,0) -105.0000

--- Discounted Whittle Indices (beta=0.9999) ---
       ClosedForm         VI         PI    Package
(0,1)  139.347617 139.347613 139.347613 139.347617
(0,0)   44.275694  44.275701  44.275701  44.275694
(1,0)  294.364202 294.364214 294.364214 294.364202
(2,0)  490.161614 490.161598 490.161598 490.161614
(3,0)  714.220476 714.220464 714.220464 714.220476
(4,0)  838.080623 838.080615 838.080615 838.080623
(5,0)  895.000000 894.999996 894.999996 895.000000

Discounted monotonicity (closed-form): PASS
Indices are strictly increasing in the expected state ordering.

Discounted indexability verification: PASS
Discounted verification passed for 22 test W values.

--- Average-Cost Whittle Indices ---
             RVI         PI    Package
(0,1) 139.357124 139.357124 139.357124
(0,0)  44.285694  44.285694  44.285694
(1,0) 294.374981 294.374981 294.374981
(2,0) 490.178192 490.178192 490.178192
(3,0) 714.235515 714.235515 714.235515
(4,0) 838.087221 838.087221 838.087221
(5,0) 895.000000 895.000000 895.000000

Average-cost monotonicity (RVI): PASS
Indices are strictly increasing in the expected state ordering.

Average-cost indexability verification: PASS
Average-cost verification passed for 22 test W values.

================================================================================
INSTANCE 43
================================================================================
C=5.0, K=1000.0, C_switch=200.0, beta=0.9
Survival probabilities: [0.9507, 0.732 , 0.5987, 0.3745, 0.156 , 0.    ]
--------------------------------------------------------------------------------

Passive transition matrix:
         (0,1)    (0,0)    (1,0)    (2,0)    (3,0)    (4,0)    (5,0)
(0,1) 0.000000 0.049286 0.950714 0.000000 0.000000 0.000000 0.000000
(0,0) 0.000000 0.049286 0.950714 0.000000 0.000000 0.000000 0.000000
(1,0) 0.000000 0.268006 0.000000 0.731994 0.000000 0.000000 0.000000
(2,0) 0.000000 0.401342 0.000000 0.000000 0.598658 0.000000 0.000000
(3,0) 0.000000 0.625460 0.000000 0.000000 0.000000 0.374540 0.000000
(4,0) 0.000000 0.843981 0.000000 0.000000 0.000000 0.000000 0.156019
(5,0) 0.000000 1.000000 0.000000 0.000000 0.000000 0.000000 0.000000

Passive reward vector:
         Passive
(0,1)   -49.2857
(0,0)   -49.2857
(1,0)  -268.0061
(2,0)  -401.3415
(3,0)  -625.4599
(4,0)  -843.9814
(5,0) -1000.0000

Active transition matrix:
         (0,1)    (0,0)    (1,0)    (2,0)    (3,0)    (4,0)    (5,0)
(0,1) 1.000000 0.000000 0.000000 0.000000 0.000000 0.000000 0.000000
(0,0) 1.000000 0.000000 0.000000 0.000000 0.000000 0.000000 0.000000
(1,0) 1.000000 0.000000 0.000000 0.000000 0.000000 0.000000 0.000000
(2,0) 1.000000 0.000000 0.000000 0.000000 0.000000 0.000000 0.000000
(3,0) 1.000000 0.000000 0.000000 0.000000 0.000000 0.000000 0.000000
(4,0) 1.000000 0.000000 0.000000 0.000000 0.000000 0.000000 0.000000
(5,0) 1.000000 0.000000 0.000000 0.000000 0.000000 0.000000 0.000000

Active reward vector:
         Active
(0,1)   -5.0000
(0,0) -205.0000
(1,0) -205.0000
(2,0) -205.0000
(3,0) -205.0000
(4,0) -205.0000
(5,0) -205.0000

--- Discounted Whittle Indices (beta=0.9) ---
       ClosedForm         VI         PI    Package
(0,1)  215.414269 205.892816 205.892816 205.892810
(0,0)   24.285694  24.285689  24.285689  24.285694
(1,0)  183.398743 198.926494 198.926494 198.926501
(2,0)  373.269641 373.269647 373.269647 373.269641
(3,0)  598.651249 598.651260 598.651260 598.651249
(4,0)  731.138157 731.138155 731.138155 731.138157
(5,0)  795.000000 795.000002 795.000002 795.000000

Discounted monotonicity (closed-form): FAIL
Monotonicity broken: (0,1) (215.4143) >= (1,0) (183.3987)

Discounted indexability verification: FAIL
Discounted verification FAILED: first errors:
W=183.398744, (1,0): passive but Q1 > Q0
W=215.414268, (0,1): active but Q0 > Q1
W=215.414269, (0,1): active but Q0 > Q1

--- Average-Cost Whittle Indices ---
             RVI         PI    Package
(0,1) 222.232818 222.232818 222.232818
(0,0)  44.285694  44.285694  44.285694
(1,0) 214.907754 214.907754 214.907754
(2,0) 390.178192 390.178192 390.178192
(3,0) 614.235515 614.235515 614.235515
(4,0) 738.087221 738.087221 738.087221
(5,0) 795.000000 795.000000 795.000000

Average-cost monotonicity (RVI): FAIL
Monotonicity broken: (0,1) (222.2328) >= (1,0) (214.9078)

Average-cost indexability verification: PASS
Average-cost verification passed for 22 test W values.

================================================================================
INSTANCE 44
================================================================================
C=5.0, K=1000.0, C_switch=200.0, beta=0.95
Survival probabilities: [0.9507, 0.732 , 0.5987, 0.3745, 0.156 , 0.    ]
--------------------------------------------------------------------------------

Passive transition matrix:
         (0,1)    (0,0)    (1,0)    (2,0)    (3,0)    (4,0)    (5,0)
(0,1) 0.000000 0.049286 0.950714 0.000000 0.000000 0.000000 0.000000
(0,0) 0.000000 0.049286 0.950714 0.000000 0.000000 0.000000 0.000000
(1,0) 0.000000 0.268006 0.000000 0.731994 0.000000 0.000000 0.000000
(2,0) 0.000000 0.401342 0.000000 0.000000 0.598658 0.000000 0.000000
(3,0) 0.000000 0.625460 0.000000 0.000000 0.000000 0.374540 0.000000
(4,0) 0.000000 0.843981 0.000000 0.000000 0.000000 0.000000 0.156019
(5,0) 0.000000 1.000000 0.000000 0.000000 0.000000 0.000000 0.000000

Passive reward vector:
         Passive
(0,1)   -49.2857
(0,0)   -49.2857
(1,0)  -268.0061
(2,0)  -401.3415
(3,0)  -625.4599
(4,0)  -843.9814
(5,0) -1000.0000

Active transition matrix:
         (0,1)    (0,0)    (1,0)    (2,0)    (3,0)    (4,0)    (5,0)
(0,1) 1.000000 0.000000 0.000000 0.000000 0.000000 0.000000 0.000000
(0,0) 1.000000 0.000000 0.000000 0.000000 0.000000 0.000000 0.000000
(1,0) 1.000000 0.000000 0.000000 0.000000 0.000000 0.000000 0.000000
(2,0) 1.000000 0.000000 0.000000 0.000000 0.000000 0.000000 0.000000
(3,0) 1.000000 0.000000 0.000000 0.000000 0.000000 0.000000 0.000000
(4,0) 1.000000 0.000000 0.000000 0.000000 0.000000 0.000000 0.000000
(5,0) 1.000000 0.000000 0.000000 0.000000 0.000000 0.000000 0.000000

Active reward vector:
         Active
(0,1)   -5.0000
(0,0) -205.0000
(1,0) -205.0000
(2,0) -205.0000
(3,0) -205.0000
(4,0) -205.0000
(5,0) -205.0000

--- Discounted Whittle Indices (beta=0.95) ---
       ClosedForm         VI         PI    Package
(0,1)  224.921412 214.084059 214.084059 214.084046
(0,0)   34.285694  34.285694  34.285694  34.285694
(1,0)  188.936555 206.898928 206.898928 206.898933
(2,0)  381.806505 381.806493 381.806493 381.806505
(3,0)  606.579709 606.579721 606.579721 606.579709
(4,0)  734.701024 734.701023 734.701023 734.701024
(5,0)  795.000000 795.000002 795.000002 795.000000

Discounted monotonicity (closed-form): FAIL
Monotonicity broken: (0,1) (224.9214) >= (1,0) (188.9366)

Discounted indexability verification: FAIL
Discounted verification FAILED: first errors:
W=188.936556, (1,0): passive but Q1 > Q0
W=224.921411, (0,1): active but Q0 > Q1
W=224.921412, (0,1): active but Q0 > Q1

--- Average-Cost Whittle Indices ---
             RVI         PI    Package
(0,1) 222.232818 222.232818 222.232818
(0,0)  44.285694  44.285694  44.285694
(1,0) 214.907754 214.907754 214.907754
(2,0) 390.178192 390.178192 390.178192
(3,0) 614.235515 614.235515 614.235515
(4,0) 738.087221 738.087221 738.087221
(5,0) 795.000000 795.000000 795.000000

Average-cost monotonicity (RVI): FAIL
Monotonicity broken: (0,1) (222.2328) >= (1,0) (214.9078)

Average-cost indexability verification: PASS
Average-cost verification passed for 22 test W values.

================================================================================
INSTANCE 45
================================================================================
C=5.0, K=1000.0, C_switch=200.0, beta=0.9999
Survival probabilities: [0.9507, 0.732 , 0.5987, 0.3745, 0.156 , 0.    ]
--------------------------------------------------------------------------------

Passive transition matrix:
         (0,1)    (0,0)    (1,0)    (2,0)    (3,0)    (4,0)    (5,0)
(0,1) 0.000000 0.049286 0.950714 0.000000 0.000000 0.000000 0.000000
(0,0) 0.000000 0.049286 0.950714 0.000000 0.000000 0.000000 0.000000
(1,0) 0.000000 0.268006 0.000000 0.731994 0.000000 0.000000 0.000000
(2,0) 0.000000 0.401342 0.000000 0.000000 0.598658 0.000000 0.000000
(3,0) 0.000000 0.625460 0.000000 0.000000 0.000000 0.374540 0.000000
(4,0) 0.000000 0.843981 0.000000 0.000000 0.000000 0.000000 0.156019
(5,0) 0.000000 1.000000 0.000000 0.000000 0.000000 0.000000 0.000000

Passive reward vector:
         Passive
(0,1)   -49.2857
(0,0)   -49.2857
(1,0)  -268.0061
(2,0)  -401.3415
(3,0)  -625.4599
(4,0)  -843.9814
(5,0) -1000.0000

Active transition matrix:
         (0,1)    (0,0)    (1,0)    (2,0)    (3,0)    (4,0)    (5,0)
(0,1) 1.000000 0.000000 0.000000 0.000000 0.000000 0.000000 0.000000
(0,0) 1.000000 0.000000 0.000000 0.000000 0.000000 0.000000 0.000000
(1,0) 1.000000 0.000000 0.000000 0.000000 0.000000 0.000000 0.000000
(2,0) 1.000000 0.000000 0.000000 0.000000 0.000000 0.000000 0.000000
(3,0) 1.000000 0.000000 0.000000 0.000000 0.000000 0.000000 0.000000
(4,0) 1.000000 0.000000 0.000000 0.000000 0.000000 0.000000 0.000000
(5,0) 1.000000 0.000000 0.000000 0.000000 0.000000 0.000000 0.000000

Active reward vector:
         Active
(0,1)   -5.0000
(0,0) -205.0000
(1,0) -205.0000
(2,0) -205.0000
(3,0) -205.0000
(4,0) -205.0000
(5,0) -205.0000

--- Discounted Whittle Indices (beta=0.9999) ---
       ClosedForm         VI         PI    Package
(0,1)  234.409541 222.216561 222.216561 222.216561
(0,0)   44.265694  44.265687  44.265687  44.265694
(1,0)  194.364202 214.891702 214.891702 214.891701
(2,0)  390.161614 390.161633 390.161633 390.161614
(3,0)  614.220476 614.220470 614.220470 614.220476
(4,0)  738.080623 738.080621 738.080621 738.080623
(5,0)  795.000000 795.000002 795.000002 795.000000

Discounted monotonicity (closed-form): FAIL
Monotonicity broken: (0,1) (234.4095) >= (1,0) (194.3642)

Discounted indexability verification: FAIL
Discounted verification FAILED: first errors:
W=194.364203, (1,0): passive but Q1 > Q0
W=234.409540, (0,1): active but Q0 > Q1
W=234.409541, (0,1): active but Q0 > Q1

--- Average-Cost Whittle Indices ---
             RVI         PI    Package
(0,1) 222.232818 222.232818 222.232818
(0,0)  44.285694  44.285694  44.285694
(1,0) 214.907754 214.907754 214.907754
(2,0) 390.178192 390.178192 390.178192
(3,0) 614.235515 614.235515 614.235515
(4,0) 738.087221 738.087221 738.087221
(5,0) 795.000000 795.000000 795.000000

Average-cost monotonicity (RVI): FAIL
Monotonicity broken: (0,1) (222.2328) >= (1,0) (214.9078)

Average-cost indexability verification: PASS
Average-cost verification passed for 22 test W values.

================================================================================
INSTANCE 46
================================================================================
C=5.0, K=1000.0, C_switch=500.0, beta=0.9
Survival probabilities: [0.9507, 0.732 , 0.5987, 0.3745, 0.156 , 0.    ]
--------------------------------------------------------------------------------

Passive transition matrix:
         (0,1)    (0,0)    (1,0)    (2,0)    (3,0)    (4,0)    (5,0)
(0,1) 0.000000 0.049286 0.950714 0.000000 0.000000 0.000000 0.000000
(0,0) 0.000000 0.049286 0.950714 0.000000 0.000000 0.000000 0.000000
(1,0) 0.000000 0.268006 0.000000 0.731994 0.000000 0.000000 0.000000
(2,0) 0.000000 0.401342 0.000000 0.000000 0.598658 0.000000 0.000000
(3,0) 0.000000 0.625460 0.000000 0.000000 0.000000 0.374540 0.000000
(4,0) 0.000000 0.843981 0.000000 0.000000 0.000000 0.000000 0.156019
(5,0) 0.000000 1.000000 0.000000 0.000000 0.000000 0.000000 0.000000

Passive reward vector:
         Passive
(0,1)   -49.2857
(0,0)   -49.2857
(1,0)  -268.0061
(2,0)  -401.3415
(3,0)  -625.4599
(4,0)  -843.9814
(5,0) -1000.0000

Active transition matrix:
         (0,1)    (0,0)    (1,0)    (2,0)    (3,0)    (4,0)    (5,0)
(0,1) 1.000000 0.000000 0.000000 0.000000 0.000000 0.000000 0.000000
(0,0) 1.000000 0.000000 0.000000 0.000000 0.000000 0.000000 0.000000
(1,0) 1.000000 0.000000 0.000000 0.000000 0.000000 0.000000 0.000000
(2,0) 1.000000 0.000000 0.000000 0.000000 0.000000 0.000000 0.000000
(3,0) 1.000000 0.000000 0.000000 0.000000 0.000000 0.000000 0.000000
(4,0) 1.000000 0.000000 0.000000 0.000000 0.000000 0.000000 0.000000
(5,0) 1.000000 0.000000 0.000000 0.000000 0.000000 0.000000 0.000000

Active reward vector:
         Active
(0,1)   -5.0000
(0,0) -505.0000
(1,0) -505.0000
(2,0) -505.0000
(3,0) -505.0000
(4,0) -505.0000
(5,0) -505.0000

--- Discounted Whittle Indices (beta=0.9) ---
       ClosedForm         VI         PI    Package
(0,1)  472.107131 266.435377 266.435377 266.435372
(0,0)   -5.714306  -5.714297  -5.714297  -5.714306
(1,0) -116.601257 168.926500 168.926500 168.926501
(2,0)   73.269641 227.728643 227.728643 227.728644
(3,0)  298.651249 298.651248 298.651248 298.651249
(4,0)  431.138157 431.138158 431.138158 431.138157
(5,0)  495.000000 495.000005 495.000005 495.000000

Discounted monotonicity (closed-form): FAIL
Monotonicity broken: (0,1) (472.1071) >= (1,0) (-116.6013)

Discounted indexability verification: FAIL
Discounted verification FAILED: first errors:
W=-116.601256, (1,0): passive but Q1 > Q0
W=-5.714307, (1,0): passive but Q1 > Q0
W=-5.714306, (1,0): passive but Q1 > Q0
W=-5.714305, (0,0): passive but Q1 > Q0
W=-5.714305, (1,0): passive but Q1 > Q0
W=73.269640, (0,0): passive but Q1 > Q0
W=73.269640, (1,0): passive but Q1 > Q0
W=73.269641, (0,0): passive but Q1 > Q0
W=73.269641, (1,0): passive but Q1 > Q0
W=73.269642, (0,0): passive but Q1 > Q0

--- Average-Cost Whittle Indices ---
             RVI         PI    Package
(0,1) 294.131814 294.131814 294.131814
(0,0)  44.285694  44.285694  44.285694
(1,0) 214.907754 214.907754 214.907754
(2,0) 266.393127 266.393127 266.393127
(3,0) 314.235515 314.235515 314.235515
(4,0) 438.087221 438.087221 438.087221
(5,0) 495.000000 495.000000 495.000000

Average-cost monotonicity (RVI): FAIL
Monotonicity broken: (0,1) (294.1318) >= (1,0) (214.9078)

Average-cost indexability verification: PASS
Average-cost verification passed for 22 test W values.

================================================================================
INSTANCE 47
================================================================================
C=5.0, K=1000.0, C_switch=500.0, beta=0.95
Survival probabilities: [0.9507, 0.732 , 0.5987, 0.3745, 0.156 , 0.    ]
--------------------------------------------------------------------------------

Passive transition matrix:
         (0,1)    (0,0)    (1,0)    (2,0)    (3,0)    (4,0)    (5,0)
(0,1) 0.000000 0.049286 0.950714 0.000000 0.000000 0.000000 0.000000
(0,0) 0.000000 0.049286 0.950714 0.000000 0.000000 0.000000 0.000000
(1,0) 0.000000 0.268006 0.000000 0.731994 0.000000 0.000000 0.000000
(2,0) 0.000000 0.401342 0.000000 0.000000 0.598658 0.000000 0.000000
(3,0) 0.000000 0.625460 0.000000 0.000000 0.000000 0.374540 0.000000
(4,0) 0.000000 0.843981 0.000000 0.000000 0.000000 0.000000 0.156019
(5,0) 0.000000 1.000000 0.000000 0.000000 0.000000 0.000000 0.000000

Passive reward vector:
         Passive
(0,1)   -49.2857
(0,0)   -49.2857
(1,0)  -268.0061
(2,0)  -401.3415
(3,0)  -625.4599
(4,0)  -843.9814
(5,0) -1000.0000

Active transition matrix:
         (0,1)    (0,0)    (1,0)    (2,0)    (3,0)    (4,0)    (5,0)
(0,1) 1.000000 0.000000 0.000000 0.000000 0.000000 0.000000 0.000000
(0,0) 1.000000 0.000000 0.000000 0.000000 0.000000 0.000000 0.000000
(1,0) 1.000000 0.000000 0.000000 0.000000 0.000000 0.000000 0.000000
(2,0) 1.000000 0.000000 0.000000 0.000000 0.000000 0.000000 0.000000
(3,0) 1.000000 0.000000 0.000000 0.000000 0.000000 0.000000 0.000000
(4,0) 1.000000 0.000000 0.000000 0.000000 0.000000 0.000000 0.000000
(5,0) 1.000000 0.000000 0.000000 0.000000 0.000000 0.000000 0.000000

Active reward vector:
         Active
(0,1)   -5.0000
(0,0) -505.0000
(1,0) -505.0000
(2,0) -505.0000
(3,0) -505.0000
(4,0) -505.0000
(5,0) -505.0000

--- Discounted Whittle Indices (beta=0.95) ---
       ClosedForm         VI         PI    Package
(0,1)  495.874989 280.239239 280.239239 280.239230
(0,0)   19.285694  19.285694  19.285694  19.285694
(1,0) -111.063445 191.898927 191.898927 191.898933
(2,0)   81.806505 247.005515 247.005515 247.005518
(3,0)  306.579709 306.579709 306.579709 306.579709
(4,0)  434.701024 434.701025 434.701025 434.701024
(5,0)  495.000000 495.000005 495.000005 495.000000

Discounted monotonicity (closed-form): FAIL
Monotonicity broken: (0,1) (495.8750) >= (1,0) (-111.0634)

Discounted indexability verification: FAIL
Discounted verification FAILED: first errors:
W=-111.063444, (1,0): passive but Q1 > Q0
W=19.285693, (1,0): passive but Q1 > Q0
W=19.285694, (1,0): passive but Q1 > Q0
W=19.285695, (0,0): passive but Q1 > Q0
W=19.285695, (1,0): passive but Q1 > Q0
W=81.806504, (0,0): passive but Q1 > Q0
W=81.806504, (1,0): passive but Q1 > Q0
W=81.806505, (0,0): passive but Q1 > Q0
W=81.806505, (1,0): passive but Q1 > Q0
W=81.806506, (0,0): passive but Q1 > Q0

--- Average-Cost Whittle Indices ---
             RVI         PI    Package
(0,1) 294.131814 294.131814 294.131814
(0,0)  44.285694  44.285694  44.285694
(1,0) 214.907754 214.907754 214.907754
(2,0) 266.393127 266.393127 266.393127
(3,0) 314.235515 314.235515 314.235515
(4,0) 438.087221 438.087221 438.087221
(5,0) 495.000000 495.000000 495.000000

Average-cost monotonicity (RVI): FAIL
Monotonicity broken: (0,1) (294.1318) >= (1,0) (214.9078)

Average-cost indexability verification: PASS
Average-cost verification passed for 22 test W values.

================================================================================
INSTANCE 48
================================================================================
C=5.0, K=1000.0, C_switch=500.0, beta=0.9999
Survival probabilities: [0.9507, 0.732 , 0.5987, 0.3745, 0.156 , 0.    ]
--------------------------------------------------------------------------------

Passive transition matrix:
         (0,1)    (0,0)    (1,0)    (2,0)    (3,0)    (4,0)    (5,0)
(0,1) 0.000000 0.049286 0.950714 0.000000 0.000000 0.000000 0.000000
(0,0) 0.000000 0.049286 0.950714 0.000000 0.000000 0.000000 0.000000
(1,0) 0.000000 0.268006 0.000000 0.731994 0.000000 0.000000 0.000000
(2,0) 0.000000 0.401342 0.000000 0.000000 0.598658 0.000000 0.000000
(3,0) 0.000000 0.625460 0.000000 0.000000 0.000000 0.374540 0.000000
(4,0) 0.000000 0.843981 0.000000 0.000000 0.000000 0.000000 0.156019
(5,0) 0.000000 1.000000 0.000000 0.000000 0.000000 0.000000 0.000000

Passive reward vector:
         Passive
(0,1)   -49.2857
(0,0)   -49.2857
(1,0)  -268.0061
(2,0)  -401.3415
(3,0)  -625.4599
(4,0)  -843.9814
(5,0) -1000.0000

Active transition matrix:
         (0,1)    (0,0)    (1,0)    (2,0)    (3,0)    (4,0)    (5,0)
(0,1) 1.000000 0.000000 0.000000 0.000000 0.000000 0.000000 0.000000
(0,0) 1.000000 0.000000 0.000000 0.000000 0.000000 0.000000 0.000000
(1,0) 1.000000 0.000000 0.000000 0.000000 0.000000 0.000000 0.000000
(2,0) 1.000000 0.000000 0.000000 0.000000 0.000000 0.000000 0.000000
(3,0) 1.000000 0.000000 0.000000 0.000000 0.000000 0.000000 0.000000
(4,0) 1.000000 0.000000 0.000000 0.000000 0.000000 0.000000 0.000000
(5,0) 1.000000 0.000000 0.000000 0.000000 0.000000 0.000000 0.000000

Active reward vector:
         Active
(0,1)   -5.0000
(0,0) -505.0000
(1,0) -505.0000
(2,0) -505.0000
(3,0) -505.0000
(4,0) -505.0000
(5,0) -505.0000

--- Discounted Whittle Indices (beta=0.9999) ---
       ClosedForm         VI         PI    Package
(0,1)  519.595311 294.103950 294.103950 294.103945
(0,0)   44.235694  44.235691  44.235691  44.235694
(1,0) -105.635798 214.861706 214.861706 214.861701
(2,0)   90.161614 266.354240 266.354240 266.354241
(3,0)  314.220476 314.220488 314.220488 314.220476
(4,0)  438.080623 438.080624 438.080624 438.080623
(5,0)  495.000000 495.000005 495.000005 495.000000

Discounted monotonicity (closed-form): FAIL
Monotonicity broken: (0,1) (519.5953) >= (1,0) (-105.6358)

Discounted indexability verification: FAIL
Discounted verification FAILED: first errors:
W=-105.635797, (1,0): passive but Q1 > Q0
W=44.235693, (1,0): passive but Q1 > Q0
W=44.235694, (1,0): passive but Q1 > Q0
W=44.235695, (0,0): passive but Q1 > Q0
W=44.235695, (1,0): passive but Q1 > Q0
W=90.161613, (0,0): passive but Q1 > Q0
W=90.161613, (1,0): passive but Q1 > Q0
W=90.161614, (0,0): passive but Q1 > Q0
W=90.161614, (1,0): passive but Q1 > Q0
W=90.161615, (0,0): passive but Q1 > Q0

--- Average-Cost Whittle Indices ---
             RVI         PI    Package
(0,1) 294.131814 294.131814 294.131814
(0,0)  44.285694  44.285694  44.285694
(1,0) 214.907754 214.907754 214.907754
(2,0) 266.393127 266.393127 266.393127
(3,0) 314.235515 314.235515 314.235515
(4,0) 438.087221 438.087221 438.087221
(5,0) 495.000000 495.000000 495.000000

Average-cost monotonicity (RVI): FAIL
Monotonicity broken: (0,1) (294.1318) >= (1,0) (214.9078)

Average-cost indexability verification: PASS
Average-cost verification passed for 22 test W values.

================================================================================
INSTANCE 49
================================================================================
C=5.0, K=2000.0, C_switch=75.0, beta=0.9
Survival probabilities: [0.9507, 0.732 , 0.5987, 0.3745, 0.156 , 0.    ]
--------------------------------------------------------------------------------

Passive transition matrix:
         (0,1)    (0,0)    (1,0)    (2,0)    (3,0)    (4,0)    (5,0)
(0,1) 0.000000 0.049286 0.950714 0.000000 0.000000 0.000000 0.000000
(0,0) 0.000000 0.049286 0.950714 0.000000 0.000000 0.000000 0.000000
(1,0) 0.000000 0.268006 0.000000 0.731994 0.000000 0.000000 0.000000
(2,0) 0.000000 0.401342 0.000000 0.000000 0.598658 0.000000 0.000000
(3,0) 0.000000 0.625460 0.000000 0.000000 0.000000 0.374540 0.000000
(4,0) 0.000000 0.843981 0.000000 0.000000 0.000000 0.000000 0.156019
(5,0) 0.000000 1.000000 0.000000 0.000000 0.000000 0.000000 0.000000

Passive reward vector:
         Passive
(0,1)   -98.5714
(0,0)   -98.5714
(1,0)  -536.0121
(2,0)  -802.6830
(3,0) -1250.9198
(4,0) -1687.9627
(5,0) -2000.0000

Active transition matrix:
         (0,1)    (0,0)    (1,0)    (2,0)    (3,0)    (4,0)    (5,0)
(0,1) 1.000000 0.000000 0.000000 0.000000 0.000000 0.000000 0.000000
(0,0) 1.000000 0.000000 0.000000 0.000000 0.000000 0.000000 0.000000
(1,0) 1.000000 0.000000 0.000000 0.000000 0.000000 0.000000 0.000000
(2,0) 1.000000 0.000000 0.000000 0.000000 0.000000 0.000000 0.000000
(3,0) 1.000000 0.000000 0.000000 0.000000 0.000000 0.000000 0.000000
(4,0) 1.000000 0.000000 0.000000 0.000000 0.000000 0.000000 0.000000
(5,0) 1.000000 0.000000 0.000000 0.000000 0.000000 0.000000 0.000000

Active reward vector:
        Active
(0,1)  -5.0000
(0,0) -80.0000
(1,0) -80.0000
(2,0) -80.0000
(3,0) -80.0000
(4,0) -80.0000
(5,0) -80.0000

--- Discounted Whittle Indices (beta=0.9) ---
       ClosedForm          VI          PI     Package
(0,1)  157.744603  157.744616  157.744616  157.744603
(0,0)   86.071387   86.071387   86.071387   86.071387
(1,0)  696.797486  696.797490  696.797490  696.797486
(2,0) 1076.539281 1076.539278 1076.539278 1076.539281
(3,0) 1527.302498 1527.302504 1527.302504 1527.302498
(4,0) 1792.276314 1792.276323 1792.276323 1792.276314
(5,0) 1920.000000 1920.000002 1920.000002 1920.000000

Discounted monotonicity (closed-form): PASS
Indices are strictly increasing in the expected state ordering.

Discounted indexability verification: PASS
Discounted verification passed for 22 test W values.

--- Average-Cost Whittle Indices ---
              RVI          PI     Package
(0,1)  164.874960  164.874960  164.874960
(0,0)   93.571387   93.571387   93.571387
(1,0)  718.749963  718.749963  718.749963
(2,0) 1110.356385 1110.356385 1110.356385
(3,0) 1558.471030 1558.471030 1558.471030
(4,0) 1806.174443 1806.174443 1806.174443
(5,0) 1920.000000 1920.000000 1920.000000

Average-cost monotonicity (RVI): PASS
Indices are strictly increasing in the expected state ordering.

Average-cost indexability verification: PASS
Average-cost verification passed for 22 test W values.

================================================================================
INSTANCE 50
================================================================================
C=5.0, K=2000.0, C_switch=75.0, beta=0.95
Survival probabilities: [0.9507, 0.732 , 0.5987, 0.3745, 0.156 , 0.    ]
--------------------------------------------------------------------------------

Passive transition matrix:
         (0,1)    (0,0)    (1,0)    (2,0)    (3,0)    (4,0)    (5,0)
(0,1) 0.000000 0.049286 0.950714 0.000000 0.000000 0.000000 0.000000
(0,0) 0.000000 0.049286 0.950714 0.000000 0.000000 0.000000 0.000000
(1,0) 0.000000 0.268006 0.000000 0.731994 0.000000 0.000000 0.000000
(2,0) 0.000000 0.401342 0.000000 0.000000 0.598658 0.000000 0.000000
(3,0) 0.000000 0.625460 0.000000 0.000000 0.000000 0.374540 0.000000
(4,0) 0.000000 0.843981 0.000000 0.000000 0.000000 0.000000 0.156019
(5,0) 0.000000 1.000000 0.000000 0.000000 0.000000 0.000000 0.000000

Passive reward vector:
         Passive
(0,1)   -98.5714
(0,0)   -98.5714
(1,0)  -536.0121
(2,0)  -802.6830
(3,0) -1250.9198
(4,0) -1687.9627
(5,0) -2000.0000

Active transition matrix:
         (0,1)    (0,0)    (1,0)    (2,0)    (3,0)    (4,0)    (5,0)
(0,1) 1.000000 0.000000 0.000000 0.000000 0.000000 0.000000 0.000000
(0,0) 1.000000 0.000000 0.000000 0.000000 0.000000 0.000000 0.000000
(1,0) 1.000000 0.000000 0.000000 0.000000 0.000000 0.000000 0.000000
(2,0) 1.000000 0.000000 0.000000 0.000000 0.000000 0.000000 0.000000
(3,0) 1.000000 0.000000 0.000000 0.000000 0.000000 0.000000 0.000000
(4,0) 1.000000 0.000000 0.000000 0.000000 0.000000 0.000000 0.000000
(5,0) 1.000000 0.000000 0.000000 0.000000 0.000000 0.000000 0.000000

Active reward vector:
        Active
(0,1)  -5.0000
(0,0) -80.0000
(1,0) -80.0000
(2,0) -80.0000
(3,0) -80.0000
(4,0) -80.0000
(5,0) -80.0000

--- Discounted Whittle Indices (beta=0.95) ---
       ClosedForm          VI          PI     Package
(0,1)  161.309782  161.309779  161.309779  161.309782
(0,0)   89.821387   89.821383   89.821383   89.821387
(1,0)  707.873110  707.873106  707.873106  707.873110
(2,0) 1093.613010 1093.613029 1093.613029 1093.613010
(3,0) 1543.159417 1543.159425 1543.159425 1543.159417
(4,0) 1799.402049 1799.402058 1799.402058 1799.402049
(5,0) 1920.000000 1920.000002 1920.000002 1920.000000

Discounted monotonicity (closed-form): PASS
Indices are strictly increasing in the expected state ordering.

Discounted indexability verification: PASS
Discounted verification passed for 22 test W values.

--- Average-Cost Whittle Indices ---
              RVI          PI     Package
(0,1)  164.874960  164.874960  164.874960
(0,0)   93.571387   93.571387   93.571387
(1,0)  718.749963  718.749963  718.749963
(2,0) 1110.356385 1110.356385 1110.356385
(3,0) 1558.471030 1558.471030 1558.471030
(4,0) 1806.174443 1806.174443 1806.174443
(5,0) 1920.000000 1920.000000 1920.000000

Average-cost monotonicity (RVI): PASS
Indices are strictly increasing in the expected state ordering.

Average-cost indexability verification: PASS
Average-cost verification passed for 22 test W values.

================================================================================
INSTANCE 51
================================================================================
C=5.0, K=2000.0, C_switch=75.0, beta=0.9999
Survival probabilities: [0.9507, 0.732 , 0.5987, 0.3745, 0.156 , 0.    ]
--------------------------------------------------------------------------------

Passive transition matrix:
         (0,1)    (0,0)    (1,0)    (2,0)    (3,0)    (4,0)    (5,0)
(0,1) 0.000000 0.049286 0.950714 0.000000 0.000000 0.000000 0.000000
(0,0) 0.000000 0.049286 0.950714 0.000000 0.000000 0.000000 0.000000
(1,0) 0.000000 0.268006 0.000000 0.731994 0.000000 0.000000 0.000000
(2,0) 0.000000 0.401342 0.000000 0.000000 0.598658 0.000000 0.000000
(3,0) 0.000000 0.625460 0.000000 0.000000 0.000000 0.374540 0.000000
(4,0) 0.000000 0.843981 0.000000 0.000000 0.000000 0.000000 0.156019
(5,0) 0.000000 1.000000 0.000000 0.000000 0.000000 0.000000 0.000000

Passive reward vector:
         Passive
(0,1)   -98.5714
(0,0)   -98.5714
(1,0)  -536.0121
(2,0)  -802.6830
(3,0) -1250.9198
(4,0) -1687.9627
(5,0) -2000.0000

Active transition matrix:
         (0,1)    (0,0)    (1,0)    (2,0)    (3,0)    (4,0)    (5,0)
(0,1) 1.000000 0.000000 0.000000 0.000000 0.000000 0.000000 0.000000
(0,0) 1.000000 0.000000 0.000000 0.000000 0.000000 0.000000 0.000000
(1,0) 1.000000 0.000000 0.000000 0.000000 0.000000 0.000000 0.000000
(2,0) 1.000000 0.000000 0.000000 0.000000 0.000000 0.000000 0.000000
(3,0) 1.000000 0.000000 0.000000 0.000000 0.000000 0.000000 0.000000
(4,0) 1.000000 0.000000 0.000000 0.000000 0.000000 0.000000 0.000000
(5,0) 1.000000 0.000000 0.000000 0.000000 0.000000 0.000000 0.000000

Active reward vector:
        Active
(0,1)  -5.0000
(0,0) -80.0000
(1,0) -80.0000
(2,0) -80.0000
(3,0) -80.0000
(4,0) -80.0000
(5,0) -80.0000

--- Discounted Whittle Indices (beta=0.9999) ---
       ClosedForm          VI          PI     Package
(0,1)  164.867830  164.867848  164.867848  164.867830
(0,0)   93.563887   93.563884   93.563884   93.563887
(1,0)  718.728404  718.728423  718.728423  718.728404
(2,0) 1110.323229 1110.323220 1110.323220 1110.323229
(3,0) 1558.440952 1558.440953 1558.440953 1558.440952
(4,0) 1806.161246 1806.161255 1806.161255 1806.161246
(5,0) 1920.000000 1920.000002 1920.000002 1920.000000

Discounted monotonicity (closed-form): PASS
Indices are strictly increasing in the expected state ordering.

Discounted indexability verification: PASS
Discounted verification passed for 22 test W values.

--- Average-Cost Whittle Indices ---
              RVI          PI     Package
(0,1)  164.874960  164.874960  164.874960
(0,0)   93.571387   93.571387   93.571387
(1,0)  718.749963  718.749963  718.749963
(2,0) 1110.356385 1110.356385 1110.356385
(3,0) 1558.471030 1558.471030 1558.471030
(4,0) 1806.174443 1806.174443 1806.174443
(5,0) 1920.000000 1920.000000 1920.000000

Average-cost monotonicity (RVI): PASS
Indices are strictly increasing in the expected state ordering.

Average-cost indexability verification: PASS
Average-cost verification passed for 22 test W values.

================================================================================
INSTANCE 52
================================================================================
C=5.0, K=2000.0, C_switch=89.0, beta=0.9
Survival probabilities: [0.9507, 0.732 , 0.5987, 0.3745, 0.156 , 0.    ]
--------------------------------------------------------------------------------

Passive transition matrix:
         (0,1)    (0,0)    (1,0)    (2,0)    (3,0)    (4,0)    (5,0)
(0,1) 0.000000 0.049286 0.950714 0.000000 0.000000 0.000000 0.000000
(0,0) 0.000000 0.049286 0.950714 0.000000 0.000000 0.000000 0.000000
(1,0) 0.000000 0.268006 0.000000 0.731994 0.000000 0.000000 0.000000
(2,0) 0.000000 0.401342 0.000000 0.000000 0.598658 0.000000 0.000000
(3,0) 0.000000 0.625460 0.000000 0.000000 0.000000 0.374540 0.000000
(4,0) 0.000000 0.843981 0.000000 0.000000 0.000000 0.000000 0.156019
(5,0) 0.000000 1.000000 0.000000 0.000000 0.000000 0.000000 0.000000

Passive reward vector:
         Passive
(0,1)   -98.5714
(0,0)   -98.5714
(1,0)  -536.0121
(2,0)  -802.6830
(3,0) -1250.9198
(4,0) -1687.9627
(5,0) -2000.0000

Active transition matrix:
         (0,1)    (0,0)    (1,0)    (2,0)    (3,0)    (4,0)    (5,0)
(0,1) 1.000000 0.000000 0.000000 0.000000 0.000000 0.000000 0.000000
(0,0) 1.000000 0.000000 0.000000 0.000000 0.000000 0.000000 0.000000
(1,0) 1.000000 0.000000 0.000000 0.000000 0.000000 0.000000 0.000000
(2,0) 1.000000 0.000000 0.000000 0.000000 0.000000 0.000000 0.000000
(3,0) 1.000000 0.000000 0.000000 0.000000 0.000000 0.000000 0.000000
(4,0) 1.000000 0.000000 0.000000 0.000000 0.000000 0.000000 0.000000
(5,0) 1.000000 0.000000 0.000000 0.000000 0.000000 0.000000 0.000000

Active reward vector:
        Active
(0,1)  -5.0000
(0,0) -94.0000
(1,0) -94.0000
(2,0) -94.0000
(3,0) -94.0000
(4,0) -94.0000
(5,0) -94.0000

--- Discounted Whittle Indices (beta=0.9) ---
       ClosedForm          VI          PI     Package
(0,1)  169.723603  169.723600  169.723600  169.723603
(0,0)   84.671387   84.671378   84.671378   84.671387
(1,0)  682.797486  682.797492  682.797492  682.797486
(2,0) 1062.539281 1062.539279 1062.539279 1062.539281
(3,0) 1513.302498 1513.302505 1513.302505 1513.302498
(4,0) 1778.276314 1778.276324 1778.276324 1778.276314
(5,0) 1906.000000 1906.000003 1906.000003 1906.000000

Discounted monotonicity (closed-form): PASS
Indices are strictly increasing in the expected state ordering.

Discounted indexability verification: PASS
Discounted verification passed for 22 test W values.

--- Average-Cost Whittle Indices ---
              RVI          PI     Package
(0,1)  178.184960  178.184960  178.184960
(0,0)   93.571387   93.571387   93.571387
(1,0)  704.749963  704.749963  704.749963
(2,0) 1096.356385 1096.356385 1096.356385
(3,0) 1544.471030 1544.471030 1544.471030
(4,0) 1792.174443 1792.174443 1792.174443
(5,0) 1906.000000 1906.000000 1906.000000

Average-cost monotonicity (RVI): PASS
Indices are strictly increasing in the expected state ordering.

Average-cost indexability verification: PASS
Average-cost verification passed for 22 test W values.

================================================================================
INSTANCE 53
================================================================================
C=5.0, K=2000.0, C_switch=89.0, beta=0.95
Survival probabilities: [0.9507, 0.732 , 0.5987, 0.3745, 0.156 , 0.    ]
--------------------------------------------------------------------------------

Passive transition matrix:
         (0,1)    (0,0)    (1,0)    (2,0)    (3,0)    (4,0)    (5,0)
(0,1) 0.000000 0.049286 0.950714 0.000000 0.000000 0.000000 0.000000
(0,0) 0.000000 0.049286 0.950714 0.000000 0.000000 0.000000 0.000000
(1,0) 0.000000 0.268006 0.000000 0.731994 0.000000 0.000000 0.000000
(2,0) 0.000000 0.401342 0.000000 0.000000 0.598658 0.000000 0.000000
(3,0) 0.000000 0.625460 0.000000 0.000000 0.000000 0.374540 0.000000
(4,0) 0.000000 0.843981 0.000000 0.000000 0.000000 0.000000 0.156019
(5,0) 0.000000 1.000000 0.000000 0.000000 0.000000 0.000000 0.000000

Passive reward vector:
         Passive
(0,1)   -98.5714
(0,0)   -98.5714
(1,0)  -536.0121
(2,0)  -802.6830
(3,0) -1250.9198
(4,0) -1687.9627
(5,0) -2000.0000

Active transition matrix:
         (0,1)    (0,0)    (1,0)    (2,0)    (3,0)    (4,0)    (5,0)
(0,1) 1.000000 0.000000 0.000000 0.000000 0.000000 0.000000 0.000000
(0,0) 1.000000 0.000000 0.000000 0.000000 0.000000 0.000000 0.000000
(1,0) 1.000000 0.000000 0.000000 0.000000 0.000000 0.000000 0.000000
(2,0) 1.000000 0.000000 0.000000 0.000000 0.000000 0.000000 0.000000
(3,0) 1.000000 0.000000 0.000000 0.000000 0.000000 0.000000 0.000000
(4,0) 1.000000 0.000000 0.000000 0.000000 0.000000 0.000000 0.000000
(5,0) 1.000000 0.000000 0.000000 0.000000 0.000000 0.000000 0.000000

Active reward vector:
        Active
(0,1)  -5.0000
(0,0) -94.0000
(1,0) -94.0000
(2,0) -94.0000
(3,0) -94.0000
(4,0) -94.0000
(5,0) -94.0000

--- Discounted Whittle Indices (beta=0.95) ---
       ClosedForm          VI          PI     Package
(0,1)  173.954282  173.954278  173.954278  173.954282
(0,0)   89.121387   89.121386   89.121386   89.121387
(1,0)  693.873110  693.873107  693.873107  693.873110
(2,0) 1079.613010 1079.613000 1079.613000 1079.613010
(3,0) 1529.159417 1529.159427 1529.159427 1529.159417
(4,0) 1785.402049 1785.402060 1785.402060 1785.402049
(5,0) 1906.000000 1906.000003 1906.000003 1906.000000

Discounted monotonicity (closed-form): PASS
Indices are strictly increasing in the expected state ordering.

Discounted indexability verification: PASS
Discounted verification passed for 22 test W values.

--- Average-Cost Whittle Indices ---
              RVI          PI     Package
(0,1)  178.184960  178.184960  178.184960
(0,0)   93.571387   93.571387   93.571387
(1,0)  704.749963  704.749963  704.749963
(2,0) 1096.356385 1096.356385 1096.356385
(3,0) 1544.471030 1544.471030 1544.471030
(4,0) 1792.174443 1792.174443 1792.174443
(5,0) 1906.000000 1906.000000 1906.000000

Average-cost monotonicity (RVI): PASS
Indices are strictly increasing in the expected state ordering.

Average-cost indexability verification: PASS
Average-cost verification passed for 22 test W values.

================================================================================
INSTANCE 54
================================================================================
C=5.0, K=2000.0, C_switch=89.0, beta=0.9999
Survival probabilities: [0.9507, 0.732 , 0.5987, 0.3745, 0.156 , 0.    ]
--------------------------------------------------------------------------------

Passive transition matrix:
         (0,1)    (0,0)    (1,0)    (2,0)    (3,0)    (4,0)    (5,0)
(0,1) 0.000000 0.049286 0.950714 0.000000 0.000000 0.000000 0.000000
(0,0) 0.000000 0.049286 0.950714 0.000000 0.000000 0.000000 0.000000
(1,0) 0.000000 0.268006 0.000000 0.731994 0.000000 0.000000 0.000000
(2,0) 0.000000 0.401342 0.000000 0.000000 0.598658 0.000000 0.000000
(3,0) 0.000000 0.625460 0.000000 0.000000 0.000000 0.374540 0.000000
(4,0) 0.000000 0.843981 0.000000 0.000000 0.000000 0.000000 0.156019
(5,0) 0.000000 1.000000 0.000000 0.000000 0.000000 0.000000 0.000000

Passive reward vector:
         Passive
(0,1)   -98.5714
(0,0)   -98.5714
(1,0)  -536.0121
(2,0)  -802.6830
(3,0) -1250.9198
(4,0) -1687.9627
(5,0) -2000.0000

Active transition matrix:
         (0,1)    (0,0)    (1,0)    (2,0)    (3,0)    (4,0)    (5,0)
(0,1) 1.000000 0.000000 0.000000 0.000000 0.000000 0.000000 0.000000
(0,0) 1.000000 0.000000 0.000000 0.000000 0.000000 0.000000 0.000000
(1,0) 1.000000 0.000000 0.000000 0.000000 0.000000 0.000000 0.000000
(2,0) 1.000000 0.000000 0.000000 0.000000 0.000000 0.000000 0.000000
(3,0) 1.000000 0.000000 0.000000 0.000000 0.000000 0.000000 0.000000
(4,0) 1.000000 0.000000 0.000000 0.000000 0.000000 0.000000 0.000000
(5,0) 1.000000 0.000000 0.000000 0.000000 0.000000 0.000000 0.000000

Active reward vector:
        Active
(0,1)  -5.0000
(0,0) -94.0000
(1,0) -94.0000
(2,0) -94.0000
(3,0) -94.0000
(4,0) -94.0000
(5,0) -94.0000

--- Discounted Whittle Indices (beta=0.9999) ---
       ClosedForm          VI          PI     Package
(0,1)  178.176499  178.176492  178.176492  178.176499
(0,0)   93.562487   93.562484   93.562484   93.562487
(1,0)  704.728404  704.728425  704.728425  704.728404
(2,0) 1096.323229 1096.323222 1096.323222 1096.323229
(3,0) 1544.440952 1544.440955 1544.440955 1544.440952
(4,0) 1792.161246 1792.161256 1792.161256 1792.161246
(5,0) 1906.000000 1906.000003 1906.000003 1906.000000

Discounted monotonicity (closed-form): PASS
Indices are strictly increasing in the expected state ordering.

Discounted indexability verification: PASS
Discounted verification passed for 22 test W values.

--- Average-Cost Whittle Indices ---
              RVI          PI     Package
(0,1)  178.184960  178.184960  178.184960
(0,0)   93.571387   93.571387   93.571387
(1,0)  704.749963  704.749963  704.749963
(2,0) 1096.356385 1096.356385 1096.356385
(3,0) 1544.471030 1544.471030 1544.471030
(4,0) 1792.174443 1792.174443 1792.174443
(5,0) 1906.000000 1906.000000 1906.000000

Average-cost monotonicity (RVI): PASS
Indices are strictly increasing in the expected state ordering.

Average-cost indexability verification: PASS
Average-cost verification passed for 22 test W values.

================================================================================
INSTANCE 55
================================================================================
C=5.0, K=2000.0, C_switch=90.0, beta=0.9
Survival probabilities: [0.9507, 0.732 , 0.5987, 0.3745, 0.156 , 0.    ]
--------------------------------------------------------------------------------

Passive transition matrix:
         (0,1)    (0,0)    (1,0)    (2,0)    (3,0)    (4,0)    (5,0)
(0,1) 0.000000 0.049286 0.950714 0.000000 0.000000 0.000000 0.000000
(0,0) 0.000000 0.049286 0.950714 0.000000 0.000000 0.000000 0.000000
(1,0) 0.000000 0.268006 0.000000 0.731994 0.000000 0.000000 0.000000
(2,0) 0.000000 0.401342 0.000000 0.000000 0.598658 0.000000 0.000000
(3,0) 0.000000 0.625460 0.000000 0.000000 0.000000 0.374540 0.000000
(4,0) 0.000000 0.843981 0.000000 0.000000 0.000000 0.000000 0.156019
(5,0) 0.000000 1.000000 0.000000 0.000000 0.000000 0.000000 0.000000

Passive reward vector:
         Passive
(0,1)   -98.5714
(0,0)   -98.5714
(1,0)  -536.0121
(2,0)  -802.6830
(3,0) -1250.9198
(4,0) -1687.9627
(5,0) -2000.0000

Active transition matrix:
         (0,1)    (0,0)    (1,0)    (2,0)    (3,0)    (4,0)    (5,0)
(0,1) 1.000000 0.000000 0.000000 0.000000 0.000000 0.000000 0.000000
(0,0) 1.000000 0.000000 0.000000 0.000000 0.000000 0.000000 0.000000
(1,0) 1.000000 0.000000 0.000000 0.000000 0.000000 0.000000 0.000000
(2,0) 1.000000 0.000000 0.000000 0.000000 0.000000 0.000000 0.000000
(3,0) 1.000000 0.000000 0.000000 0.000000 0.000000 0.000000 0.000000
(4,0) 1.000000 0.000000 0.000000 0.000000 0.000000 0.000000 0.000000
(5,0) 1.000000 0.000000 0.000000 0.000000 0.000000 0.000000 0.000000

Active reward vector:
        Active
(0,1)  -5.0000
(0,0) -95.0000
(1,0) -95.0000
(2,0) -95.0000
(3,0) -95.0000
(4,0) -95.0000
(5,0) -95.0000

--- Discounted Whittle Indices (beta=0.9) ---
       ClosedForm          VI          PI     Package
(0,1)  170.579246  170.579255  170.579255  170.579246
(0,0)   84.571387   84.571391   84.571391   84.571387
(1,0)  681.797486  681.797504  681.797504  681.797486
(2,0) 1061.539281 1061.539292 1061.539292 1061.539281
(3,0) 1512.302498 1512.302488 1512.302488 1512.302498
(4,0) 1777.276314 1777.276307 1777.276307 1777.276314
(5,0) 1905.000000 1905.000001 1905.000001 1905.000000

Discounted monotonicity (closed-form): PASS
Indices are strictly increasing in the expected state ordering.

Discounted indexability verification: PASS
Discounted verification passed for 22 test W values.

--- Average-Cost Whittle Indices ---
              RVI          PI     Package
(0,1)  179.135675  179.135675  179.135675
(0,0)   93.571387   93.571387   93.571387
(1,0)  703.749963  703.749963  703.749963
(2,0) 1095.356385 1095.356385 1095.356385
(3,0) 1543.471030 1543.471030 1543.471030
(4,0) 1791.174443 1791.174443 1791.174443
(5,0) 1905.000000 1905.000000 1905.000000

Average-cost monotonicity (RVI): PASS
Indices are strictly increasing in the expected state ordering.

Average-cost indexability verification: PASS
Average-cost verification passed for 22 test W values.

================================================================================
INSTANCE 56
================================================================================
C=5.0, K=2000.0, C_switch=90.0, beta=0.95
Survival probabilities: [0.9507, 0.732 , 0.5987, 0.3745, 0.156 , 0.    ]
--------------------------------------------------------------------------------

Passive transition matrix:
         (0,1)    (0,0)    (1,0)    (2,0)    (3,0)    (4,0)    (5,0)
(0,1) 0.000000 0.049286 0.950714 0.000000 0.000000 0.000000 0.000000
(0,0) 0.000000 0.049286 0.950714 0.000000 0.000000 0.000000 0.000000
(1,0) 0.000000 0.268006 0.000000 0.731994 0.000000 0.000000 0.000000
(2,0) 0.000000 0.401342 0.000000 0.000000 0.598658 0.000000 0.000000
(3,0) 0.000000 0.625460 0.000000 0.000000 0.000000 0.374540 0.000000
(4,0) 0.000000 0.843981 0.000000 0.000000 0.000000 0.000000 0.156019
(5,0) 0.000000 1.000000 0.000000 0.000000 0.000000 0.000000 0.000000

Passive reward vector:
         Passive
(0,1)   -98.5714
(0,0)   -98.5714
(1,0)  -536.0121
(2,0)  -802.6830
(3,0) -1250.9198
(4,0) -1687.9627
(5,0) -2000.0000

Active transition matrix:
         (0,1)    (0,0)    (1,0)    (2,0)    (3,0)    (4,0)    (5,0)
(0,1) 1.000000 0.000000 0.000000 0.000000 0.000000 0.000000 0.000000
(0,0) 1.000000 0.000000 0.000000 0.000000 0.000000 0.000000 0.000000
(1,0) 1.000000 0.000000 0.000000 0.000000 0.000000 0.000000 0.000000
(2,0) 1.000000 0.000000 0.000000 0.000000 0.000000 0.000000 0.000000
(3,0) 1.000000 0.000000 0.000000 0.000000 0.000000 0.000000 0.000000
(4,0) 1.000000 0.000000 0.000000 0.000000 0.000000 0.000000 0.000000
(5,0) 1.000000 0.000000 0.000000 0.000000 0.000000 0.000000 0.000000

Active reward vector:
        Active
(0,1)  -5.0000
(0,0) -95.0000
(1,0) -95.0000
(2,0) -95.0000
(3,0) -95.0000
(4,0) -95.0000
(5,0) -95.0000

--- Discounted Whittle Indices (beta=0.95) ---
       ClosedForm          VI          PI     Package
(0,1)  174.857460  174.857467  174.857467  174.857460
(0,0)   89.071387   89.071393   89.071393   89.071387
(1,0)  692.873110  692.873120  692.873120  692.873110
(2,0) 1078.613010 1078.613013 1078.613013 1078.613010
(3,0) 1528.159417 1528.159410 1528.159410 1528.159417
(4,0) 1784.402049 1784.402043 1784.402043 1784.402049
(5,0) 1905.000000 1905.000001 1905.000001 1905.000000

Discounted monotonicity (closed-form): PASS
Indices are strictly increasing in the expected state ordering.

Discounted indexability verification: PASS
Discounted verification passed for 22 test W values.

--- Average-Cost Whittle Indices ---
              RVI          PI     Package
(0,1)  179.135675  179.135675  179.135675
(0,0)   93.571387   93.571387   93.571387
(1,0)  703.749963  703.749963  703.749963
(2,0) 1095.356385 1095.356385 1095.356385
(3,0) 1543.471030 1543.471030 1543.471030
(4,0) 1791.174443 1791.174443 1791.174443
(5,0) 1905.000000 1905.000000 1905.000000

Average-cost monotonicity (RVI): PASS
Indices are strictly increasing in the expected state ordering.

Average-cost indexability verification: PASS
Average-cost verification passed for 22 test W values.

================================================================================
INSTANCE 57
================================================================================
C=5.0, K=2000.0, C_switch=90.0, beta=0.9999
Survival probabilities: [0.9507, 0.732 , 0.5987, 0.3745, 0.156 , 0.    ]
--------------------------------------------------------------------------------

Passive transition matrix:
         (0,1)    (0,0)    (1,0)    (2,0)    (3,0)    (4,0)    (5,0)
(0,1) 0.000000 0.049286 0.950714 0.000000 0.000000 0.000000 0.000000
(0,0) 0.000000 0.049286 0.950714 0.000000 0.000000 0.000000 0.000000
(1,0) 0.000000 0.268006 0.000000 0.731994 0.000000 0.000000 0.000000
(2,0) 0.000000 0.401342 0.000000 0.000000 0.598658 0.000000 0.000000
(3,0) 0.000000 0.625460 0.000000 0.000000 0.000000 0.374540 0.000000
(4,0) 0.000000 0.843981 0.000000 0.000000 0.000000 0.000000 0.156019
(5,0) 0.000000 1.000000 0.000000 0.000000 0.000000 0.000000 0.000000

Passive reward vector:
         Passive
(0,1)   -98.5714
(0,0)   -98.5714
(1,0)  -536.0121
(2,0)  -802.6830
(3,0) -1250.9198
(4,0) -1687.9627
(5,0) -2000.0000

Active transition matrix:
         (0,1)    (0,0)    (1,0)    (2,0)    (3,0)    (4,0)    (5,0)
(0,1) 1.000000 0.000000 0.000000 0.000000 0.000000 0.000000 0.000000
(0,0) 1.000000 0.000000 0.000000 0.000000 0.000000 0.000000 0.000000
(1,0) 1.000000 0.000000 0.000000 0.000000 0.000000 0.000000 0.000000
(2,0) 1.000000 0.000000 0.000000 0.000000 0.000000 0.000000 0.000000
(3,0) 1.000000 0.000000 0.000000 0.000000 0.000000 0.000000 0.000000
(4,0) 1.000000 0.000000 0.000000 0.000000 0.000000 0.000000 0.000000
(5,0) 1.000000 0.000000 0.000000 0.000000 0.000000 0.000000 0.000000

Active reward vector:
        Active
(0,1)  -5.0000
(0,0) -95.0000
(1,0) -95.0000
(2,0) -95.0000
(3,0) -95.0000
(4,0) -95.0000
(5,0) -95.0000

--- Discounted Whittle Indices (beta=0.9999) ---
       ClosedForm          VI          PI     Package
(0,1)  179.127118  179.127127  179.127127  179.127118
(0,0)   93.562387   93.562394   93.562394   93.562387
(1,0)  703.728404  703.728408  703.728408  703.728404
(2,0) 1095.323229 1095.323235 1095.323235 1095.323229
(3,0) 1543.440952 1543.440938 1543.440938 1543.440952
(4,0) 1791.161246 1791.161239 1791.161239 1791.161246
(5,0) 1905.000000 1905.000001 1905.000001 1905.000000

Discounted monotonicity (closed-form): PASS
Indices are strictly increasing in the expected state ordering.

Discounted indexability verification: PASS
Discounted verification passed for 22 test W values.

--- Average-Cost Whittle Indices ---
              RVI          PI     Package
(0,1)  179.135675  179.135675  179.135675
(0,0)   93.571387   93.571387   93.571387
(1,0)  703.749963  703.749963  703.749963
(2,0) 1095.356385 1095.356385 1095.356385
(3,0) 1543.471030 1543.471030 1543.471030
(4,0) 1791.174443 1791.174443 1791.174443
(5,0) 1905.000000 1905.000000 1905.000000

Average-cost monotonicity (RVI): PASS
Indices are strictly increasing in the expected state ordering.

Average-cost indexability verification: PASS
Average-cost verification passed for 22 test W values.

================================================================================
INSTANCE 58
================================================================================
C=5.0, K=2000.0, C_switch=90.5, beta=0.9
Survival probabilities: [0.9507, 0.732 , 0.5987, 0.3745, 0.156 , 0.    ]
--------------------------------------------------------------------------------

Passive transition matrix:
         (0,1)    (0,0)    (1,0)    (2,0)    (3,0)    (4,0)    (5,0)
(0,1) 0.000000 0.049286 0.950714 0.000000 0.000000 0.000000 0.000000
(0,0) 0.000000 0.049286 0.950714 0.000000 0.000000 0.000000 0.000000
(1,0) 0.000000 0.268006 0.000000 0.731994 0.000000 0.000000 0.000000
(2,0) 0.000000 0.401342 0.000000 0.000000 0.598658 0.000000 0.000000
(3,0) 0.000000 0.625460 0.000000 0.000000 0.000000 0.374540 0.000000
(4,0) 0.000000 0.843981 0.000000 0.000000 0.000000 0.000000 0.156019
(5,0) 0.000000 1.000000 0.000000 0.000000 0.000000 0.000000 0.000000

Passive reward vector:
         Passive
(0,1)   -98.5714
(0,0)   -98.5714
(1,0)  -536.0121
(2,0)  -802.6830
(3,0) -1250.9198
(4,0) -1687.9627
(5,0) -2000.0000

Active transition matrix:
         (0,1)    (0,0)    (1,0)    (2,0)    (3,0)    (4,0)    (5,0)
(0,1) 1.000000 0.000000 0.000000 0.000000 0.000000 0.000000 0.000000
(0,0) 1.000000 0.000000 0.000000 0.000000 0.000000 0.000000 0.000000
(1,0) 1.000000 0.000000 0.000000 0.000000 0.000000 0.000000 0.000000
(2,0) 1.000000 0.000000 0.000000 0.000000 0.000000 0.000000 0.000000
(3,0) 1.000000 0.000000 0.000000 0.000000 0.000000 0.000000 0.000000
(4,0) 1.000000 0.000000 0.000000 0.000000 0.000000 0.000000 0.000000
(5,0) 1.000000 0.000000 0.000000 0.000000 0.000000 0.000000 0.000000

Active reward vector:
        Active
(0,1)  -5.0000
(0,0) -95.5000
(1,0) -95.5000
(2,0) -95.5000
(3,0) -95.5000
(4,0) -95.5000
(5,0) -95.5000

--- Discounted Whittle Indices (beta=0.9) ---
       ClosedForm          VI          PI     Package
(0,1)  171.007067  171.007067  171.007067  171.007067
(0,0)   84.521387   84.521383   84.521383   84.521387
(1,0)  681.297486  681.297481  681.297481  681.297486
(2,0) 1061.039281 1061.039269 1061.039269 1061.039281
(3,0) 1511.802498 1511.802495 1511.802495 1511.802498
(4,0) 1776.776314 1776.776314 1776.776314 1776.776314
(5,0) 1904.500000 1904.500008 1904.500008 1904.500000

Discounted monotonicity (closed-form): PASS
Indices are strictly increasing in the expected state ordering.

Discounted indexability verification: PASS
Discounted verification passed for 22 test W values.

--- Average-Cost Whittle Indices ---
              RVI          PI     Package
(0,1)  179.611032  179.611032  179.611032
(0,0)   93.571387   93.571387   93.571387
(1,0)  703.249963  703.249963  703.249963
(2,0) 1094.856385 1094.856385 1094.856385
(3,0) 1542.971030 1542.971030 1542.971030
(4,0) 1790.674443 1790.674443 1790.674443
(5,0) 1904.500000 1904.500000 1904.500000

Average-cost monotonicity (RVI): PASS
Indices are strictly increasing in the expected state ordering.

Average-cost indexability verification: PASS
Average-cost verification passed for 22 test W values.

================================================================================
INSTANCE 59
================================================================================
C=5.0, K=2000.0, C_switch=90.5, beta=0.95
Survival probabilities: [0.9507, 0.732 , 0.5987, 0.3745, 0.156 , 0.    ]
--------------------------------------------------------------------------------

Passive transition matrix:
         (0,1)    (0,0)    (1,0)    (2,0)    (3,0)    (4,0)    (5,0)
(0,1) 0.000000 0.049286 0.950714 0.000000 0.000000 0.000000 0.000000
(0,0) 0.000000 0.049286 0.950714 0.000000 0.000000 0.000000 0.000000
(1,0) 0.000000 0.268006 0.000000 0.731994 0.000000 0.000000 0.000000
(2,0) 0.000000 0.401342 0.000000 0.000000 0.598658 0.000000 0.000000
(3,0) 0.000000 0.625460 0.000000 0.000000 0.000000 0.374540 0.000000
(4,0) 0.000000 0.843981 0.000000 0.000000 0.000000 0.000000 0.156019
(5,0) 0.000000 1.000000 0.000000 0.000000 0.000000 0.000000 0.000000

Passive reward vector:
         Passive
(0,1)   -98.5714
(0,0)   -98.5714
(1,0)  -536.0121
(2,0)  -802.6830
(3,0) -1250.9198
(4,0) -1687.9627
(5,0) -2000.0000

Active transition matrix:
         (0,1)    (0,0)    (1,0)    (2,0)    (3,0)    (4,0)    (5,0)
(0,1) 1.000000 0.000000 0.000000 0.000000 0.000000 0.000000 0.000000
(0,0) 1.000000 0.000000 0.000000 0.000000 0.000000 0.000000 0.000000
(1,0) 1.000000 0.000000 0.000000 0.000000 0.000000 0.000000 0.000000
(2,0) 1.000000 0.000000 0.000000 0.000000 0.000000 0.000000 0.000000
(3,0) 1.000000 0.000000 0.000000 0.000000 0.000000 0.000000 0.000000
(4,0) 1.000000 0.000000 0.000000 0.000000 0.000000 0.000000 0.000000
(5,0) 1.000000 0.000000 0.000000 0.000000 0.000000 0.000000 0.000000

Active reward vector:
        Active
(0,1)  -5.0000
(0,0) -95.5000
(1,0) -95.5000
(2,0) -95.5000
(3,0) -95.5000
(4,0) -95.5000
(5,0) -95.5000

--- Discounted Whittle Indices (beta=0.95) ---
       ClosedForm          VI          PI     Package
(0,1)  175.309050  175.309062  175.309062  175.309050
(0,0)   89.046387   89.046389   89.046389   89.046387
(1,0)  692.373110  692.373097  692.373097  692.373110
(2,0) 1078.113010 1078.113019 1078.113019 1078.113010
(3,0) 1527.659417 1527.659416 1527.659416 1527.659417
(4,0) 1783.902049 1783.902049 1783.902049 1783.902049
(5,0) 1904.500000 1904.500008 1904.500008 1904.500000

