================================================================================
WHITTLE INDICES: CLOSED-FORM vs VI/PI vs PACKAGE
WITH MONOTONICITY AND INDEXABILITY VERIFICATION
Generated: 2026-07-15 13:10:27
================================================================================

Parameter ranges:
  C (activation cost)        : [5.0, 10.0, 20.0, 400.0, 600.0, 1200.0]
  K (penalty cost)           : [500.0, 1000.0, 2000.0]
  C_switch (switching cost)  : [0.0, 1.0, 5.0, 10.0, 20.0, 40.0, 60.0, 75.0, 100.0, 200.0, 500.0, 800.0, 1000.0, 1200.0, 1500.0, 2000.0]
  beta (discount factor)     : [0.9, 0.95, 0.9999]
  Number of transition matrices : 3
  Total combinations            : 2592

################################################################################

TRANSITION MATRIX 1
Survival probabilities: [0.9507, 0.732 , 0.5987, 0.3745, 0.156 , 0.    ]
################################################################################

================================================================================
INSTANCE 1
================================================================================
C=5.0, K=500.0, C_switch=0.0, beta=0.9
Survival probabilities: [0.9507, 0.732 , 0.5987, 0.3745, 0.156 , 0.    ]
--------------------------------------------------------------------------------

Passive transition matrix:
         (0,1)    (1,1)    (2,1)    (3,1)    (4,1)    (5,1)    (0,0)    (1,0)    (2,0)    (3,0)    (4,0)    (5,0)
(0,1) 0.000000 0.000000 0.000000 0.000000 0.000000 0.000000 0.049286 0.950714 0.000000 0.000000 0.000000 0.000000
(1,1) 0.000000 0.000000 0.000000 0.000000 0.000000 0.000000 0.268006 0.000000 0.731994 0.000000 0.000000 0.000000
(2,1) 0.000000 0.000000 0.000000 0.000000 0.000000 0.000000 0.401342 0.000000 0.000000 0.598658 0.000000 0.000000
(3,1) 0.000000 0.000000 0.000000 0.000000 0.000000 0.000000 0.625460 0.000000 0.000000 0.000000 0.374540 0.000000
(4,1) 0.000000 0.000000 0.000000 0.000000 0.000000 0.000000 0.843981 0.000000 0.000000 0.000000 0.000000 0.156019
(5,1) 0.000000 0.000000 0.000000 0.000000 0.000000 0.000000 1.000000 0.000000 0.000000 0.000000 0.000000 0.000000
(0,0) 0.000000 0.000000 0.000000 0.000000 0.000000 0.000000 0.049286 0.950714 0.000000 0.000000 0.000000 0.000000
(1,0) 0.000000 0.000000 0.000000 0.000000 0.000000 0.000000 0.268006 0.000000 0.731994 0.000000 0.000000 0.000000
(2,0) 0.000000 0.000000 0.000000 0.000000 0.000000 0.000000 0.401342 0.000000 0.000000 0.598658 0.000000 0.000000
(3,0) 0.000000 0.000000 0.000000 0.000000 0.000000 0.000000 0.625460 0.000000 0.000000 0.000000 0.374540 0.000000
(4,0) 0.000000 0.000000 0.000000 0.000000 0.000000 0.000000 0.843981 0.000000 0.000000 0.000000 0.000000 0.156019
(5,0) 0.000000 0.000000 0.000000 0.000000 0.000000 0.000000 1.000000 0.000000 0.000000 0.000000 0.000000 0.000000

Passive reward vector:
        Passive
(0,1)  -24.6428
(1,1) -134.0030
(2,1) -200.6708
(3,1) -312.7299
(4,1) -421.9907
(5,1) -500.0000
(0,0)  -24.6428
(1,0) -134.0030
(2,0) -200.6708
(3,0) -312.7299
(4,0) -421.9907
(5,0) -500.0000

Active transition matrix:
         (0,1)    (1,1)    (2,1)    (3,1)    (4,1)    (5,1)    (0,0)    (1,0)    (2,0)    (3,0)    (4,0)    (5,0)
(0,1) 1.000000 0.000000 0.000000 0.000000 0.000000 0.000000 0.000000 0.000000 0.000000 0.000000 0.000000 0.000000
(1,1) 0.800000 0.200000 0.000000 0.000000 0.000000 0.000000 0.000000 0.000000 0.000000 0.000000 0.000000 0.000000
(2,1) 0.533333 0.266667 0.200000 0.000000 0.000000 0.000000 0.000000 0.000000 0.000000 0.000000 0.000000 0.000000
(3,1) 0.457143 0.228571 0.114286 0.200000 0.000000 0.000000 0.000000 0.000000 0.000000 0.000000 0.000000 0.000000
(4,1) 0.426667 0.213333 0.106667 0.053333 0.200000 0.000000 0.000000 0.000000 0.000000 0.000000 0.000000 0.000000
(5,1) 0.412903 0.206452 0.103226 0.051613 0.025806 0.200000 0.000000 0.000000 0.000000 0.000000 0.000000 0.000000
(0,0) 1.000000 0.000000 0.000000 0.000000 0.000000 0.000000 0.000000 0.000000 0.000000 0.000000 0.000000 0.000000
(1,0) 0.800000 0.200000 0.000000 0.000000 0.000000 0.000000 0.000000 0.000000 0.000000 0.000000 0.000000 0.000000
(2,0) 0.533333 0.266667 0.200000 0.000000 0.000000 0.000000 0.000000 0.000000 0.000000 0.000000 0.000000 0.000000
(3,0) 0.457143 0.228571 0.114286 0.200000 0.000000 0.000000 0.000000 0.000000 0.000000 0.000000 0.000000 0.000000
(4,0) 0.426667 0.213333 0.106667 0.053333 0.200000 0.000000 0.000000 0.000000 0.000000 0.000000 0.000000 0.000000
(5,0) 0.412903 0.206452 0.103226 0.051613 0.025806 0.200000 0.000000 0.000000 0.000000 0.000000 0.000000 0.000000

Active reward vector:
       Active
(0,1) -5.0000
(1,1) -5.0000
(2,1) -5.0000
(3,1) -5.0000
(4,1) -5.0000
(5,1) -5.0000
(0,0) -5.0000
(1,0) -5.0000
(2,0) -5.0000
(3,0) -5.0000
(4,0) -5.0000
(5,0) -5.0000

--- Discounted Whittle Indices (beta=0.9) ---
              VI         PI    Package
(0,1)  19.642860  19.642860  19.642847
(1,1) 202.155858 202.155858 202.155855
(2,1) 238.896310 238.896310 238.896304
(3,1) 305.377096 305.377096 305.377097
(4,1) 344.934627 344.934627 344.934629
(5,1) 364.318490 364.318490 364.318482
(0,0)  19.642860  19.642860  19.642847
(1,0) 202.155858 202.155858 202.155855
(2,0) 238.896310 238.896310 238.896304
(3,0) 305.377096 305.377096 305.377097
(4,0) 344.934627 344.934627 344.934629
(5,0) 364.318490 364.318490 364.318482

Discounted monotonicity (closed-form): FAIL
Monotonicity broken: (1,1) (202.1559) >= (0,1) (19.6429)

Discounted indexability verification: FAIL
Discounted verification FAILED: first errors:
W=19.642859, (0,1): active but Q0 > Q1
W=19.642859, (0,0): active but Q0 > Q1
W=19.642860, (0,1): active but Q0 > Q1
W=19.642860, (0,0): active but Q0 > Q1
W=364.318490, (5,1): active but Q0 > Q1
W=364.318490, (5,0): active but Q0 > Q1

--- Average-Cost Whittle Indices ---
             RVI         PI    Package
(0,1)  19.642847  19.642847  19.642847
(1,1) 216.066402 216.066402 216.066402
(2,1) 245.323452 245.323452 245.323452
(3,1) 304.598626 304.598626 304.598626
(4,1) 337.544215 337.544215 337.544215
(5,1) 352.946327 352.946327 352.946327
(0,0)  19.642847  19.642847  19.642847
(1,0) 216.066402 216.066402 216.066402
(2,0) 245.323452 245.323452 245.323452
(3,0) 304.598626 304.598626 304.598626
(4,0) 337.544215 337.544215 337.544215
(5,0) 352.946327 352.946327 352.946327

Average-cost monotonicity (RVI): FAIL
Monotonicity broken: (1,1) (216.0664) >= (0,1) (19.6428)

Average-cost indexability verification: PASS
Average-cost verification passed for 19 test W values.

================================================================================
INSTANCE 2
================================================================================
C=5.0, K=500.0, C_switch=0.0, beta=0.95
Survival probabilities: [0.9507, 0.732 , 0.5987, 0.3745, 0.156 , 0.    ]
--------------------------------------------------------------------------------

Passive transition matrix:
         (0,1)    (1,1)    (2,1)    (3,1)    (4,1)    (5,1)    (0,0)    (1,0)    (2,0)    (3,0)    (4,0)    (5,0)
(0,1) 0.000000 0.000000 0.000000 0.000000 0.000000 0.000000 0.049286 0.950714 0.000000 0.000000 0.000000 0.000000
(1,1) 0.000000 0.000000 0.000000 0.000000 0.000000 0.000000 0.268006 0.000000 0.731994 0.000000 0.000000 0.000000
(2,1) 0.000000 0.000000 0.000000 0.000000 0.000000 0.000000 0.401342 0.000000 0.000000 0.598658 0.000000 0.000000
(3,1) 0.000000 0.000000 0.000000 0.000000 0.000000 0.000000 0.625460 0.000000 0.000000 0.000000 0.374540 0.000000
(4,1) 0.000000 0.000000 0.000000 0.000000 0.000000 0.000000 0.843981 0.000000 0.000000 0.000000 0.000000 0.156019
(5,1) 0.000000 0.000000 0.000000 0.000000 0.000000 0.000000 1.000000 0.000000 0.000000 0.000000 0.000000 0.000000
(0,0) 0.000000 0.000000 0.000000 0.000000 0.000000 0.000000 0.049286 0.950714 0.000000 0.000000 0.000000 0.000000
(1,0) 0.000000 0.000000 0.000000 0.000000 0.000000 0.000000 0.268006 0.000000 0.731994 0.000000 0.000000 0.000000
(2,0) 0.000000 0.000000 0.000000 0.000000 0.000000 0.000000 0.401342 0.000000 0.000000 0.598658 0.000000 0.000000
(3,0) 0.000000 0.000000 0.000000 0.000000 0.000000 0.000000 0.625460 0.000000 0.000000 0.000000 0.374540 0.000000
(4,0) 0.000000 0.000000 0.000000 0.000000 0.000000 0.000000 0.843981 0.000000 0.000000 0.000000 0.000000 0.156019
(5,0) 0.000000 0.000000 0.000000 0.000000 0.000000 0.000000 1.000000 0.000000 0.000000 0.000000 0.000000 0.000000

Passive reward vector:
        Passive
(0,1)  -24.6428
(1,1) -134.0030
(2,1) -200.6708
(3,1) -312.7299
(4,1) -421.9907
(5,1) -500.0000
(0,0)  -24.6428
(1,0) -134.0030
(2,0) -200.6708
(3,0) -312.7299
(4,0) -421.9907
(5,0) -500.0000

Active transition matrix:
         (0,1)    (1,1)    (2,1)    (3,1)    (4,1)    (5,1)    (0,0)    (1,0)    (2,0)    (3,0)    (4,0)    (5,0)
(0,1) 1.000000 0.000000 0.000000 0.000000 0.000000 0.000000 0.000000 0.000000 0.000000 0.000000 0.000000 0.000000
(1,1) 0.800000 0.200000 0.000000 0.000000 0.000000 0.000000 0.000000 0.000000 0.000000 0.000000 0.000000 0.000000
(2,1) 0.533333 0.266667 0.200000 0.000000 0.000000 0.000000 0.000000 0.000000 0.000000 0.000000 0.000000 0.000000
(3,1) 0.457143 0.228571 0.114286 0.200000 0.000000 0.000000 0.000000 0.000000 0.000000 0.000000 0.000000 0.000000
(4,1) 0.426667 0.213333 0.106667 0.053333 0.200000 0.000000 0.000000 0.000000 0.000000 0.000000 0.000000 0.000000
(5,1) 0.412903 0.206452 0.103226 0.051613 0.025806 0.200000 0.000000 0.000000 0.000000 0.000000 0.000000 0.000000
(0,0) 1.000000 0.000000 0.000000 0.000000 0.000000 0.000000 0.000000 0.000000 0.000000 0.000000 0.000000 0.000000
(1,0) 0.800000 0.200000 0.000000 0.000000 0.000000 0.000000 0.000000 0.000000 0.000000 0.000000 0.000000 0.000000
(2,0) 0.533333 0.266667 0.200000 0.000000 0.000000 0.000000 0.000000 0.000000 0.000000 0.000000 0.000000 0.000000
(3,0) 0.457143 0.228571 0.114286 0.200000 0.000000 0.000000 0.000000 0.000000 0.000000 0.000000 0.000000 0.000000
(4,0) 0.426667 0.213333 0.106667 0.053333 0.200000 0.000000 0.000000 0.000000 0.000000 0.000000 0.000000 0.000000
(5,0) 0.412903 0.206452 0.103226 0.051613 0.025806 0.200000 0.000000 0.000000 0.000000 0.000000 0.000000 0.000000

Active reward vector:
       Active
(0,1) -5.0000
(1,1) -5.0000
(2,1) -5.0000
(3,1) -5.0000
(4,1) -5.0000
(5,1) -5.0000
(0,0) -5.0000
(1,0) -5.0000
(2,0) -5.0000
(3,0) -5.0000
(4,0) -5.0000
(5,0) -5.0000

--- Discounted Whittle Indices (beta=0.95) ---
              VI         PI    Package
(0,1)  19.642860  19.642860  19.642847
(1,1) 208.832502 208.832502 208.832495
(2,1) 242.037743 242.037743 242.037731
(3,1) 304.988146 304.988146 304.988142
(4,1) 341.196924 341.196924 341.196921
(5,1) 358.530596 358.530596 358.530596
(0,0)  19.642860  19.642860  19.642847
(1,0) 208.832502 208.832502 208.832495
(2,0) 242.037743 242.037743 242.037731
(3,0) 304.988146 304.988146 304.988142
(4,0) 341.196924 341.196924 341.196921
(5,0) 358.530596 358.530596 358.530596

Discounted monotonicity (closed-form): FAIL
Monotonicity broken: (1,1) (208.8325) >= (0,1) (19.6429)

Discounted indexability verification: FAIL
Discounted verification FAILED: first errors:
W=19.642859, (0,1): active but Q0 > Q1
W=19.642859, (0,0): active but Q0 > Q1
W=19.642860, (0,1): active but Q0 > Q1
W=19.642860, (0,0): active but Q0 > Q1

--- Average-Cost Whittle Indices ---
             RVI         PI    Package
(0,1)  19.642847  19.642847  19.642847
(1,1) 216.066402 216.066402 216.066402
(2,1) 245.323452 245.323452 245.323452
(3,1) 304.598626 304.598626 304.598626
(4,1) 337.544215 337.544215 337.544215
(5,1) 352.946327 352.946327 352.946327
(0,0)  19.642847  19.642847  19.642847
(1,0) 216.066402 216.066402 216.066402
(2,0) 245.323452 245.323452 245.323452
(3,0) 304.598626 304.598626 304.598626
(4,0) 337.544215 337.544215 337.544215
(5,0) 352.946327 352.946327 352.946327

Average-cost monotonicity (RVI): FAIL
Monotonicity broken: (1,1) (216.0664) >= (0,1) (19.6428)

Average-cost indexability verification: PASS
Average-cost verification passed for 19 test W values.

================================================================================
INSTANCE 3
================================================================================
C=5.0, K=500.0, C_switch=0.0, beta=0.9999
Survival probabilities: [0.9507, 0.732 , 0.5987, 0.3745, 0.156 , 0.    ]
--------------------------------------------------------------------------------

Passive transition matrix:
         (0,1)    (1,1)    (2,1)    (3,1)    (4,1)    (5,1)    (0,0)    (1,0)    (2,0)    (3,0)    (4,0)    (5,0)
(0,1) 0.000000 0.000000 0.000000 0.000000 0.000000 0.000000 0.049286 0.950714 0.000000 0.000000 0.000000 0.000000
(1,1) 0.000000 0.000000 0.000000 0.000000 0.000000 0.000000 0.268006 0.000000 0.731994 0.000000 0.000000 0.000000
(2,1) 0.000000 0.000000 0.000000 0.000000 0.000000 0.000000 0.401342 0.000000 0.000000 0.598658 0.000000 0.000000
(3,1) 0.000000 0.000000 0.000000 0.000000 0.000000 0.000000 0.625460 0.000000 0.000000 0.000000 0.374540 0.000000
(4,1) 0.000000 0.000000 0.000000 0.000000 0.000000 0.000000 0.843981 0.000000 0.000000 0.000000 0.000000 0.156019
(5,1) 0.000000 0.000000 0.000000 0.000000 0.000000 0.000000 1.000000 0.000000 0.000000 0.000000 0.000000 0.000000
(0,0) 0.000000 0.000000 0.000000 0.000000 0.000000 0.000000 0.049286 0.950714 0.000000 0.000000 0.000000 0.000000
(1,0) 0.000000 0.000000 0.000000 0.000000 0.000000 0.000000 0.268006 0.000000 0.731994 0.000000 0.000000 0.000000
(2,0) 0.000000 0.000000 0.000000 0.000000 0.000000 0.000000 0.401342 0.000000 0.000000 0.598658 0.000000 0.000000
(3,0) 0.000000 0.000000 0.000000 0.000000 0.000000 0.000000 0.625460 0.000000 0.000000 0.000000 0.374540 0.000000
(4,0) 0.000000 0.000000 0.000000 0.000000 0.000000 0.000000 0.843981 0.000000 0.000000 0.000000 0.000000 0.156019
(5,0) 0.000000 0.000000 0.000000 0.000000 0.000000 0.000000 1.000000 0.000000 0.000000 0.000000 0.000000 0.000000

Passive reward vector:
        Passive
(0,1)  -24.6428
(1,1) -134.0030
(2,1) -200.6708
(3,1) -312.7299
(4,1) -421.9907
(5,1) -500.0000
(0,0)  -24.6428
(1,0) -134.0030
(2,0) -200.6708
(3,0) -312.7299
(4,0) -421.9907
(5,0) -500.0000

Active transition matrix:
         (0,1)    (1,1)    (2,1)    (3,1)    (4,1)    (5,1)    (0,0)    (1,0)    (2,0)    (3,0)    (4,0)    (5,0)
(0,1) 1.000000 0.000000 0.000000 0.000000 0.000000 0.000000 0.000000 0.000000 0.000000 0.000000 0.000000 0.000000
(1,1) 0.800000 0.200000 0.000000 0.000000 0.000000 0.000000 0.000000 0.000000 0.000000 0.000000 0.000000 0.000000
(2,1) 0.533333 0.266667 0.200000 0.000000 0.000000 0.000000 0.000000 0.000000 0.000000 0.000000 0.000000 0.000000
(3,1) 0.457143 0.228571 0.114286 0.200000 0.000000 0.000000 0.000000 0.000000 0.000000 0.000000 0.000000 0.000000
(4,1) 0.426667 0.213333 0.106667 0.053333 0.200000 0.000000 0.000000 0.000000 0.000000 0.000000 0.000000 0.000000
(5,1) 0.412903 0.206452 0.103226 0.051613 0.025806 0.200000 0.000000 0.000000 0.000000 0.000000 0.000000 0.000000
(0,0) 1.000000 0.000000 0.000000 0.000000 0.000000 0.000000 0.000000 0.000000 0.000000 0.000000 0.000000 0.000000
(1,0) 0.800000 0.200000 0.000000 0.000000 0.000000 0.000000 0.000000 0.000000 0.000000 0.000000 0.000000 0.000000
(2,0) 0.533333 0.266667 0.200000 0.000000 0.000000 0.000000 0.000000 0.000000 0.000000 0.000000 0.000000 0.000000
(3,0) 0.457143 0.228571 0.114286 0.200000 0.000000 0.000000 0.000000 0.000000 0.000000 0.000000 0.000000 0.000000
(4,0) 0.426667 0.213333 0.106667 0.053333 0.200000 0.000000 0.000000 0.000000 0.000000 0.000000 0.000000 0.000000
(5,0) 0.412903 0.206452 0.103226 0.051613 0.025806 0.200000 0.000000 0.000000 0.000000 0.000000 0.000000 0.000000

Active reward vector:
       Active
(0,1) -5.0000
(1,1) -5.0000
(2,1) -5.0000
(3,1) -5.0000
(4,1) -5.0000
(5,1) -5.0000
(0,0) -5.0000
(1,0) -5.0000
(2,0) -5.0000
(3,0) -5.0000
(4,0) -5.0000
(5,0) -5.0000

--- Discounted Whittle Indices (beta=0.9999) ---
              VI         PI    Package
(0,1)  19.642860  19.642860  19.642847
(1,1) 216.051340 216.051340 216.051325
(2,1) 245.316744 245.316744 245.316726
(3,1) 304.599404 304.599404 304.599402
(4,1) 337.551430 337.551430 337.551433
(5,1) 352.957293 352.957293 352.957292
(0,0)  19.642860  19.642860  19.642847
(1,0) 216.051340 216.051340 216.051325
(2,0) 245.316744 245.316744 245.316726
(3,0) 304.599404 304.599404 304.599402
(4,0) 337.551430 337.551430 337.551433
(5,0) 352.957293 352.957293 352.957292

Discounted monotonicity (closed-form): FAIL
Monotonicity broken: (1,1) (216.0513) >= (0,1) (19.6429)

Discounted indexability verification: FAIL
Discounted verification FAILED: first errors:
W=19.642859, (0,1): active but Q0 > Q1
W=19.642859, (0,0): active but Q0 > Q1
W=19.642860, (0,1): active but Q0 > Q1
W=19.642860, (0,0): active but Q0 > Q1
W=245.316743, (2,1): active but Q0 > Q1
W=245.316743, (2,0): active but Q0 > Q1
W=245.316744, (2,1): active but Q0 > Q1
W=245.316744, (2,0): active but Q0 > Q1

--- Average-Cost Whittle Indices ---
             RVI         PI    Package
(0,1)  19.642847  19.642847  19.642847
(1,1) 216.066402 216.066402 216.066402
(2,1) 245.323452 245.323452 245.323452
(3,1) 304.598626 304.598626 304.598626
(4,1) 337.544215 337.544215 337.544215
(5,1) 352.946327 352.946327 352.946327
(0,0)  19.642847  19.642847  19.642847
(1,0) 216.066402 216.066402 216.066402
(2,0) 245.323452 245.323452 245.323452
(3,0) 304.598626 304.598626 304.598626
(4,0) 337.544215 337.544215 337.544215
(5,0) 352.946327 352.946327 352.946327

Average-cost monotonicity (RVI): FAIL
Monotonicity broken: (1,1) (216.0664) >= (0,1) (19.6428)

Average-cost indexability verification: PASS
Average-cost verification passed for 19 test W values.

================================================================================
INSTANCE 4
================================================================================
C=5.0, K=500.0, C_switch=1.0, beta=0.9
Survival probabilities: [0.9507, 0.732 , 0.5987, 0.3745, 0.156 , 0.    ]
--------------------------------------------------------------------------------

Passive transition matrix:
         (0,1)    (1,1)    (2,1)    (3,1)    (4,1)    (5,1)    (0,0)    (1,0)    (2,0)    (3,0)    (4,0)    (5,0)
(0,1) 0.000000 0.000000 0.000000 0.000000 0.000000 0.000000 0.049286 0.950714 0.000000 0.000000 0.000000 0.000000
(1,1) 0.000000 0.000000 0.000000 0.000000 0.000000 0.000000 0.268006 0.000000 0.731994 0.000000 0.000000 0.000000
(2,1) 0.000000 0.000000 0.000000 0.000000 0.000000 0.000000 0.401342 0.000000 0.000000 0.598658 0.000000 0.000000
(3,1) 0.000000 0.000000 0.000000 0.000000 0.000000 0.000000 0.625460 0.000000 0.000000 0.000000 0.374540 0.000000
(4,1) 0.000000 0.000000 0.000000 0.000000 0.000000 0.000000 0.843981 0.000000 0.000000 0.000000 0.000000 0.156019
(5,1) 0.000000 0.000000 0.000000 0.000000 0.000000 0.000000 1.000000 0.000000 0.000000 0.000000 0.000000 0.000000
(0,0) 0.000000 0.000000 0.000000 0.000000 0.000000 0.000000 0.049286 0.950714 0.000000 0.000000 0.000000 0.000000
(1,0) 0.000000 0.000000 0.000000 0.000000 0.000000 0.000000 0.268006 0.000000 0.731994 0.000000 0.000000 0.000000
(2,0) 0.000000 0.000000 0.000000 0.000000 0.000000 0.000000 0.401342 0.000000 0.000000 0.598658 0.000000 0.000000
(3,0) 0.000000 0.000000 0.000000 0.000000 0.000000 0.000000 0.625460 0.000000 0.000000 0.000000 0.374540 0.000000
(4,0) 0.000000 0.000000 0.000000 0.000000 0.000000 0.000000 0.843981 0.000000 0.000000 0.000000 0.000000 0.156019
(5,0) 0.000000 0.000000 0.000000 0.000000 0.000000 0.000000 1.000000 0.000000 0.000000 0.000000 0.000000 0.000000

Passive reward vector:
        Passive
(0,1)  -24.6428
(1,1) -134.0030
(2,1) -200.6708
(3,1) -312.7299
(4,1) -421.9907
(5,1) -500.0000
(0,0)  -24.6428
(1,0) -134.0030
(2,0) -200.6708
(3,0) -312.7299
(4,0) -421.9907
(5,0) -500.0000

Active transition matrix:
         (0,1)    (1,1)    (2,1)    (3,1)    (4,1)    (5,1)    (0,0)    (1,0)    (2,0)    (3,0)    (4,0)    (5,0)
(0,1) 1.000000 0.000000 0.000000 0.000000 0.000000 0.000000 0.000000 0.000000 0.000000 0.000000 0.000000 0.000000
(1,1) 0.800000 0.200000 0.000000 0.000000 0.000000 0.000000 0.000000 0.000000 0.000000 0.000000 0.000000 0.000000
(2,1) 0.533333 0.266667 0.200000 0.000000 0.000000 0.000000 0.000000 0.000000 0.000000 0.000000 0.000000 0.000000
(3,1) 0.457143 0.228571 0.114286 0.200000 0.000000 0.000000 0.000000 0.000000 0.000000 0.000000 0.000000 0.000000
(4,1) 0.426667 0.213333 0.106667 0.053333 0.200000 0.000000 0.000000 0.000000 0.000000 0.000000 0.000000 0.000000
(5,1) 0.412903 0.206452 0.103226 0.051613 0.025806 0.200000 0.000000 0.000000 0.000000 0.000000 0.000000 0.000000
(0,0) 1.000000 0.000000 0.000000 0.000000 0.000000 0.000000 0.000000 0.000000 0.000000 0.000000 0.000000 0.000000
(1,0) 0.800000 0.200000 0.000000 0.000000 0.000000 0.000000 0.000000 0.000000 0.000000 0.000000 0.000000 0.000000
(2,0) 0.533333 0.266667 0.200000 0.000000 0.000000 0.000000 0.000000 0.000000 0.000000 0.000000 0.000000 0.000000
(3,0) 0.457143 0.228571 0.114286 0.200000 0.000000 0.000000 0.000000 0.000000 0.000000 0.000000 0.000000 0.000000
(4,0) 0.426667 0.213333 0.106667 0.053333 0.200000 0.000000 0.000000 0.000000 0.000000 0.000000 0.000000 0.000000
(5,0) 0.412903 0.206452 0.103226 0.051613 0.025806 0.200000 0.000000 0.000000 0.000000 0.000000 0.000000 0.000000

Active reward vector:
       Active
(0,1) -5.0000
(1,1) -5.0000
(2,1) -5.0000
(3,1) -5.0000
(4,1) -5.0000
(5,1) -5.0000
(0,0) -6.0000
(1,0) -6.0000
(2,0) -6.0000
(3,0) -6.0000
(4,0) -6.0000
(5,0) -6.0000

--- Discounted Whittle Indices (beta=0.9) ---
              VI         PI    Package
(0,1)  20.498484  20.498484  20.498490
(1,1) 203.255326 203.255326 203.255328
(2,1) 239.689589 239.689589 239.689581
(3,1) 305.758864 305.758864 305.758855
(4,1) 345.063969 345.063969 345.063967
(5,1) 364.318490 364.318490 364.318482
(0,0)  19.542843  19.542843  19.542847
(1,0) 201.014042 201.014042 201.014058
(2,0) 237.976789 237.976789 237.976799
(3,0) 304.534748 304.534748 304.534750
(4,0) 344.110966 344.110966 344.110966
(5,0) 363.498479 363.498479 363.498482

Discounted monotonicity (closed-form): FAIL
Monotonicity broken: (1,1) (203.2553) >= (0,1) (20.4985)

Discounted indexability verification: FAIL
Discounted verification FAILED: first errors:
W=364.318490, (5,1): active but Q0 > Q1

--- Average-Cost Whittle Indices ---
             RVI         PI    Package
(0,1)  20.593561  20.593561  20.593561
(1,1) 217.381148 217.381148 217.381148
(2,1) 246.249289 246.249289 246.249289
(3,1) 305.026580 305.026580 305.026580
(4,1) 337.685661 337.685661 337.685661
(5,1) 352.946327 352.946327 352.946327
(0,0)  19.642847  19.642847  19.642847
(1,0) 214.828153 214.828153 214.828153
(2,0) 244.391189 244.391189 244.391189
(3,0) 303.770095 303.770095 303.770095
(4,0) 336.739653 336.739653 336.739653
(5,0) 352.146327 352.146327 352.146327

Average-cost monotonicity (RVI): FAIL
Monotonicity broken: (1,1) (217.3811) >= (0,1) (20.5936)

Average-cost indexability verification: PASS
Average-cost verification passed for 37 test W values.

================================================================================
INSTANCE 5
================================================================================
C=5.0, K=500.0, C_switch=1.0, beta=0.95
Survival probabilities: [0.9507, 0.732 , 0.5987, 0.3745, 0.156 , 0.    ]
--------------------------------------------------------------------------------

Passive transition matrix:
         (0,1)    (1,1)    (2,1)    (3,1)    (4,1)    (5,1)    (0,0)    (1,0)    (2,0)    (3,0)    (4,0)    (5,0)
(0,1) 0.000000 0.000000 0.000000 0.000000 0.000000 0.000000 0.049286 0.950714 0.000000 0.000000 0.000000 0.000000
(1,1) 0.000000 0.000000 0.000000 0.000000 0.000000 0.000000 0.268006 0.000000 0.731994 0.000000 0.000000 0.000000
(2,1) 0.000000 0.000000 0.000000 0.000000 0.000000 0.000000 0.401342 0.000000 0.000000 0.598658 0.000000 0.000000
(3,1) 0.000000 0.000000 0.000000 0.000000 0.000000 0.000000 0.625460 0.000000 0.000000 0.000000 0.374540 0.000000
(4,1) 0.000000 0.000000 0.000000 0.000000 0.000000 0.000000 0.843981 0.000000 0.000000 0.000000 0.000000 0.156019
(5,1) 0.000000 0.000000 0.000000 0.000000 0.000000 0.000000 1.000000 0.000000 0.000000 0.000000 0.000000 0.000000
(0,0) 0.000000 0.000000 0.000000 0.000000 0.000000 0.000000 0.049286 0.950714 0.000000 0.000000 0.000000 0.000000
(1,0) 0.000000 0.000000 0.000000 0.000000 0.000000 0.000000 0.268006 0.000000 0.731994 0.000000 0.000000 0.000000
(2,0) 0.000000 0.000000 0.000000 0.000000 0.000000 0.000000 0.401342 0.000000 0.000000 0.598658 0.000000 0.000000
(3,0) 0.000000 0.000000 0.000000 0.000000 0.000000 0.000000 0.625460 0.000000 0.000000 0.000000 0.374540 0.000000
(4,0) 0.000000 0.000000 0.000000 0.000000 0.000000 0.000000 0.843981 0.000000 0.000000 0.000000 0.000000 0.156019
(5,0) 0.000000 0.000000 0.000000 0.000000 0.000000 0.000000 1.000000 0.000000 0.000000 0.000000 0.000000 0.000000

Passive reward vector:
        Passive
(0,1)  -24.6428
(1,1) -134.0030
(2,1) -200.6708
(3,1) -312.7299
(4,1) -421.9907
(5,1) -500.0000
(0,0)  -24.6428
(1,0) -134.0030
(2,0) -200.6708
(3,0) -312.7299
(4,0) -421.9907
(5,0) -500.0000

Active transition matrix:
         (0,1)    (1,1)    (2,1)    (3,1)    (4,1)    (5,1)    (0,0)    (1,0)    (2,0)    (3,0)    (4,0)    (5,0)
(0,1) 1.000000 0.000000 0.000000 0.000000 0.000000 0.000000 0.000000 0.000000 0.000000 0.000000 0.000000 0.000000
(1,1) 0.800000 0.200000 0.000000 0.000000 0.000000 0.000000 0.000000 0.000000 0.000000 0.000000 0.000000 0.000000
(2,1) 0.533333 0.266667 0.200000 0.000000 0.000000 0.000000 0.000000 0.000000 0.000000 0.000000 0.000000 0.000000
(3,1) 0.457143 0.228571 0.114286 0.200000 0.000000 0.000000 0.000000 0.000000 0.000000 0.000000 0.000000 0.000000
(4,1) 0.426667 0.213333 0.106667 0.053333 0.200000 0.000000 0.000000 0.000000 0.000000 0.000000 0.000000 0.000000
(5,1) 0.412903 0.206452 0.103226 0.051613 0.025806 0.200000 0.000000 0.000000 0.000000 0.000000 0.000000 0.000000
(0,0) 1.000000 0.000000 0.000000 0.000000 0.000000 0.000000 0.000000 0.000000 0.000000 0.000000 0.000000 0.000000
(1,0) 0.800000 0.200000 0.000000 0.000000 0.000000 0.000000 0.000000 0.000000 0.000000 0.000000 0.000000 0.000000
(2,0) 0.533333 0.266667 0.200000 0.000000 0.000000 0.000000 0.000000 0.000000 0.000000 0.000000 0.000000 0.000000
(3,0) 0.457143 0.228571 0.114286 0.200000 0.000000 0.000000 0.000000 0.000000 0.000000 0.000000 0.000000 0.000000
(4,0) 0.426667 0.213333 0.106667 0.053333 0.200000 0.000000 0.000000 0.000000 0.000000 0.000000 0.000000 0.000000
(5,0) 0.412903 0.206452 0.103226 0.051613 0.025806 0.200000 0.000000 0.000000 0.000000 0.000000 0.000000 0.000000

Active reward vector:
       Active
(0,1) -5.0000
(1,1) -5.0000
(2,1) -5.0000
(3,1) -5.0000
(4,1) -5.0000
(5,1) -5.0000
(0,0) -6.0000
(1,0) -6.0000
(2,0) -6.0000
(3,0) -6.0000
(4,0) -6.0000
(5,0) -6.0000

--- Discounted Whittle Indices (beta=0.95) ---
              VI         PI    Package
(0,1)  20.546019  20.546019  20.546025
(1,1) 210.035503 210.035503 210.035505
(2,1) 242.895693 242.895693 242.895684
(3,1) 305.392951 305.392951 305.392936
(4,1) 341.332376 341.332376 341.332385
(5,1) 358.530596 358.530596 358.530596
(0,0)  19.592851  19.592851  19.592847
(1,0) 207.646251 207.646251 207.646245
(2,0) 241.112739 241.112739 241.112732
(3,0) 304.152817 304.152817 304.152822
(4,0) 340.382814 340.382814 340.382821
(5,0) 357.720599 357.720599 357.720596

Discounted monotonicity (closed-form): FAIL
Monotonicity broken: (1,1) (210.0355) >= (0,1) (20.5460)

Discounted indexability verification: FAIL
Discounted verification FAILED: first errors:
W=305.392950, (3,1): active but Q0 > Q1
W=305.392951, (3,1): active but Q0 > Q1

--- Average-Cost Whittle Indices ---
             RVI         PI    Package
(0,1)  20.593561  20.593561  20.593561
(1,1) 217.381148 217.381148 217.381148
(2,1) 246.249289 246.249289 246.249289
(3,1) 305.026580 305.026580 305.026580
(4,1) 337.685661 337.685661 337.685661
(5,1) 352.946327 352.946327 352.946327
(0,0)  19.642847  19.642847  19.642847
(1,0) 214.828153 214.828153 214.828153
(2,0) 244.391189 244.391189 244.391189
(3,0) 303.770095 303.770095 303.770095
(4,0) 336.739653 336.739653 336.739653
(5,0) 352.146327 352.146327 352.146327

Average-cost monotonicity (RVI): FAIL
Monotonicity broken: (1,1) (217.3811) >= (0,1) (20.5936)

Average-cost indexability verification: PASS
Average-cost verification passed for 37 test W values.

================================================================================
INSTANCE 6
================================================================================
C=5.0, K=500.0, C_switch=1.0, beta=0.9999
Survival probabilities: [0.9507, 0.732 , 0.5987, 0.3745, 0.156 , 0.    ]
--------------------------------------------------------------------------------

Passive transition matrix:
         (0,1)    (1,1)    (2,1)    (3,1)    (4,1)    (5,1)    (0,0)    (1,0)    (2,0)    (3,0)    (4,0)    (5,0)
(0,1) 0.000000 0.000000 0.000000 0.000000 0.000000 0.000000 0.049286 0.950714 0.000000 0.000000 0.000000 0.000000
(1,1) 0.000000 0.000000 0.000000 0.000000 0.000000 0.000000 0.268006 0.000000 0.731994 0.000000 0.000000 0.000000
(2,1) 0.000000 0.000000 0.000000 0.000000 0.000000 0.000000 0.401342 0.000000 0.000000 0.598658 0.000000 0.000000
(3,1) 0.000000 0.000000 0.000000 0.000000 0.000000 0.000000 0.625460 0.000000 0.000000 0.000000 0.374540 0.000000
(4,1) 0.000000 0.000000 0.000000 0.000000 0.000000 0.000000 0.843981 0.000000 0.000000 0.000000 0.000000 0.156019
(5,1) 0.000000 0.000000 0.000000 0.000000 0.000000 0.000000 1.000000 0.000000 0.000000 0.000000 0.000000 0.000000
(0,0) 0.000000 0.000000 0.000000 0.000000 0.000000 0.000000 0.049286 0.950714 0.000000 0.000000 0.000000 0.000000
(1,0) 0.000000 0.000000 0.000000 0.000000 0.000000 0.000000 0.268006 0.000000 0.731994 0.000000 0.000000 0.000000
(2,0) 0.000000 0.000000 0.000000 0.000000 0.000000 0.000000 0.401342 0.000000 0.000000 0.598658 0.000000 0.000000
(3,0) 0.000000 0.000000 0.000000 0.000000 0.000000 0.000000 0.625460 0.000000 0.000000 0.000000 0.374540 0.000000
(4,0) 0.000000 0.000000 0.000000 0.000000 0.000000 0.000000 0.843981 0.000000 0.000000 0.000000 0.000000 0.156019
(5,0) 0.000000 0.000000 0.000000 0.000000 0.000000 0.000000 1.000000 0.000000 0.000000 0.000000 0.000000 0.000000

Passive reward vector:
        Passive
(0,1)  -24.6428
(1,1) -134.0030
(2,1) -200.6708
(3,1) -312.7299
(4,1) -421.9907
(5,1) -500.0000
(0,0)  -24.6428
(1,0) -134.0030
(2,0) -200.6708
(3,0) -312.7299
(4,0) -421.9907
(5,0) -500.0000

Active transition matrix:
         (0,1)    (1,1)    (2,1)    (3,1)    (4,1)    (5,1)    (0,0)    (1,0)    (2,0)    (3,0)    (4,0)    (5,0)
(0,1) 1.000000 0.000000 0.000000 0.000000 0.000000 0.000000 0.000000 0.000000 0.000000 0.000000 0.000000 0.000000
(1,1) 0.800000 0.200000 0.000000 0.000000 0.000000 0.000000 0.000000 0.000000 0.000000 0.000000 0.000000 0.000000
(2,1) 0.533333 0.266667 0.200000 0.000000 0.000000 0.000000 0.000000 0.000000 0.000000 0.000000 0.000000 0.000000
(3,1) 0.457143 0.228571 0.114286 0.200000 0.000000 0.000000 0.000000 0.000000 0.000000 0.000000 0.000000 0.000000
(4,1) 0.426667 0.213333 0.106667 0.053333 0.200000 0.000000 0.000000 0.000000 0.000000 0.000000 0.000000 0.000000
(5,1) 0.412903 0.206452 0.103226 0.051613 0.025806 0.200000 0.000000 0.000000 0.000000 0.000000 0.000000 0.000000
(0,0) 1.000000 0.000000 0.000000 0.000000 0.000000 0.000000 0.000000 0.000000 0.000000 0.000000 0.000000 0.000000
(1,0) 0.800000 0.200000 0.000000 0.000000 0.000000 0.000000 0.000000 0.000000 0.000000 0.000000 0.000000 0.000000
(2,0) 0.533333 0.266667 0.200000 0.000000 0.000000 0.000000 0.000000 0.000000 0.000000 0.000000 0.000000 0.000000
(3,0) 0.457143 0.228571 0.114286 0.200000 0.000000 0.000000 0.000000 0.000000 0.000000 0.000000 0.000000 0.000000
(4,0) 0.426667 0.213333 0.106667 0.053333 0.200000 0.000000 0.000000 0.000000 0.000000 0.000000 0.000000 0.000000
(5,0) 0.412903 0.206452 0.103226 0.051613 0.025806 0.200000 0.000000 0.000000 0.000000 0.000000 0.000000 0.000000

Active reward vector:
       Active
(0,1) -5.0000
(1,1) -5.0000
(2,1) -5.0000
(3,1) -5.0000
(4,1) -5.0000
(5,1) -5.0000
(0,0) -6.0000
(1,0) -6.0000
(2,0) -6.0000
(3,0) -6.0000
(4,0) -6.0000
(5,0) -6.0000

--- Discounted Whittle Indices (beta=0.9999) ---
              VI         PI    Package
(0,1)  20.593464  20.593464  20.593466
(1,1) 217.365861 217.365861 217.365838
(2,1) 246.242434 246.242434 246.242424
(3,1) 305.027306 305.027306 305.027311
(4,1) 337.692872 337.692872 337.692867
(5,1) 352.957293 352.957293 352.957292
(0,0)  19.642740  19.642740  19.642747
(1,0) 214.813173 214.813173 214.813188
(2,0) 244.384468 244.384468 244.384480
(3,0) 303.770870 303.770870 303.770859
(4,0) 336.746842 336.746842 336.746851
(5,0) 352.157265 352.157265 352.157272

Discounted monotonicity (closed-form): FAIL
Monotonicity broken: (1,1) (217.3659) >= (0,1) (20.5935)

Discounted indexability verification: PASS
Discounted verification passed for 37 test W values.

--- Average-Cost Whittle Indices ---
             RVI         PI    Package
(0,1)  20.593561  20.593561  20.593561
(1,1) 217.381148 217.381148 217.381148
(2,1) 246.249289 246.249289 246.249289
(3,1) 305.026580 305.026580 305.026580
(4,1) 337.685661 337.685661 337.685661
(5,1) 352.946327 352.946327 352.946327
(0,0)  19.642847  19.642847  19.642847
(1,0) 214.828153 214.828153 214.828153
(2,0) 244.391189 244.391189 244.391189
(3,0) 303.770095 303.770095 303.770095
(4,0) 336.739653 336.739653 336.739653
(5,0) 352.146327 352.146327 352.146327

Average-cost monotonicity (RVI): FAIL
Monotonicity broken: (1,1) (217.3811) >= (0,1) (20.5936)

Average-cost indexability verification: PASS
Average-cost verification passed for 37 test W values.

================================================================================
INSTANCE 7
================================================================================
C=5.0, K=500.0, C_switch=5.0, beta=0.9
Survival probabilities: [0.9507, 0.732 , 0.5987, 0.3745, 0.156 , 0.    ]
--------------------------------------------------------------------------------

Passive transition matrix:
         (0,1)    (1,1)    (2,1)    (3,1)    (4,1)    (5,1)    (0,0)    (1,0)    (2,0)    (3,0)    (4,0)    (5,0)
(0,1) 0.000000 0.000000 0.000000 0.000000 0.000000 0.000000 0.049286 0.950714 0.000000 0.000000 0.000000 0.000000
(1,1) 0.000000 0.000000 0.000000 0.000000 0.000000 0.000000 0.268006 0.000000 0.731994 0.000000 0.000000 0.000000
(2,1) 0.000000 0.000000 0.000000 0.000000 0.000000 0.000000 0.401342 0.000000 0.000000 0.598658 0.000000 0.000000
(3,1) 0.000000 0.000000 0.000000 0.000000 0.000000 0.000000 0.625460 0.000000 0.000000 0.000000 0.374540 0.000000
(4,1) 0.000000 0.000000 0.000000 0.000000 0.000000 0.000000 0.843981 0.000000 0.000000 0.000000 0.000000 0.156019
(5,1) 0.000000 0.000000 0.000000 0.000000 0.000000 0.000000 1.000000 0.000000 0.000000 0.000000 0.000000 0.000000
(0,0) 0.000000 0.000000 0.000000 0.000000 0.000000 0.000000 0.049286 0.950714 0.000000 0.000000 0.000000 0.000000
(1,0) 0.000000 0.000000 0.000000 0.000000 0.000000 0.000000 0.268006 0.000000 0.731994 0.000000 0.000000 0.000000
(2,0) 0.000000 0.000000 0.000000 0.000000 0.000000 0.000000 0.401342 0.000000 0.000000 0.598658 0.000000 0.000000
(3,0) 0.000000 0.000000 0.000000 0.000000 0.000000 0.000000 0.625460 0.000000 0.000000 0.000000 0.374540 0.000000
(4,0) 0.000000 0.000000 0.000000 0.000000 0.000000 0.000000 0.843981 0.000000 0.000000 0.000000 0.000000 0.156019
(5,0) 0.000000 0.000000 0.000000 0.000000 0.000000 0.000000 1.000000 0.000000 0.000000 0.000000 0.000000 0.000000

Passive reward vector:
        Passive
(0,1)  -24.6428
(1,1) -134.0030
(2,1) -200.6708
(3,1) -312.7299
(4,1) -421.9907
(5,1) -500.0000
(0,0)  -24.6428
(1,0) -134.0030
(2,0) -200.6708
(3,0) -312.7299
(4,0) -421.9907
(5,0) -500.0000

Active transition matrix:
         (0,1)    (1,1)    (2,1)    (3,1)    (4,1)    (5,1)    (0,0)    (1,0)    (2,0)    (3,0)    (4,0)    (5,0)
(0,1) 1.000000 0.000000 0.000000 0.000000 0.000000 0.000000 0.000000 0.000000 0.000000 0.000000 0.000000 0.000000
(1,1) 0.800000 0.200000 0.000000 0.000000 0.000000 0.000000 0.000000 0.000000 0.000000 0.000000 0.000000 0.000000
(2,1) 0.533333 0.266667 0.200000 0.000000 0.000000 0.000000 0.000000 0.000000 0.000000 0.000000 0.000000 0.000000
(3,1) 0.457143 0.228571 0.114286 0.200000 0.000000 0.000000 0.000000 0.000000 0.000000 0.000000 0.000000 0.000000
(4,1) 0.426667 0.213333 0.106667 0.053333 0.200000 0.000000 0.000000 0.000000 0.000000 0.000000 0.000000 0.000000
(5,1) 0.412903 0.206452 0.103226 0.051613 0.025806 0.200000 0.000000 0.000000 0.000000 0.000000 0.000000 0.000000
(0,0) 1.000000 0.000000 0.000000 0.000000 0.000000 0.000000 0.000000 0.000000 0.000000 0.000000 0.000000 0.000000
(1,0) 0.800000 0.200000 0.000000 0.000000 0.000000 0.000000 0.000000 0.000000 0.000000 0.000000 0.000000 0.000000
(2,0) 0.533333 0.266667 0.200000 0.000000 0.000000 0.000000 0.000000 0.000000 0.000000 0.000000 0.000000 0.000000
(3,0) 0.457143 0.228571 0.114286 0.200000 0.000000 0.000000 0.000000 0.000000 0.000000 0.000000 0.000000 0.000000
(4,0) 0.426667 0.213333 0.106667 0.053333 0.200000 0.000000 0.000000 0.000000 0.000000 0.000000 0.000000 0.000000
(5,0) 0.412903 0.206452 0.103226 0.051613 0.025806 0.200000 0.000000 0.000000 0.000000 0.000000 0.000000 0.000000

Active reward vector:
        Active
(0,1)  -5.0000
(1,1)  -5.0000
(2,1)  -5.0000
(3,1)  -5.0000
(4,1)  -5.0000
(5,1)  -5.0000
(0,0) -10.0000
(1,0) -10.0000
(2,0) -10.0000
(3,0) -10.0000
(4,0) -10.0000
(5,0) -10.0000

--- Discounted Whittle Indices (beta=0.9) ---
              VI         PI    Package
(0,1)  23.921072  23.921072  23.921061
(1,1) 207.653224 207.653224 207.653220
(2,1) 242.862701 242.862701 242.862686
(3,1) 307.285890 307.285890 307.285889
(4,1) 345.581323 345.581323 345.581317
(5,1) 364.318490 364.318490 364.318482
(0,0)  19.142851  19.142851  19.142847
(1,0) 196.446866 196.446866 196.446870
(2,0) 234.298766 234.298766 234.298779
(3,0) 301.165372 301.165372 301.165363
(4,0) 340.816319 340.816319 340.816312
(5,0) 360.218480 360.218480 360.218482

Discounted monotonicity (closed-form): FAIL
Monotonicity broken: (1,1) (207.6532) >= (0,1) (23.9211)

Discounted indexability verification: FAIL
Discounted verification FAILED: first errors:
W=23.921071, (0,1): active but Q0 > Q1
W=23.921072, (0,1): active but Q0 > Q1
W=364.318490, (5,1): active but Q0 > Q1

--- Average-Cost Whittle Indices ---
             RVI         PI    Package
(0,1)  24.396418  24.396418  24.396418
(1,1) 222.640131 222.640131 222.640131
(2,1) 249.952639 249.952639 249.952639
(3,1) 306.738400 306.738400 306.738400
(4,1) 338.251445 338.251445 338.251445
(5,1) 352.946327 352.946327 352.946327
(0,0)  19.642847  19.642847  19.642847
(1,0) 209.875158 209.875158 209.875159
(2,0) 240.662139 240.662139 240.662139
(3,0) 300.455974 300.455974 300.455974
(4,0) 333.521402 333.521402 333.521402
(5,0) 348.946327 348.946327 348.946327

Average-cost monotonicity (RVI): FAIL
Monotonicity broken: (1,1) (222.6401) >= (0,1) (24.3964)

Average-cost indexability verification: PASS
Average-cost verification passed for 37 test W values.

================================================================================
INSTANCE 8
================================================================================
C=5.0, K=500.0, C_switch=5.0, beta=0.95
Survival probabilities: [0.9507, 0.732 , 0.5987, 0.3745, 0.156 , 0.    ]
--------------------------------------------------------------------------------

Passive transition matrix:
         (0,1)    (1,1)    (2,1)    (3,1)    (4,1)    (5,1)    (0,0)    (1,0)    (2,0)    (3,0)    (4,0)    (5,0)
(0,1) 0.000000 0.000000 0.000000 0.000000 0.000000 0.000000 0.049286 0.950714 0.000000 0.000000 0.000000 0.000000
(1,1) 0.000000 0.000000 0.000000 0.000000 0.000000 0.000000 0.268006 0.000000 0.731994 0.000000 0.000000 0.000000
(2,1) 0.000000 0.000000 0.000000 0.000000 0.000000 0.000000 0.401342 0.000000 0.000000 0.598658 0.000000 0.000000
(3,1) 0.000000 0.000000 0.000000 0.000000 0.000000 0.000000 0.625460 0.000000 0.000000 0.000000 0.374540 0.000000
(4,1) 0.000000 0.000000 0.000000 0.000000 0.000000 0.000000 0.843981 0.000000 0.000000 0.000000 0.000000 0.156019
(5,1) 0.000000 0.000000 0.000000 0.000000 0.000000 0.000000 1.000000 0.000000 0.000000 0.000000 0.000000 0.000000
(0,0) 0.000000 0.000000 0.000000 0.000000 0.000000 0.000000 0.049286 0.950714 0.000000 0.000000 0.000000 0.000000
(1,0) 0.000000 0.000000 0.000000 0.000000 0.000000 0.000000 0.268006 0.000000 0.731994 0.000000 0.000000 0.000000
(2,0) 0.000000 0.000000 0.000000 0.000000 0.000000 0.000000 0.401342 0.000000 0.000000 0.598658 0.000000 0.000000
(3,0) 0.000000 0.000000 0.000000 0.000000 0.000000 0.000000 0.625460 0.000000 0.000000 0.000000 0.374540 0.000000
(4,0) 0.000000 0.000000 0.000000 0.000000 0.000000 0.000000 0.843981 0.000000 0.000000 0.000000 0.000000 0.156019
(5,0) 0.000000 0.000000 0.000000 0.000000 0.000000 0.000000 1.000000 0.000000 0.000000 0.000000 0.000000 0.000000

Passive reward vector:
        Passive
(0,1)  -24.6428
(1,1) -134.0030
(2,1) -200.6708
(3,1) -312.7299
(4,1) -421.9907
(5,1) -500.0000
(0,0)  -24.6428
(1,0) -134.0030
(2,0) -200.6708
(3,0) -312.7299
(4,0) -421.9907
(5,0) -500.0000

Active transition matrix:
         (0,1)    (1,1)    (2,1)    (3,1)    (4,1)    (5,1)    (0,0)    (1,0)    (2,0)    (3,0)    (4,0)    (5,0)
(0,1) 1.000000 0.000000 0.000000 0.000000 0.000000 0.000000 0.000000 0.000000 0.000000 0.000000 0.000000 0.000000
(1,1) 0.800000 0.200000 0.000000 0.000000 0.000000 0.000000 0.000000 0.000000 0.000000 0.000000 0.000000 0.000000
(2,1) 0.533333 0.266667 0.200000 0.000000 0.000000 0.000000 0.000000 0.000000 0.000000 0.000000 0.000000 0.000000
(3,1) 0.457143 0.228571 0.114286 0.200000 0.000000 0.000000 0.000000 0.000000 0.000000 0.000000 0.000000 0.000000
(4,1) 0.426667 0.213333 0.106667 0.053333 0.200000 0.000000 0.000000 0.000000 0.000000 0.000000 0.000000 0.000000
(5,1) 0.412903 0.206452 0.103226 0.051613 0.025806 0.200000 0.000000 0.000000 0.000000 0.000000 0.000000 0.000000
(0,0) 1.000000 0.000000 0.000000 0.000000 0.000000 0.000000 0.000000 0.000000 0.000000 0.000000 0.000000 0.000000
(1,0) 0.800000 0.200000 0.000000 0.000000 0.000000 0.000000 0.000000 0.000000 0.000000 0.000000 0.000000 0.000000
(2,0) 0.533333 0.266667 0.200000 0.000000 0.000000 0.000000 0.000000 0.000000 0.000000 0.000000 0.000000 0.000000
(3,0) 0.457143 0.228571 0.114286 0.200000 0.000000 0.000000 0.000000 0.000000 0.000000 0.000000 0.000000 0.000000
(4,0) 0.426667 0.213333 0.106667 0.053333 0.200000 0.000000 0.000000 0.000000 0.000000 0.000000 0.000000 0.000000
(5,0) 0.412903 0.206452 0.103226 0.051613 0.025806 0.200000 0.000000 0.000000 0.000000 0.000000 0.000000 0.000000

Active reward vector:
        Active
(0,1)  -5.0000
(1,1)  -5.0000
(2,1)  -5.0000
(3,1)  -5.0000
(4,1)  -5.0000
(5,1)  -5.0000
(0,0) -10.0000
(1,0) -10.0000
(2,0) -10.0000
(3,0) -10.0000
(4,0) -10.0000
(5,0) -10.0000

--- Discounted Whittle Indices (beta=0.95) ---
              VI         PI    Package
(0,1)  24.158746  24.158746  24.158740
(1,1) 214.847565 214.847565 214.847545
(2,1) 246.327490 246.327490 246.327498
(3,1) 307.012111 307.012111 307.012111
(4,1) 341.874242 341.874242 341.874243
(5,1) 358.530596 358.530596 358.530596
(0,0)  19.392848  19.392848  19.392847
(1,0) 202.901244 202.901244 202.901245
(2,0) 237.412751 237.412751 237.412735
(3,0) 300.811529 300.811529 300.811540
(4,0) 337.126419 337.126419 337.126420
(5,0) 354.480594 354.480594 354.480596

Discounted monotonicity (closed-form): FAIL
Monotonicity broken: (1,1) (214.8476) >= (0,1) (24.1587)

Discounted indexability verification: FAIL
Discounted verification FAILED: first errors:
W=237.412751, (2,0): active but Q0 > Q1

--- Average-Cost Whittle Indices ---
             RVI         PI    Package
(0,1)  24.396418  24.396418  24.396418
(1,1) 222.640131 222.640131 222.640131
(2,1) 249.952639 249.952639 249.952639
(3,1) 306.738400 306.738400 306.738400
(4,1) 338.251445 338.251445 338.251445
(5,1) 352.946327 352.946327 352.946327
(0,0)  19.642847  19.642847  19.642847
(1,0) 209.875158 209.875158 209.875159
(2,0) 240.662139 240.662139 240.662139
(3,0) 300.455974 300.455974 300.455974
(4,0) 333.521402 333.521402 333.521402
(5,0) 348.946327 348.946327 348.946327

Average-cost monotonicity (RVI): FAIL
Monotonicity broken: (1,1) (222.6401) >= (0,1) (24.3964)

Average-cost indexability verification: PASS
Average-cost verification passed for 37 test W values.

================================================================================
INSTANCE 9
================================================================================
C=5.0, K=500.0, C_switch=5.0, beta=0.9999
Survival probabilities: [0.9507, 0.732 , 0.5987, 0.3745, 0.156 , 0.    ]
--------------------------------------------------------------------------------

Passive transition matrix:
         (0,1)    (1,1)    (2,1)    (3,1)    (4,1)    (5,1)    (0,0)    (1,0)    (2,0)    (3,0)    (4,0)    (5,0)
(0,1) 0.000000 0.000000 0.000000 0.000000 0.000000 0.000000 0.049286 0.950714 0.000000 0.000000 0.000000 0.000000
(1,1) 0.000000 0.000000 0.000000 0.000000 0.000000 0.000000 0.268006 0.000000 0.731994 0.000000 0.000000 0.000000
(2,1) 0.000000 0.000000 0.000000 0.000000 0.000000 0.000000 0.401342 0.000000 0.000000 0.598658 0.000000 0.000000
(3,1) 0.000000 0.000000 0.000000 0.000000 0.000000 0.000000 0.625460 0.000000 0.000000 0.000000 0.374540 0.000000
(4,1) 0.000000 0.000000 0.000000 0.000000 0.000000 0.000000 0.843981 0.000000 0.000000 0.000000 0.000000 0.156019
(5,1) 0.000000 0.000000 0.000000 0.000000 0.000000 0.000000 1.000000 0.000000 0.000000 0.000000 0.000000 0.000000
(0,0) 0.000000 0.000000 0.000000 0.000000 0.000000 0.000000 0.049286 0.950714 0.000000 0.000000 0.000000 0.000000
(1,0) 0.000000 0.000000 0.000000 0.000000 0.000000 0.000000 0.268006 0.000000 0.731994 0.000000 0.000000 0.000000
(2,0) 0.000000 0.000000 0.000000 0.000000 0.000000 0.000000 0.401342 0.000000 0.000000 0.598658 0.000000 0.000000
(3,0) 0.000000 0.000000 0.000000 0.000000 0.000000 0.000000 0.625460 0.000000 0.000000 0.000000 0.374540 0.000000
(4,0) 0.000000 0.000000 0.000000 0.000000 0.000000 0.000000 0.843981 0.000000 0.000000 0.000000 0.000000 0.156019
(5,0) 0.000000 0.000000 0.000000 0.000000 0.000000 0.000000 1.000000 0.000000 0.000000 0.000000 0.000000 0.000000

Passive reward vector:
        Passive
(0,1)  -24.6428
(1,1) -134.0030
(2,1) -200.6708
(3,1) -312.7299
(4,1) -421.9907
(5,1) -500.0000
(0,0)  -24.6428
(1,0) -134.0030
(2,0) -200.6708
(3,0) -312.7299
(4,0) -421.9907
(5,0) -500.0000

Active transition matrix:
         (0,1)    (1,1)    (2,1)    (3,1)    (4,1)    (5,1)    (0,0)    (1,0)    (2,0)    (3,0)    (4,0)    (5,0)
(0,1) 1.000000 0.000000 0.000000 0.000000 0.000000 0.000000 0.000000 0.000000 0.000000 0.000000 0.000000 0.000000
(1,1) 0.800000 0.200000 0.000000 0.000000 0.000000 0.000000 0.000000 0.000000 0.000000 0.000000 0.000000 0.000000
(2,1) 0.533333 0.266667 0.200000 0.000000 0.000000 0.000000 0.000000 0.000000 0.000000 0.000000 0.000000 0.000000
(3,1) 0.457143 0.228571 0.114286 0.200000 0.000000 0.000000 0.000000 0.000000 0.000000 0.000000 0.000000 0.000000
(4,1) 0.426667 0.213333 0.106667 0.053333 0.200000 0.000000 0.000000 0.000000 0.000000 0.000000 0.000000 0.000000
(5,1) 0.412903 0.206452 0.103226 0.051613 0.025806 0.200000 0.000000 0.000000 0.000000 0.000000 0.000000 0.000000
(0,0) 1.000000 0.000000 0.000000 0.000000 0.000000 0.000000 0.000000 0.000000 0.000000 0.000000 0.000000 0.000000
(1,0) 0.800000 0.200000 0.000000 0.000000 0.000000 0.000000 0.000000 0.000000 0.000000 0.000000 0.000000 0.000000
(2,0) 0.533333 0.266667 0.200000 0.000000 0.000000 0.000000 0.000000 0.000000 0.000000 0.000000 0.000000 0.000000
(3,0) 0.457143 0.228571 0.114286 0.200000 0.000000 0.000000 0.000000 0.000000 0.000000 0.000000 0.000000 0.000000
(4,0) 0.426667 0.213333 0.106667 0.053333 0.200000 0.000000 0.000000 0.000000 0.000000 0.000000 0.000000 0.000000
(5,0) 0.412903 0.206452 0.103226 0.051613 0.025806 0.200000 0.000000 0.000000 0.000000 0.000000 0.000000 0.000000

Active reward vector:
        Active
(0,1)  -5.0000
(1,1)  -5.0000
(2,1)  -5.0000
(3,1)  -5.0000
(4,1)  -5.0000
(5,1)  -5.0000
(0,0) -10.0000
(1,0) -10.0000
(2,0) -10.0000
(3,0) -10.0000
(4,0) -10.0000
(5,0) -10.0000

--- Discounted Whittle Indices (beta=0.9999) ---
              VI         PI    Package
(0,1)  24.395943  24.395943  24.395943
(1,1) 222.623885 222.623885 222.623892
(2,1) 249.945223 249.945223 249.945218
(3,1) 306.738943 306.738943 306.738944
(4,1) 338.258594 338.258594 338.258603
(5,1) 352.957293 352.957293 352.957292
(0,0)  19.642353  19.642353  19.642347
(1,0) 209.860653 209.860653 209.860643
(2,0) 240.655482 240.655482 240.655495
(3,0) 300.456673 300.456673 300.456684
(4,0) 333.528519 333.528519 333.528523
(5,0) 348.957196 348.957196 348.957192

Discounted monotonicity (closed-form): FAIL
Monotonicity broken: (1,1) (222.6239) >= (0,1) (24.3959)

Discounted indexability verification: PASS
Discounted verification passed for 37 test W values.

--- Average-Cost Whittle Indices ---
             RVI         PI    Package
(0,1)  24.396418  24.396418  24.396418
(1,1) 222.640131 222.640131 222.640131
(2,1) 249.952639 249.952639 249.952639
(3,1) 306.738400 306.738400 306.738400
(4,1) 338.251445 338.251445 338.251445
(5,1) 352.946327 352.946327 352.946327
(0,0)  19.642847  19.642847  19.642847
(1,0) 209.875158 209.875158 209.875159
(2,0) 240.662139 240.662139 240.662139
(3,0) 300.455974 300.455974 300.455974
(4,0) 333.521402 333.521402 333.521402
(5,0) 348.946327 348.946327 348.946327

Average-cost monotonicity (RVI): FAIL
Monotonicity broken: (1,1) (222.6401) >= (0,1) (24.3964)

Average-cost indexability verification: PASS
Average-cost verification passed for 37 test W values.

================================================================================
INSTANCE 10
================================================================================
C=5.0, K=500.0, C_switch=10.0, beta=0.9
Survival probabilities: [0.9507, 0.732 , 0.5987, 0.3745, 0.156 , 0.    ]
--------------------------------------------------------------------------------

Passive transition matrix:
         (0,1)    (1,1)    (2,1)    (3,1)    (4,1)    (5,1)    (0,0)    (1,0)    (2,0)    (3,0)    (4,0)    (5,0)
(0,1) 0.000000 0.000000 0.000000 0.000000 0.000000 0.000000 0.049286 0.950714 0.000000 0.000000 0.000000 0.000000
(1,1) 0.000000 0.000000 0.000000 0.000000 0.000000 0.000000 0.268006 0.000000 0.731994 0.000000 0.000000 0.000000
(2,1) 0.000000 0.000000 0.000000 0.000000 0.000000 0.000000 0.401342 0.000000 0.000000 0.598658 0.000000 0.000000
(3,1) 0.000000 0.000000 0.000000 0.000000 0.000000 0.000000 0.625460 0.000000 0.000000 0.000000 0.374540 0.000000
(4,1) 0.000000 0.000000 0.000000 0.000000 0.000000 0.000000 0.843981 0.000000 0.000000 0.000000 0.000000 0.156019
(5,1) 0.000000 0.000000 0.000000 0.000000 0.000000 0.000000 1.000000 0.000000 0.000000 0.000000 0.000000 0.000000
(0,0) 0.000000 0.000000 0.000000 0.000000 0.000000 0.000000 0.049286 0.950714 0.000000 0.000000 0.000000 0.000000
(1,0) 0.000000 0.000000 0.000000 0.000000 0.000000 0.000000 0.268006 0.000000 0.731994 0.000000 0.000000 0.000000
(2,0) 0.000000 0.000000 0.000000 0.000000 0.000000 0.000000 0.401342 0.000000 0.000000 0.598658 0.000000 0.000000
(3,0) 0.000000 0.000000 0.000000 0.000000 0.000000 0.000000 0.625460 0.000000 0.000000 0.000000 0.374540 0.000000
(4,0) 0.000000 0.000000 0.000000 0.000000 0.000000 0.000000 0.843981 0.000000 0.000000 0.000000 0.000000 0.156019
(5,0) 0.000000 0.000000 0.000000 0.000000 0.000000 0.000000 1.000000 0.000000 0.000000 0.000000 0.000000 0.000000

Passive reward vector:
        Passive
(0,1)  -24.6428
(1,1) -134.0030
(2,1) -200.6708
(3,1) -312.7299
(4,1) -421.9907
(5,1) -500.0000
(0,0)  -24.6428
(1,0) -134.0030
(2,0) -200.6708
(3,0) -312.7299
(4,0) -421.9907
(5,0) -500.0000

Active transition matrix:
         (0,1)    (1,1)    (2,1)    (3,1)    (4,1)    (5,1)    (0,0)    (1,0)    (2,0)    (3,0)    (4,0)    (5,0)
(0,1) 1.000000 0.000000 0.000000 0.000000 0.000000 0.000000 0.000000 0.000000 0.000000 0.000000 0.000000 0.000000
(1,1) 0.800000 0.200000 0.000000 0.000000 0.000000 0.000000 0.000000 0.000000 0.000000 0.000000 0.000000 0.000000
(2,1) 0.533333 0.266667 0.200000 0.000000 0.000000 0.000000 0.000000 0.000000 0.000000 0.000000 0.000000 0.000000
(3,1) 0.457143 0.228571 0.114286 0.200000 0.000000 0.000000 0.000000 0.000000 0.000000 0.000000 0.000000 0.000000
(4,1) 0.426667 0.213333 0.106667 0.053333 0.200000 0.000000 0.000000 0.000000 0.000000 0.000000 0.000000 0.000000
(5,1) 0.412903 0.206452 0.103226 0.051613 0.025806 0.200000 0.000000 0.000000 0.000000 0.000000 0.000000 0.000000
(0,0) 1.000000 0.000000 0.000000 0.000000 0.000000 0.000000 0.000000 0.000000 0.000000 0.000000 0.000000 0.000000
(1,0) 0.800000 0.200000 0.000000 0.000000 0.000000 0.000000 0.000000 0.000000 0.000000 0.000000 0.000000 0.000000
(2,0) 0.533333 0.266667 0.200000 0.000000 0.000000 0.000000 0.000000 0.000000 0.000000 0.000000 0.000000 0.000000
(3,0) 0.457143 0.228571 0.114286 0.200000 0.000000 0.000000 0.000000 0.000000 0.000000 0.000000 0.000000 0.000000
(4,0) 0.426667 0.213333 0.106667 0.053333 0.200000 0.000000 0.000000 0.000000 0.000000 0.000000 0.000000 0.000000
(5,0) 0.412903 0.206452 0.103226 0.051613 0.025806 0.200000 0.000000 0.000000 0.000000 0.000000 0.000000 0.000000

Active reward vector:
        Active
(0,1)  -5.0000
(1,1)  -5.0000
(2,1)  -5.0000
(3,1)  -5.0000
(4,1)  -5.0000
(5,1)  -5.0000
(0,0) -15.0000
(1,0) -15.0000
(2,0) -15.0000
(3,0) -15.0000
(4,0) -15.0000
(5,0) -15.0000

--- Discounted Whittle Indices (beta=0.9) ---
              VI         PI    Package
(0,1)  28.199285  28.199285  28.199276
(1,1) 213.150591 213.150591 213.150585
(2,1) 246.829063 246.829063 246.829068
(3,1) 309.194684 309.194684 309.194680
(4,1) 346.228004 346.228004 346.228004
(5,1) 364.318490 364.318490 364.318482
(0,0)  18.642843  18.642843  18.642847
(1,0) 190.737903 190.737903 190.737885
(2,0) 229.701251 229.701251 229.701254
(3,0) 296.953619 296.953619 296.953629
(4,0) 336.697996 336.697996 336.697995
(5,0) 356.118485 356.118485 356.118482

Discounted monotonicity (closed-form): FAIL
Monotonicity broken: (1,1) (213.1506) >= (0,1) (28.1993)

Discounted indexability verification: FAIL
Discounted verification FAILED: first errors:
W=28.199285, (0,1): active but Q0 > Q1
W=190.737902, (1,0): active but Q0 > Q1
W=190.737903, (1,0): active but Q0 > Q1
W=364.318490, (5,1): active but Q0 > Q1

--- Average-Cost Whittle Indices ---
             RVI         PI    Package
(0,1)  29.149990  29.149990  29.149990
(1,1) 229.213861 229.213861 229.213861
(2,1) 254.581827 254.581827 254.581827
(3,1) 308.878174 308.878174 308.878174
(4,1) 338.958675 338.958675 338.958675
(5,1) 352.946327 352.946327 352.946327
(0,0)  19.642847  19.642847  19.642847
(1,0) 203.683915 203.683915 203.683915
(2,0) 236.000827 236.000827 236.000827
(3,0) 296.313322 296.313322 296.313322
(4,0) 329.498588 329.498588 329.498588
(5,0) 344.946327 344.946327 344.946327

Average-cost monotonicity (RVI): FAIL
Monotonicity broken: (1,1) (229.2139) >= (0,1) (29.1500)

Average-cost indexability verification: PASS
Average-cost verification passed for 37 test W values.

================================================================================
INSTANCE 11
================================================================================
C=5.0, K=500.0, C_switch=10.0, beta=0.95
Survival probabilities: [0.9507, 0.732 , 0.5987, 0.3745, 0.156 , 0.    ]
--------------------------------------------------------------------------------

Passive transition matrix:
         (0,1)    (1,1)    (2,1)    (3,1)    (4,1)    (5,1)    (0,0)    (1,0)    (2,0)    (3,0)    (4,0)    (5,0)
(0,1) 0.000000 0.000000 0.000000 0.000000 0.000000 0.000000 0.049286 0.950714 0.000000 0.000000 0.000000 0.000000
(1,1) 0.000000 0.000000 0.000000 0.000000 0.000000 0.000000 0.268006 0.000000 0.731994 0.000000 0.000000 0.000000
(2,1) 0.000000 0.000000 0.000000 0.000000 0.000000 0.000000 0.401342 0.000000 0.000000 0.598658 0.000000 0.000000
(3,1) 0.000000 0.000000 0.000000 0.000000 0.000000 0.000000 0.625460 0.000000 0.000000 0.000000 0.374540 0.000000
(4,1) 0.000000 0.000000 0.000000 0.000000 0.000000 0.000000 0.843981 0.000000 0.000000 0.000000 0.000000 0.156019
(5,1) 0.000000 0.000000 0.000000 0.000000 0.000000 0.000000 1.000000 0.000000 0.000000 0.000000 0.000000 0.000000
(0,0) 0.000000 0.000000 0.000000 0.000000 0.000000 0.000000 0.049286 0.950714 0.000000 0.000000 0.000000 0.000000
(1,0) 0.000000 0.000000 0.000000 0.000000 0.000000 0.000000 0.268006 0.000000 0.731994 0.000000 0.000000 0.000000
(2,0) 0.000000 0.000000 0.000000 0.000000 0.000000 0.000000 0.401342 0.000000 0.000000 0.598658 0.000000 0.000000
(3,0) 0.000000 0.000000 0.000000 0.000000 0.000000 0.000000 0.625460 0.000000 0.000000 0.000000 0.374540 0.000000
(4,0) 0.000000 0.000000 0.000000 0.000000 0.000000 0.000000 0.843981 0.000000 0.000000 0.000000 0.000000 0.156019
(5,0) 0.000000 0.000000 0.000000 0.000000 0.000000 0.000000 1.000000 0.000000 0.000000 0.000000 0.000000 0.000000

Passive reward vector:
        Passive
(0,1)  -24.6428
(1,1) -134.0030
(2,1) -200.6708
(3,1) -312.7299
(4,1) -421.9907
(5,1) -500.0000
(0,0)  -24.6428
(1,0) -134.0030
(2,0) -200.6708
(3,0) -312.7299
(4,0) -421.9907
(5,0) -500.0000

Active transition matrix:
         (0,1)    (1,1)    (2,1)    (3,1)    (4,1)    (5,1)    (0,0)    (1,0)    (2,0)    (3,0)    (4,0)    (5,0)
(0,1) 1.000000 0.000000 0.000000 0.000000 0.000000 0.000000 0.000000 0.000000 0.000000 0.000000 0.000000 0.000000
(1,1) 0.800000 0.200000 0.000000 0.000000 0.000000 0.000000 0.000000 0.000000 0.000000 0.000000 0.000000 0.000000
(2,1) 0.533333 0.266667 0.200000 0.000000 0.000000 0.000000 0.000000 0.000000 0.000000 0.000000 0.000000 0.000000
(3,1) 0.457143 0.228571 0.114286 0.200000 0.000000 0.000000 0.000000 0.000000 0.000000 0.000000 0.000000 0.000000
(4,1) 0.426667 0.213333 0.106667 0.053333 0.200000 0.000000 0.000000 0.000000 0.000000 0.000000 0.000000 0.000000
(5,1) 0.412903 0.206452 0.103226 0.051613 0.025806 0.200000 0.000000 0.000000 0.000000 0.000000 0.000000 0.000000
(0,0) 1.000000 0.000000 0.000000 0.000000 0.000000 0.000000 0.000000 0.000000 0.000000 0.000000 0.000000 0.000000
(1,0) 0.800000 0.200000 0.000000 0.000000 0.000000 0.000000 0.000000 0.000000 0.000000 0.000000 0.000000 0.000000
(2,0) 0.533333 0.266667 0.200000 0.000000 0.000000 0.000000 0.000000 0.000000 0.000000 0.000000 0.000000 0.000000
(3,0) 0.457143 0.228571 0.114286 0.200000 0.000000 0.000000 0.000000 0.000000 0.000000 0.000000 0.000000 0.000000
(4,0) 0.426667 0.213333 0.106667 0.053333 0.200000 0.000000 0.000000 0.000000 0.000000 0.000000 0.000000 0.000000
(5,0) 0.412903 0.206452 0.103226 0.051613 0.025806 0.200000 0.000000 0.000000 0.000000 0.000000 0.000000 0.000000

Active reward vector:
        Active
(0,1)  -5.0000
(1,1)  -5.0000
(2,1)  -5.0000
(3,1)  -5.0000
(4,1)  -5.0000
(5,1)  -5.0000
(0,0) -15.0000
(1,0) -15.0000
(2,0) -15.0000
(3,0) -15.0000
(4,0) -15.0000
(5,0) -15.0000

--- Discounted Whittle Indices (beta=0.95) ---
              VI         PI    Package
(0,1)  28.674632  28.674632  28.674633
(1,1) 220.862597 220.862597 220.862595
(2,1) 250.617266 250.617266 250.617266
(3,1) 309.036076 309.036076 309.036079
(4,1) 342.551559 342.551559 342.551566
(5,1) 358.530596 358.530596 358.530596
(0,0)  19.142851  19.142851  19.142847
(1,0) 196.969986 196.969986 196.969995
(2,0) 232.787728 232.787728 232.787740
(3,0) 296.634942 296.634942 296.634938
(4,0) 333.055913 333.055913 333.055920
(5,0) 350.430593 350.430593 350.430596

Discounted monotonicity (closed-form): FAIL
Monotonicity broken: (1,1) (220.8626) >= (0,1) (28.6746)

Discounted indexability verification: PASS
Discounted verification passed for 37 test W values.

--- Average-Cost Whittle Indices ---
             RVI         PI    Package
(0,1)  29.149990  29.149990  29.149990
(1,1) 229.213861 229.213861 229.213861
(2,1) 254.581827 254.581827 254.581827
(3,1) 308.878174 308.878174 308.878174
(4,1) 338.958675 338.958675 338.958675
(5,1) 352.946327 352.946327 352.946327
(0,0)  19.642847  19.642847  19.642847
(1,0) 203.683915 203.683915 203.683915
(2,0) 236.000827 236.000827 236.000827
(3,0) 296.313322 296.313322 296.313322
(4,0) 329.498588 329.498588 329.498588
(5,0) 344.946327 344.946327 344.946327

Average-cost monotonicity (RVI): FAIL
Monotonicity broken: (1,1) (229.2139) >= (0,1) (29.1500)

Average-cost indexability verification: PASS
Average-cost verification passed for 37 test W values.

================================================================================
INSTANCE 12
================================================================================
C=5.0, K=500.0, C_switch=10.0, beta=0.9999
Survival probabilities: [0.9507, 0.732 , 0.5987, 0.3745, 0.156 , 0.    ]
--------------------------------------------------------------------------------

Passive transition matrix:
         (0,1)    (1,1)    (2,1)    (3,1)    (4,1)    (5,1)    (0,0)    (1,0)    (2,0)    (3,0)    (4,0)    (5,0)
(0,1) 0.000000 0.000000 0.000000 0.000000 0.000000 0.000000 0.049286 0.950714 0.000000 0.000000 0.000000 0.000000
(1,1) 0.000000 0.000000 0.000000 0.000000 0.000000 0.000000 0.268006 0.000000 0.731994 0.000000 0.000000 0.000000
(2,1) 0.000000 0.000000 0.000000 0.000000 0.000000 0.000000 0.401342 0.000000 0.000000 0.598658 0.000000 0.000000
(3,1) 0.000000 0.000000 0.000000 0.000000 0.000000 0.000000 0.625460 0.000000 0.000000 0.000000 0.374540 0.000000
(4,1) 0.000000 0.000000 0.000000 0.000000 0.000000 0.000000 0.843981 0.000000 0.000000 0.000000 0.000000 0.156019
(5,1) 0.000000 0.000000 0.000000 0.000000 0.000000 0.000000 1.000000 0.000000 0.000000 0.000000 0.000000 0.000000
(0,0) 0.000000 0.000000 0.000000 0.000000 0.000000 0.000000 0.049286 0.950714 0.000000 0.000000 0.000000 0.000000
(1,0) 0.000000 0.000000 0.000000 0.000000 0.000000 0.000000 0.268006 0.000000 0.731994 0.000000 0.000000 0.000000
(2,0) 0.000000 0.000000 0.000000 0.000000 0.000000 0.000000 0.401342 0.000000 0.000000 0.598658 0.000000 0.000000
(3,0) 0.000000 0.000000 0.000000 0.000000 0.000000 0.000000 0.625460 0.000000 0.000000 0.000000 0.374540 0.000000
(4,0) 0.000000 0.000000 0.000000 0.000000 0.000000 0.000000 0.843981 0.000000 0.000000 0.000000 0.000000 0.156019
(5,0) 0.000000 0.000000 0.000000 0.000000 0.000000 0.000000 1.000000 0.000000 0.000000 0.000000 0.000000 0.000000

Passive reward vector:
        Passive
(0,1)  -24.6428
(1,1) -134.0030
(2,1) -200.6708
(3,1) -312.7299
(4,1) -421.9907
(5,1) -500.0000
(0,0)  -24.6428
(1,0) -134.0030
(2,0) -200.6708
(3,0) -312.7299
(4,0) -421.9907
(5,0) -500.0000

Active transition matrix:
         (0,1)    (1,1)    (2,1)    (3,1)    (4,1)    (5,1)    (0,0)    (1,0)    (2,0)    (3,0)    (4,0)    (5,0)
(0,1) 1.000000 0.000000 0.000000 0.000000 0.000000 0.000000 0.000000 0.000000 0.000000 0.000000 0.000000 0.000000
(1,1) 0.800000 0.200000 0.000000 0.000000 0.000000 0.000000 0.000000 0.000000 0.000000 0.000000 0.000000 0.000000
(2,1) 0.533333 0.266667 0.200000 0.000000 0.000000 0.000000 0.000000 0.000000 0.000000 0.000000 0.000000 0.000000
(3,1) 0.457143 0.228571 0.114286 0.200000 0.000000 0.000000 0.000000 0.000000 0.000000 0.000000 0.000000 0.000000
(4,1) 0.426667 0.213333 0.106667 0.053333 0.200000 0.000000 0.000000 0.000000 0.000000 0.000000 0.000000 0.000000
(5,1) 0.412903 0.206452 0.103226 0.051613 0.025806 0.200000 0.000000 0.000000 0.000000 0.000000 0.000000 0.000000
(0,0) 1.000000 0.000000 0.000000 0.000000 0.000000 0.000000 0.000000 0.000000 0.000000 0.000000 0.000000 0.000000
(1,0) 0.800000 0.200000 0.000000 0.000000 0.000000 0.000000 0.000000 0.000000 0.000000 0.000000 0.000000 0.000000
(2,0) 0.533333 0.266667 0.200000 0.000000 0.000000 0.000000 0.000000 0.000000 0.000000 0.000000 0.000000 0.000000
(3,0) 0.457143 0.228571 0.114286 0.200000 0.000000 0.000000 0.000000 0.000000 0.000000 0.000000 0.000000 0.000000
(4,0) 0.426667 0.213333 0.106667 0.053333 0.200000 0.000000 0.000000 0.000000 0.000000 0.000000 0.000000 0.000000
(5,0) 0.412903 0.206452 0.103226 0.051613 0.025806 0.200000 0.000000 0.000000 0.000000 0.000000 0.000000 0.000000

Active reward vector:
        Active
(0,1)  -5.0000
(1,1)  -5.0000
(2,1)  -5.0000
(3,1)  -5.0000
(4,1)  -5.0000
(5,1)  -5.0000
(0,0) -15.0000
(1,0) -15.0000
(2,0) -15.0000
(3,0) -15.0000
(4,0) -15.0000
(5,0) -15.0000

--- Discounted Whittle Indices (beta=0.9999) ---
              VI         PI    Package
(0,1)  29.149055  29.149055  29.149039
(1,1) 229.196459 229.196459 229.196460
(2,1) 254.573703 254.573703 254.573709
(3,1) 308.878481 308.878481 308.878486
(4,1) 338.965774 338.965774 338.965774
(5,1) 352.957293 352.957293 352.957292
(0,0)  19.641846  19.641846  19.641847
(1,0) 203.669965 203.669965 203.669961
(2,0) 235.994279 235.994279 235.994265
(3,0) 296.313971 296.313971 296.313966
(4,0) 329.505622 329.505622 329.505614
(5,0) 344.957098 344.957098 344.957092

Discounted monotonicity (closed-form): FAIL
Monotonicity broken: (1,1) (229.1965) >= (0,1) (29.1491)

Discounted indexability verification: FAIL
Discounted verification FAILED: first errors:
W=29.149054, (0,1): active but Q0 > Q1
W=29.149055, (0,1): active but Q0 > Q1

--- Average-Cost Whittle Indices ---
             RVI         PI    Package
(0,1)  29.149990  29.149990  29.149990
(1,1) 229.213861 229.213861 229.213861
(2,1) 254.581827 254.581827 254.581827
(3,1) 308.878174 308.878174 308.878174
(4,1) 338.958675 338.958675 338.958675
(5,1) 352.946327 352.946327 352.946327
(0,0)  19.642847  19.642847  19.642847
(1,0) 203.683915 203.683915 203.683915
(2,0) 236.000827 236.000827 236.000827
(3,0) 296.313322 296.313322 296.313322
(4,0) 329.498588 329.498588 329.498588
(5,0) 344.946327 344.946327 344.946327

Average-cost monotonicity (RVI): FAIL
Monotonicity broken: (1,1) (229.2139) >= (0,1) (29.1500)

Average-cost indexability verification: PASS
Average-cost verification passed for 37 test W values.

================================================================================
INSTANCE 13
================================================================================
C=5.0, K=500.0, C_switch=20.0, beta=0.9
Survival probabilities: [0.9507, 0.732 , 0.5987, 0.3745, 0.156 , 0.    ]
--------------------------------------------------------------------------------

Passive transition matrix:
         (0,1)    (1,1)    (2,1)    (3,1)    (4,1)    (5,1)    (0,0)    (1,0)    (2,0)    (3,0)    (4,0)    (5,0)
(0,1) 0.000000 0.000000 0.000000 0.000000 0.000000 0.000000 0.049286 0.950714 0.000000 0.000000 0.000000 0.000000
(1,1) 0.000000 0.000000 0.000000 0.000000 0.000000 0.000000 0.268006 0.000000 0.731994 0.000000 0.000000 0.000000
(2,1) 0.000000 0.000000 0.000000 0.000000 0.000000 0.000000 0.401342 0.000000 0.000000 0.598658 0.000000 0.000000
(3,1) 0.000000 0.000000 0.000000 0.000000 0.000000 0.000000 0.625460 0.000000 0.000000 0.000000 0.374540 0.000000
(4,1) 0.000000 0.000000 0.000000 0.000000 0.000000 0.000000 0.843981 0.000000 0.000000 0.000000 0.000000 0.156019
(5,1) 0.000000 0.000000 0.000000 0.000000 0.000000 0.000000 1.000000 0.000000 0.000000 0.000000 0.000000 0.000000
(0,0) 0.000000 0.000000 0.000000 0.000000 0.000000 0.000000 0.049286 0.950714 0.000000 0.000000 0.000000 0.000000
(1,0) 0.000000 0.000000 0.000000 0.000000 0.000000 0.000000 0.268006 0.000000 0.731994 0.000000 0.000000 0.000000
(2,0) 0.000000 0.000000 0.000000 0.000000 0.000000 0.000000 0.401342 0.000000 0.000000 0.598658 0.000000 0.000000
(3,0) 0.000000 0.000000 0.000000 0.000000 0.000000 0.000000 0.625460 0.000000 0.000000 0.000000 0.374540 0.000000
(4,0) 0.000000 0.000000 0.000000 0.000000 0.000000 0.000000 0.843981 0.000000 0.000000 0.000000 0.000000 0.156019
(5,0) 0.000000 0.000000 0.000000 0.000000 0.000000 0.000000 1.000000 0.000000 0.000000 0.000000 0.000000 0.000000

Passive reward vector:
        Passive
(0,1)  -24.6428
(1,1) -134.0030
(2,1) -200.6708
(3,1) -312.7299
(4,1) -421.9907
(5,1) -500.0000
(0,0)  -24.6428
(1,0) -134.0030
(2,0) -200.6708
(3,0) -312.7299
(4,0) -421.9907
(5,0) -500.0000

Active transition matrix:
         (0,1)    (1,1)    (2,1)    (3,1)    (4,1)    (5,1)    (0,0)    (1,0)    (2,0)    (3,0)    (4,0)    (5,0)
(0,1) 1.000000 0.000000 0.000000 0.000000 0.000000 0.000000 0.000000 0.000000 0.000000 0.000000 0.000000 0.000000
(1,1) 0.800000 0.200000 0.000000 0.000000 0.000000 0.000000 0.000000 0.000000 0.000000 0.000000 0.000000 0.000000
(2,1) 0.533333 0.266667 0.200000 0.000000 0.000000 0.000000 0.000000 0.000000 0.000000 0.000000 0.000000 0.000000
(3,1) 0.457143 0.228571 0.114286 0.200000 0.000000 0.000000 0.000000 0.000000 0.000000 0.000000 0.000000 0.000000
(4,1) 0.426667 0.213333 0.106667 0.053333 0.200000 0.000000 0.000000 0.000000 0.000000 0.000000 0.000000 0.000000
(5,1) 0.412903 0.206452 0.103226 0.051613 0.025806 0.200000 0.000000 0.000000 0.000000 0.000000 0.000000 0.000000
(0,0) 1.000000 0.000000 0.000000 0.000000 0.000000 0.000000 0.000000 0.000000 0.000000 0.000000 0.000000 0.000000
(1,0) 0.800000 0.200000 0.000000 0.000000 0.000000 0.000000 0.000000 0.000000 0.000000 0.000000 0.000000 0.000000
(2,0) 0.533333 0.266667 0.200000 0.000000 0.000000 0.000000 0.000000 0.000000 0.000000 0.000000 0.000000 0.000000
(3,0) 0.457143 0.228571 0.114286 0.200000 0.000000 0.000000 0.000000 0.000000 0.000000 0.000000 0.000000 0.000000
(4,0) 0.426667 0.213333 0.106667 0.053333 0.200000 0.000000 0.000000 0.000000 0.000000 0.000000 0.000000 0.000000
(5,0) 0.412903 0.206452 0.103226 0.051613 0.025806 0.200000 0.000000 0.000000 0.000000 0.000000 0.000000 0.000000

Active reward vector:
        Active
(0,1)  -5.0000
(1,1)  -5.0000
(2,1)  -5.0000
(3,1)  -5.0000
(4,1)  -5.0000
(5,1)  -5.0000
(0,0) -25.0000
(1,0) -25.0000
(2,0) -25.0000
(3,0) -25.0000
(4,0) -25.0000
(5,0) -25.0000

--- Discounted Whittle Indices (beta=0.9) ---
              VI         PI    Package
(0,1)  36.755711  36.755711  36.755704
(1,1) 222.722590 222.722590 222.722576
(2,1) 254.761815 254.761815 254.761831
(3,1) 313.012272 313.012272 313.012264
(4,1) 347.521380 347.521380 347.521380
(5,1) 364.318490 364.318490 364.318482
(0,0)  17.642856  17.642856  17.642847
(1,0) 179.319918 179.319918 179.319915
(2,0) 220.901549 220.901549 220.901556
(3,0) 288.530171 288.530171 288.530160
(4,0) 328.461364 328.461364 328.461362
(5,0) 347.918481 347.918481 347.918482

Discounted monotonicity (closed-form): FAIL
Monotonicity broken: (1,1) (222.7226) >= (0,1) (36.7557)

Discounted indexability verification: FAIL
Discounted verification FAILED: first errors:
W=222.722589, (1,1): active but Q0 > Q1
W=222.722590, (1,1): active but Q0 > Q1
W=364.318490, (5,1): active but Q0 > Q1

--- Average-Cost Whittle Indices ---
             RVI         PI    Package
(0,1)  38.657133  38.657133  38.657133
(1,1) 235.862638 235.862638 235.862638
(2,1) 263.840202 263.840202 263.840202
(3,1) 313.157722 313.157722 313.157722
(4,1) 339.858279 339.858279 339.858279
(5,1) 352.946327 352.946327 352.946327
(0,0)  19.642847  19.642847  19.642847
(1,0) 191.301429 191.301429 191.301429
(2,0) 228.380025 228.380025 228.380025
(3,0) 288.028019 288.028019 288.028019
(4,0) 321.452960 321.452960 321.452960
(5,0) 337.037326 337.037326 337.037326

Average-cost monotonicity (RVI): FAIL
Monotonicity broken: (1,1) (235.8626) >= (0,1) (38.6571)

Average-cost indexability verification: PASS
Average-cost verification passed for 37 test W values.

================================================================================
INSTANCE 14
================================================================================
C=5.0, K=500.0, C_switch=20.0, beta=0.95
Survival probabilities: [0.9507, 0.732 , 0.5987, 0.3745, 0.156 , 0.    ]
--------------------------------------------------------------------------------

Passive transition matrix:
         (0,1)    (1,1)    (2,1)    (3,1)    (4,1)    (5,1)    (0,0)    (1,0)    (2,0)    (3,0)    (4,0)    (5,0)
(0,1) 0.000000 0.000000 0.000000 0.000000 0.000000 0.000000 0.049286 0.950714 0.000000 0.000000 0.000000 0.000000
(1,1) 0.000000 0.000000 0.000000 0.000000 0.000000 0.000000 0.268006 0.000000 0.731994 0.000000 0.000000 0.000000
(2,1) 0.000000 0.000000 0.000000 0.000000 0.000000 0.000000 0.401342 0.000000 0.000000 0.598658 0.000000 0.000000
(3,1) 0.000000 0.000000 0.000000 0.000000 0.000000 0.000000 0.625460 0.000000 0.000000 0.000000 0.374540 0.000000
(4,1) 0.000000 0.000000 0.000000 0.000000 0.000000 0.000000 0.843981 0.000000 0.000000 0.000000 0.000000 0.156019
(5,1) 0.000000 0.000000 0.000000 0.000000 0.000000 0.000000 1.000000 0.000000 0.000000 0.000000 0.000000 0.000000
(0,0) 0.000000 0.000000 0.000000 0.000000 0.000000 0.000000 0.049286 0.950714 0.000000 0.000000 0.000000 0.000000
(1,0) 0.000000 0.000000 0.000000 0.000000 0.000000 0.000000 0.268006 0.000000 0.731994 0.000000 0.000000 0.000000
(2,0) 0.000000 0.000000 0.000000 0.000000 0.000000 0.000000 0.401342 0.000000 0.000000 0.598658 0.000000 0.000000
(3,0) 0.000000 0.000000 0.000000 0.000000 0.000000 0.000000 0.625460 0.000000 0.000000 0.000000 0.374540 0.000000
(4,0) 0.000000 0.000000 0.000000 0.000000 0.000000 0.000000 0.843981 0.000000 0.000000 0.000000 0.000000 0.156019
(5,0) 0.000000 0.000000 0.000000 0.000000 0.000000 0.000000 1.000000 0.000000 0.000000 0.000000 0.000000 0.000000

Passive reward vector:
        Passive
(0,1)  -24.6428
(1,1) -134.0030
(2,1) -200.6708
(3,1) -312.7299
(4,1) -421.9907
(5,1) -500.0000
(0,0)  -24.6428
(1,0) -134.0030
(2,0) -200.6708
(3,0) -312.7299
(4,0) -421.9907
(5,0) -500.0000

Active transition matrix:
         (0,1)    (1,1)    (2,1)    (3,1)    (4,1)    (5,1)    (0,0)    (1,0)    (2,0)    (3,0)    (4,0)    (5,0)
(0,1) 1.000000 0.000000 0.000000 0.000000 0.000000 0.000000 0.000000 0.000000 0.000000 0.000000 0.000000 0.000000
(1,1) 0.800000 0.200000 0.000000 0.000000 0.000000 0.000000 0.000000 0.000000 0.000000 0.000000 0.000000 0.000000
(2,1) 0.533333 0.266667 0.200000 0.000000 0.000000 0.000000 0.000000 0.000000 0.000000 0.000000 0.000000 0.000000
(3,1) 0.457143 0.228571 0.114286 0.200000 0.000000 0.000000 0.000000 0.000000 0.000000 0.000000 0.000000 0.000000
(4,1) 0.426667 0.213333 0.106667 0.053333 0.200000 0.000000 0.000000 0.000000 0.000000 0.000000 0.000000 0.000000
(5,1) 0.412903 0.206452 0.103226 0.051613 0.025806 0.200000 0.000000 0.000000 0.000000 0.000000 0.000000 0.000000
(0,0) 1.000000 0.000000 0.000000 0.000000 0.000000 0.000000 0.000000 0.000000 0.000000 0.000000 0.000000 0.000000
(1,0) 0.800000 0.200000 0.000000 0.000000 0.000000 0.000000 0.000000 0.000000 0.000000 0.000000 0.000000 0.000000
(2,0) 0.533333 0.266667 0.200000 0.000000 0.000000 0.000000 0.000000 0.000000 0.000000 0.000000 0.000000 0.000000
(3,0) 0.457143 0.228571 0.114286 0.200000 0.000000 0.000000 0.000000 0.000000 0.000000 0.000000 0.000000 0.000000
(4,0) 0.426667 0.213333 0.106667 0.053333 0.200000 0.000000 0.000000 0.000000 0.000000 0.000000 0.000000 0.000000
(5,0) 0.412903 0.206452 0.103226 0.051613 0.025806 0.200000 0.000000 0.000000 0.000000 0.000000 0.000000 0.000000

Active reward vector:
        Active
(0,1)  -5.0000
(1,1)  -5.0000
(2,1)  -5.0000
(3,1)  -5.0000
(4,1)  -5.0000
(5,1)  -5.0000
(0,0) -25.0000
(1,0) -25.0000
(2,0) -25.0000
(3,0) -25.0000
(4,0) -25.0000
(5,0) -25.0000

--- Discounted Whittle Indices (beta=0.95) ---
              VI         PI    Package
(0,1)  37.706435  37.706435  37.706419
(1,1) 229.123697 229.123697 229.123695
(2,1) 259.196818 259.196818 259.196801
(3,1) 313.084006 313.084006 313.084016
(4,1) 343.680456 343.680456 343.680459
(5,1) 358.530596 358.530596 358.530596
(0,0)  18.642843  18.642843  18.642847
(1,0) 185.107499 185.107499 185.107495
(2,0) 224.555492 224.555492 224.555503
(3,0) 288.281739 288.281739 288.281734
(4,0) 324.914917 324.914917 324.914919
(5,0) 342.370257 342.370257 342.370252

Discounted monotonicity (closed-form): FAIL
Monotonicity broken: (1,1) (229.1237) >= (0,1) (37.7064)

Discounted indexability verification: FAIL
Discounted verification FAILED: first errors:
W=37.706434, (0,1): active but Q0 > Q1
W=37.706435, (0,1): active but Q0 > Q1

--- Average-Cost Whittle Indices ---
             RVI         PI    Package
(0,1)  38.657133  38.657133  38.657133
(1,1) 235.862638 235.862638 235.862638
(2,1) 263.840202 263.840202 263.840202
(3,1) 313.157722 313.157722 313.157722
(4,1) 339.858279 339.858279 339.858279
(5,1) 352.946327 352.946327 352.946327
(0,0)  19.642847  19.642847  19.642847
(1,0) 191.301429 191.301429 191.301429
(2,0) 228.380025 228.380025 228.380025
(3,0) 288.028019 288.028019 288.028019
(4,0) 321.452960 321.452960 321.452960
(5,0) 337.037326 337.037326 337.037326

Average-cost monotonicity (RVI): FAIL
Monotonicity broken: (1,1) (235.8626) >= (0,1) (38.6571)

Average-cost indexability verification: PASS
Average-cost verification passed for 37 test W values.

================================================================================
INSTANCE 15
================================================================================
C=5.0, K=500.0, C_switch=20.0, beta=0.9999
Survival probabilities: [0.9507, 0.732 , 0.5987, 0.3745, 0.156 , 0.    ]
--------------------------------------------------------------------------------

Passive transition matrix:
         (0,1)    (1,1)    (2,1)    (3,1)    (4,1)    (5,1)    (0,0)    (1,0)    (2,0)    (3,0)    (4,0)    (5,0)
(0,1) 0.000000 0.000000 0.000000 0.000000 0.000000 0.000000 0.049286 0.950714 0.000000 0.000000 0.000000 0.000000
(1,1) 0.000000 0.000000 0.000000 0.000000 0.000000 0.000000 0.268006 0.000000 0.731994 0.000000 0.000000 0.000000
(2,1) 0.000000 0.000000 0.000000 0.000000 0.000000 0.000000 0.401342 0.000000 0.000000 0.598658 0.000000 0.000000
(3,1) 0.000000 0.000000 0.000000 0.000000 0.000000 0.000000 0.625460 0.000000 0.000000 0.000000 0.374540 0.000000
(4,1) 0.000000 0.000000 0.000000 0.000000 0.000000 0.000000 0.843981 0.000000 0.000000 0.000000 0.000000 0.156019
(5,1) 0.000000 0.000000 0.000000 0.000000 0.000000 0.000000 1.000000 0.000000 0.000000 0.000000 0.000000 0.000000
(0,0) 0.000000 0.000000 0.000000 0.000000 0.000000 0.000000 0.049286 0.950714 0.000000 0.000000 0.000000 0.000000
(1,0) 0.000000 0.000000 0.000000 0.000000 0.000000 0.000000 0.268006 0.000000 0.731994 0.000000 0.000000 0.000000
(2,0) 0.000000 0.000000 0.000000 0.000000 0.000000 0.000000 0.401342 0.000000 0.000000 0.598658 0.000000 0.000000
(3,0) 0.000000 0.000000 0.000000 0.000000 0.000000 0.000000 0.625460 0.000000 0.000000 0.000000 0.374540 0.000000
(4,0) 0.000000 0.000000 0.000000 0.000000 0.000000 0.000000 0.843981 0.000000 0.000000 0.000000 0.000000 0.156019
(5,0) 0.000000 0.000000 0.000000 0.000000 0.000000 0.000000 1.000000 0.000000 0.000000 0.000000 0.000000 0.000000

Passive reward vector:
        Passive
(0,1)  -24.6428
(1,1) -134.0030
(2,1) -200.6708
(3,1) -312.7299
(4,1) -421.9907
(5,1) -500.0000
(0,0)  -24.6428
(1,0) -134.0030
(2,0) -200.6708
(3,0) -312.7299
(4,0) -421.9907
(5,0) -500.0000

Active transition matrix:
         (0,1)    (1,1)    (2,1)    (3,1)    (4,1)    (5,1)    (0,0)    (1,0)    (2,0)    (3,0)    (4,0)    (5,0)
(0,1) 1.000000 0.000000 0.000000 0.000000 0.000000 0.000000 0.000000 0.000000 0.000000 0.000000 0.000000 0.000000
(1,1) 0.800000 0.200000 0.000000 0.000000 0.000000 0.000000 0.000000 0.000000 0.000000 0.000000 0.000000 0.000000
(2,1) 0.533333 0.266667 0.200000 0.000000 0.000000 0.000000 0.000000 0.000000 0.000000 0.000000 0.000000 0.000000
(3,1) 0.457143 0.228571 0.114286 0.200000 0.000000 0.000000 0.000000 0.000000 0.000000 0.000000 0.000000 0.000000
(4,1) 0.426667 0.213333 0.106667 0.053333 0.200000 0.000000 0.000000 0.000000 0.000000 0.000000 0.000000 0.000000
(5,1) 0.412903 0.206452 0.103226 0.051613 0.025806 0.200000 0.000000 0.000000 0.000000 0.000000 0.000000 0.000000
(0,0) 1.000000 0.000000 0.000000 0.000000 0.000000 0.000000 0.000000 0.000000 0.000000 0.000000 0.000000 0.000000
(1,0) 0.800000 0.200000 0.000000 0.000000 0.000000 0.000000 0.000000 0.000000 0.000000 0.000000 0.000000 0.000000
(2,0) 0.533333 0.266667 0.200000 0.000000 0.000000 0.000000 0.000000 0.000000 0.000000 0.000000 0.000000 0.000000
(3,0) 0.457143 0.228571 0.114286 0.200000 0.000000 0.000000 0.000000 0.000000 0.000000 0.000000 0.000000 0.000000
(4,0) 0.426667 0.213333 0.106667 0.053333 0.200000 0.000000 0.000000 0.000000 0.000000 0.000000 0.000000 0.000000
(5,0) 0.412903 0.206452 0.103226 0.051613 0.025806 0.200000 0.000000 0.000000 0.000000 0.000000 0.000000 0.000000

Active reward vector:
        Active
(0,1)  -5.0000
(1,1)  -5.0000
(2,1)  -5.0000
(3,1)  -5.0000
(4,1)  -5.0000
(5,1)  -5.0000
(0,0) -25.0000
(1,0) -25.0000
(2,0) -25.0000
(3,0) -25.0000
(4,0) -25.0000
(5,0) -25.0000

--- Discounted Whittle Indices (beta=0.9999) ---
              VI         PI    Package
(0,1)  38.655251  38.655251  38.655231
(1,1) 235.848784 235.848784 235.848790
(2,1) 263.830692 263.830692 263.830693
(3,1) 313.157558 313.157558 313.157570
(4,1) 339.865848 339.865848 339.865846
(5,1) 352.957293 352.957293 352.957292
(0,0)  19.640848  19.640848  19.640847
(1,0) 191.288590 191.288590 191.288597
(2,0) 228.372186 228.372186 228.372197
(3,0) 288.028538 288.028538 288.028529
(4,0) 321.459800 321.459800 321.459796
(5,0) 337.047786 337.047786 337.047786

Discounted monotonicity (closed-form): FAIL
Monotonicity broken: (1,1) (235.8488) >= (0,1) (38.6553)

Discounted indexability verification: FAIL
Discounted verification FAILED: first errors:
W=38.655250, (0,1): active but Q0 > Q1
W=38.655251, (0,1): active but Q0 > Q1

--- Average-Cost Whittle Indices ---
             RVI         PI    Package
(0,1)  38.657133  38.657133  38.657133
(1,1) 235.862638 235.862638 235.862638
(2,1) 263.840202 263.840202 263.840202
(3,1) 313.157722 313.157722 313.157722
(4,1) 339.858279 339.858279 339.858279
(5,1) 352.946327 352.946327 352.946327
(0,0)  19.642847  19.642847  19.642847
(1,0) 191.301429 191.301429 191.301429
(2,0) 228.380025 228.380025 228.380025
(3,0) 288.028019 288.028019 288.028019
(4,0) 321.452960 321.452960 321.452960
(5,0) 337.037326 337.037326 337.037326

Average-cost monotonicity (RVI): FAIL
Monotonicity broken: (1,1) (235.8626) >= (0,1) (38.6571)

Average-cost indexability verification: PASS
Average-cost verification passed for 37 test W values.

================================================================================
INSTANCE 16
================================================================================
C=5.0, K=500.0, C_switch=40.0, beta=0.9
Survival probabilities: [0.9507, 0.732 , 0.5987, 0.3745, 0.156 , 0.    ]
--------------------------------------------------------------------------------

Passive transition matrix:
         (0,1)    (1,1)    (2,1)    (3,1)    (4,1)    (5,1)    (0,0)    (1,0)    (2,0)    (3,0)    (4,0)    (5,0)
(0,1) 0.000000 0.000000 0.000000 0.000000 0.000000 0.000000 0.049286 0.950714 0.000000 0.000000 0.000000 0.000000
(1,1) 0.000000 0.000000 0.000000 0.000000 0.000000 0.000000 0.268006 0.000000 0.731994 0.000000 0.000000 0.000000
(2,1) 0.000000 0.000000 0.000000 0.000000 0.000000 0.000000 0.401342 0.000000 0.000000 0.598658 0.000000 0.000000
(3,1) 0.000000 0.000000 0.000000 0.000000 0.000000 0.000000 0.625460 0.000000 0.000000 0.000000 0.374540 0.000000
(4,1) 0.000000 0.000000 0.000000 0.000000 0.000000 0.000000 0.843981 0.000000 0.000000 0.000000 0.000000 0.156019
(5,1) 0.000000 0.000000 0.000000 0.000000 0.000000 0.000000 1.000000 0.000000 0.000000 0.000000 0.000000 0.000000
(0,0) 0.000000 0.000000 0.000000 0.000000 0.000000 0.000000 0.049286 0.950714 0.000000 0.000000 0.000000 0.000000
(1,0) 0.000000 0.000000 0.000000 0.000000 0.000000 0.000000 0.268006 0.000000 0.731994 0.000000 0.000000 0.000000
(2,0) 0.000000 0.000000 0.000000 0.000000 0.000000 0.000000 0.401342 0.000000 0.000000 0.598658 0.000000 0.000000
(3,0) 0.000000 0.000000 0.000000 0.000000 0.000000 0.000000 0.625460 0.000000 0.000000 0.000000 0.374540 0.000000
(4,0) 0.000000 0.000000 0.000000 0.000000 0.000000 0.000000 0.843981 0.000000 0.000000 0.000000 0.000000 0.156019
(5,0) 0.000000 0.000000 0.000000 0.000000 0.000000 0.000000 1.000000 0.000000 0.000000 0.000000 0.000000 0.000000

Passive reward vector:
        Passive
(0,1)  -24.6428
(1,1) -134.0030
(2,1) -200.6708
(3,1) -312.7299
(4,1) -421.9907
(5,1) -500.0000
(0,0)  -24.6428
(1,0) -134.0030
(2,0) -200.6708
(3,0) -312.7299
(4,0) -421.9907
(5,0) -500.0000

Active transition matrix:
         (0,1)    (1,1)    (2,1)    (3,1)    (4,1)    (5,1)    (0,0)    (1,0)    (2,0)    (3,0)    (4,0)    (5,0)
(0,1) 1.000000 0.000000 0.000000 0.000000 0.000000 0.000000 0.000000 0.000000 0.000000 0.000000 0.000000 0.000000
(1,1) 0.800000 0.200000 0.000000 0.000000 0.000000 0.000000 0.000000 0.000000 0.000000 0.000000 0.000000 0.000000
(2,1) 0.533333 0.266667 0.200000 0.000000 0.000000 0.000000 0.000000 0.000000 0.000000 0.000000 0.000000 0.000000
(3,1) 0.457143 0.228571 0.114286 0.200000 0.000000 0.000000 0.000000 0.000000 0.000000 0.000000 0.000000 0.000000
(4,1) 0.426667 0.213333 0.106667 0.053333 0.200000 0.000000 0.000000 0.000000 0.000000 0.000000 0.000000 0.000000
(5,1) 0.412903 0.206452 0.103226 0.051613 0.025806 0.200000 0.000000 0.000000 0.000000 0.000000 0.000000 0.000000
(0,0) 1.000000 0.000000 0.000000 0.000000 0.000000 0.000000 0.000000 0.000000 0.000000 0.000000 0.000000 0.000000
(1,0) 0.800000 0.200000 0.000000 0.000000 0.000000 0.000000 0.000000 0.000000 0.000000 0.000000 0.000000 0.000000
(2,0) 0.533333 0.266667 0.200000 0.000000 0.000000 0.000000 0.000000 0.000000 0.000000 0.000000 0.000000 0.000000
(3,0) 0.457143 0.228571 0.114286 0.200000 0.000000 0.000000 0.000000 0.000000 0.000000 0.000000 0.000000 0.000000
(4,0) 0.426667 0.213333 0.106667 0.053333 0.200000 0.000000 0.000000 0.000000 0.000000 0.000000 0.000000 0.000000
(5,0) 0.412903 0.206452 0.103226 0.051613 0.025806 0.200000 0.000000 0.000000 0.000000 0.000000 0.000000 0.000000

Active reward vector:
        Active
(0,1)  -5.0000
(1,1)  -5.0000
(2,1)  -5.0000
(3,1)  -5.0000
(4,1)  -5.0000
(5,1)  -5.0000
(0,0) -45.0000
(1,0) -45.0000
(2,0) -45.0000
(3,0) -45.0000
(4,0) -45.0000
(5,0) -45.0000

--- Discounted Whittle Indices (beta=0.9) ---
              VI         PI    Package
(0,1)  53.868562  53.868562  53.868562
(1,1) 228.925318 228.925318 228.925329
(2,1) 270.627350 270.627350 270.627358
(3,1) 318.170756 318.170756 318.170749
(4,1) 347.575486 347.575486 347.575481
(5,1) 364.318490 364.318490 364.318482
(0,0)  15.642852  15.642852  15.642847
(1,0) 156.483978 156.483978 156.483975
(2,0) 206.898287 206.898287 206.898287
(3,0) 271.683216 271.683216 271.683224
(4,0) 312.316433 312.316433 312.316434
(5,0) 331.960753 331.960753 331.960756

Discounted monotonicity (closed-form): FAIL
Monotonicity broken: (1,1) (228.9253) >= (0,1) (53.8686)

Discounted indexability verification: FAIL
Discounted verification FAILED: first errors:
W=364.318490, (5,1): active but Q0 > Q1

--- Average-Cost Whittle Indices ---
             RVI         PI    Package
(0,1)  57.671419  57.671419  57.671419
(1,1) 243.535504 243.535504 243.535504
(2,1) 277.732886 277.732886 277.732886
(3,1) 316.622615 316.622615 316.622615
(4,1) 339.858279 339.858279 339.858279
(5,1) 352.946327 352.946327 352.946327
(0,0)  19.642847  19.642847  19.642847
(1,0) 166.536456 166.536456 166.536456
(2,0) 214.611371 214.611371 214.611371
(3,0) 272.110138 272.110138 272.110138
(4,0) 306.031297 306.031297 306.031297
(5,0) 321.537326 321.537326 321.537326

Average-cost monotonicity (RVI): FAIL
Monotonicity broken: (1,1) (243.5355) >= (0,1) (57.6714)

Average-cost indexability verification: PASS
Average-cost verification passed for 37 test W values.

================================================================================
INSTANCE 17
================================================================================
C=5.0, K=500.0, C_switch=40.0, beta=0.95
Survival probabilities: [0.9507, 0.732 , 0.5987, 0.3745, 0.156 , 0.    ]
--------------------------------------------------------------------------------

Passive transition matrix:
         (0,1)    (1,1)    (2,1)    (3,1)    (4,1)    (5,1)    (0,0)    (1,0)    (2,0)    (3,0)    (4,0)    (5,0)
(0,1) 0.000000 0.000000 0.000000 0.000000 0.000000 0.000000 0.049286 0.950714 0.000000 0.000000 0.000000 0.000000
(1,1) 0.000000 0.000000 0.000000 0.000000 0.000000 0.000000 0.268006 0.000000 0.731994 0.000000 0.000000 0.000000
(2,1) 0.000000 0.000000 0.000000 0.000000 0.000000 0.000000 0.401342 0.000000 0.000000 0.598658 0.000000 0.000000
(3,1) 0.000000 0.000000 0.000000 0.000000 0.000000 0.000000 0.625460 0.000000 0.000000 0.000000 0.374540 0.000000
(4,1) 0.000000 0.000000 0.000000 0.000000 0.000000 0.000000 0.843981 0.000000 0.000000 0.000000 0.000000 0.156019
(5,1) 0.000000 0.000000 0.000000 0.000000 0.000000 0.000000 1.000000 0.000000 0.000000 0.000000 0.000000 0.000000
(0,0) 0.000000 0.000000 0.000000 0.000000 0.000000 0.000000 0.049286 0.950714 0.000000 0.000000 0.000000 0.000000
(1,0) 0.000000 0.000000 0.000000 0.000000 0.000000 0.000000 0.268006 0.000000 0.731994 0.000000 0.000000 0.000000
(2,0) 0.000000 0.000000 0.000000 0.000000 0.000000 0.000000 0.401342 0.000000 0.000000 0.598658 0.000000 0.000000
(3,0) 0.000000 0.000000 0.000000 0.000000 0.000000 0.000000 0.625460 0.000000 0.000000 0.000000 0.374540 0.000000
(4,0) 0.000000 0.000000 0.000000 0.000000 0.000000 0.000000 0.843981 0.000000 0.000000 0.000000 0.000000 0.156019
(5,0) 0.000000 0.000000 0.000000 0.000000 0.000000 0.000000 1.000000 0.000000 0.000000 0.000000 0.000000 0.000000

Passive reward vector:
        Passive
(0,1)  -24.6428
(1,1) -134.0030
(2,1) -200.6708
(3,1) -312.7299
(4,1) -421.9907
(5,1) -500.0000
(0,0)  -24.6428
(1,0) -134.0030
(2,0) -200.6708
(3,0) -312.7299
(4,0) -421.9907
(5,0) -500.0000

Active transition matrix:
         (0,1)    (1,1)    (2,1)    (3,1)    (4,1)    (5,1)    (0,0)    (1,0)    (2,0)    (3,0)    (4,0)    (5,0)
(0,1) 1.000000 0.000000 0.000000 0.000000 0.000000 0.000000 0.000000 0.000000 0.000000 0.000000 0.000000 0.000000
(1,1) 0.800000 0.200000 0.000000 0.000000 0.000000 0.000000 0.000000 0.000000 0.000000 0.000000 0.000000 0.000000
(2,1) 0.533333 0.266667 0.200000 0.000000 0.000000 0.000000 0.000000 0.000000 0.000000 0.000000 0.000000 0.000000
(3,1) 0.457143 0.228571 0.114286 0.200000 0.000000 0.000000 0.000000 0.000000 0.000000 0.000000 0.000000 0.000000
(4,1) 0.426667 0.213333 0.106667 0.053333 0.200000 0.000000 0.000000 0.000000 0.000000 0.000000 0.000000 0.000000
(5,1) 0.412903 0.206452 0.103226 0.051613 0.025806 0.200000 0.000000 0.000000 0.000000 0.000000 0.000000 0.000000
(0,0) 1.000000 0.000000 0.000000 0.000000 0.000000 0.000000 0.000000 0.000000 0.000000 0.000000 0.000000 0.000000
(1,0) 0.800000 0.200000 0.000000 0.000000 0.000000 0.000000 0.000000 0.000000 0.000000 0.000000 0.000000 0.000000
(2,0) 0.533333 0.266667 0.200000 0.000000 0.000000 0.000000 0.000000 0.000000 0.000000 0.000000 0.000000 0.000000
(3,0) 0.457143 0.228571 0.114286 0.200000 0.000000 0.000000 0.000000 0.000000 0.000000 0.000000 0.000000 0.000000
(4,0) 0.426667 0.213333 0.106667 0.053333 0.200000 0.000000 0.000000 0.000000 0.000000 0.000000 0.000000 0.000000
(5,0) 0.412903 0.206452 0.103226 0.051613 0.025806 0.200000 0.000000 0.000000 0.000000 0.000000 0.000000 0.000000

Active reward vector:
        Active
(0,1)  -5.0000
(1,1)  -5.0000
(2,1)  -5.0000
(3,1)  -5.0000
(4,1)  -5.0000
(5,1)  -5.0000
(0,0) -45.0000
(1,0) -45.0000
(2,0) -45.0000
(3,0) -45.0000
(4,0) -45.0000
(5,0) -45.0000

--- Discounted Whittle Indices (beta=0.95) ---
              VI         PI    Package
(0,1)  55.770010  55.770010  55.769990
(1,1) 236.036897 236.036897 236.036887
(2,1) 274.400979 274.400979 274.400984
(3,1) 317.429826 317.429826 317.429822
(4,1) 343.680456 343.680456 343.680459
(5,1) 358.530596 358.530596 358.530596
(0,0)  17.642856  17.642856  17.642847
(1,0) 161.382496 161.382496 161.382494
(2,0) 210.685790 210.685790 210.685777
(3,0) 271.858335 271.858335 271.858324
(4,0) 309.127972 309.127972 309.127973
(5,0) 326.646164 326.646164 326.646170

Discounted monotonicity (closed-form): FAIL
Monotonicity broken: (1,1) (236.0369) >= (0,1) (55.7700)

Discounted indexability verification: FAIL
Discounted verification FAILED: first errors:
W=55.770009, (0,1): active but Q0 > Q1
W=55.770010, (0,1): active but Q0 > Q1

--- Average-Cost Whittle Indices ---
             RVI         PI    Package
(0,1)  57.671419  57.671419  57.671419
(1,1) 243.535504 243.535504 243.535504
(2,1) 277.732886 277.732886 277.732886
(3,1) 316.622615 316.622615 316.622615
(4,1) 339.858279 339.858279 339.858279
(5,1) 352.946327 352.946327 352.946327
(0,0)  19.642847  19.642847  19.642847
(1,0) 166.536456 166.536456 166.536456
(2,0) 214.611371 214.611371 214.611371
(3,0) 272.110138 272.110138 272.110138
(4,0) 306.031297 306.031297 306.031297
(5,0) 321.537326 321.537326 321.537326

Average-cost monotonicity (RVI): FAIL
Monotonicity broken: (1,1) (243.5355) >= (0,1) (57.6714)

Average-cost indexability verification: PASS
Average-cost verification passed for 37 test W values.

================================================================================
INSTANCE 18
================================================================================
C=5.0, K=500.0, C_switch=40.0, beta=0.9999
Survival probabilities: [0.9507, 0.732 , 0.5987, 0.3745, 0.156 , 0.    ]
--------------------------------------------------------------------------------

Passive transition matrix:
         (0,1)    (1,1)    (2,1)    (3,1)    (4,1)    (5,1)    (0,0)    (1,0)    (2,0)    (3,0)    (4,0)    (5,0)
(0,1) 0.000000 0.000000 0.000000 0.000000 0.000000 0.000000 0.049286 0.950714 0.000000 0.000000 0.000000 0.000000
(1,1) 0.000000 0.000000 0.000000 0.000000 0.000000 0.000000 0.268006 0.000000 0.731994 0.000000 0.000000 0.000000
(2,1) 0.000000 0.000000 0.000000 0.000000 0.000000 0.000000 0.401342 0.000000 0.000000 0.598658 0.000000 0.000000
(3,1) 0.000000 0.000000 0.000000 0.000000 0.000000 0.000000 0.625460 0.000000 0.000000 0.000000 0.374540 0.000000
(4,1) 0.000000 0.000000 0.000000 0.000000 0.000000 0.000000 0.843981 0.000000 0.000000 0.000000 0.000000 0.156019
(5,1) 0.000000 0.000000 0.000000 0.000000 0.000000 0.000000 1.000000 0.000000 0.000000 0.000000 0.000000 0.000000
(0,0) 0.000000 0.000000 0.000000 0.000000 0.000000 0.000000 0.049286 0.950714 0.000000 0.000000 0.000000 0.000000
(1,0) 0.000000 0.000000 0.000000 0.000000 0.000000 0.000000 0.268006 0.000000 0.731994 0.000000 0.000000 0.000000
(2,0) 0.000000 0.000000 0.000000 0.000000 0.000000 0.000000 0.401342 0.000000 0.000000 0.598658 0.000000 0.000000
(3,0) 0.000000 0.000000 0.000000 0.000000 0.000000 0.000000 0.625460 0.000000 0.000000 0.000000 0.374540 0.000000
(4,0) 0.000000 0.000000 0.000000 0.000000 0.000000 0.000000 0.843981 0.000000 0.000000 0.000000 0.000000 0.156019
(5,0) 0.000000 0.000000 0.000000 0.000000 0.000000 0.000000 1.000000 0.000000 0.000000 0.000000 0.000000 0.000000

Passive reward vector:
        Passive
(0,1)  -24.6428
(1,1) -134.0030
(2,1) -200.6708
(3,1) -312.7299
(4,1) -421.9907
(5,1) -500.0000
(0,0)  -24.6428
(1,0) -134.0030
(2,0) -200.6708
(3,0) -312.7299
(4,0) -421.9907
(5,0) -500.0000

Active transition matrix:
         (0,1)    (1,1)    (2,1)    (3,1)    (4,1)    (5,1)    (0,0)    (1,0)    (2,0)    (3,0)    (4,0)    (5,0)
(0,1) 1.000000 0.000000 0.000000 0.000000 0.000000 0.000000 0.000000 0.000000 0.000000 0.000000 0.000000 0.000000
(1,1) 0.800000 0.200000 0.000000 0.000000 0.000000 0.000000 0.000000 0.000000 0.000000 0.000000 0.000000 0.000000
(2,1) 0.533333 0.266667 0.200000 0.000000 0.000000 0.000000 0.000000 0.000000 0.000000 0.000000 0.000000 0.000000
(3,1) 0.457143 0.228571 0.114286 0.200000 0.000000 0.000000 0.000000 0.000000 0.000000 0.000000 0.000000 0.000000
(4,1) 0.426667 0.213333 0.106667 0.053333 0.200000 0.000000 0.000000 0.000000 0.000000 0.000000 0.000000 0.000000
(5,1) 0.412903 0.206452 0.103226 0.051613 0.025806 0.200000 0.000000 0.000000 0.000000 0.000000 0.000000 0.000000
(0,0) 1.000000 0.000000 0.000000 0.000000 0.000000 0.000000 0.000000 0.000000 0.000000 0.000000 0.000000 0.000000
(1,0) 0.800000 0.200000 0.000000 0.000000 0.000000 0.000000 0.000000 0.000000 0.000000 0.000000 0.000000 0.000000
(2,0) 0.533333 0.266667 0.200000 0.000000 0.000000 0.000000 0.000000 0.000000 0.000000 0.000000 0.000000 0.000000
(3,0) 0.457143 0.228571 0.114286 0.200000 0.000000 0.000000 0.000000 0.000000 0.000000 0.000000 0.000000 0.000000
(4,0) 0.426667 0.213333 0.106667 0.053333 0.200000 0.000000 0.000000 0.000000 0.000000 0.000000 0.000000 0.000000
(5,0) 0.412903 0.206452 0.103226 0.051613 0.025806 0.200000 0.000000 0.000000 0.000000 0.000000 0.000000 0.000000

Active reward vector:
        Active
(0,1)  -5.0000
(1,1)  -5.0000
(2,1)  -5.0000
(3,1)  -5.0000
(4,1)  -5.0000
(5,1)  -5.0000
(0,0) -45.0000
(1,0) -45.0000
(2,0) -45.0000
(3,0) -45.0000
(4,0) -45.0000
(5,0) -45.0000

--- Discounted Whittle Indices (beta=0.9999) ---
              VI         PI    Package
(0,1)  57.667613  57.667613  57.667616
(1,1) 243.520081 243.520081 243.520084
(2,1) 277.726233 277.726233 277.726242
(3,1) 316.624284 316.624284 316.624288
(4,1) 339.865848 339.865848 339.865846
(5,1) 352.957293 352.957293 352.957292
(0,0)  19.638851  19.638851  19.638847
(1,0) 166.525871 166.525871 166.525868
(2,0) 214.603364 214.603364 214.603374
(3,0) 272.109628 272.109628 272.109617
(4,0) 306.037396 306.037396 306.037396
(5,0) 321.547344 321.547344 321.547338

Discounted monotonicity (closed-form): FAIL
Monotonicity broken: (1,1) (243.5201) >= (0,1) (57.6676)

Discounted indexability verification: PASS
Discounted verification passed for 37 test W values.

--- Average-Cost Whittle Indices ---
             RVI         PI    Package
(0,1)  57.671419  57.671419  57.671419
(1,1) 243.535504 243.535504 243.535504
(2,1) 277.732886 277.732886 277.732886
(3,1) 316.622615 316.622615 316.622615
(4,1) 339.858279 339.858279 339.858279
(5,1) 352.946327 352.946327 352.946327
(0,0)  19.642847  19.642847  19.642847
(1,0) 166.536456 166.536456 166.536456
(2,0) 214.611371 214.611371 214.611371
(3,0) 272.110138 272.110138 272.110138
(4,0) 306.031297 306.031297 306.031297
(5,0) 321.537326 321.537326 321.537326

Average-cost monotonicity (RVI): FAIL
Monotonicity broken: (1,1) (243.5355) >= (0,1) (57.6714)

Average-cost indexability verification: PASS
Average-cost verification passed for 37 test W values.

================================================================================
INSTANCE 19
================================================================================
C=5.0, K=500.0, C_switch=60.0, beta=0.9
Survival probabilities: [0.9507, 0.732 , 0.5987, 0.3745, 0.156 , 0.    ]
--------------------------------------------------------------------------------

Passive transition matrix:
         (0,1)    (1,1)    (2,1)    (3,1)    (4,1)    (5,1)    (0,0)    (1,0)    (2,0)    (3,0)    (4,0)    (5,0)
(0,1) 0.000000 0.000000 0.000000 0.000000 0.000000 0.000000 0.049286 0.950714 0.000000 0.000000 0.000000 0.000000
(1,1) 0.000000 0.000000 0.000000 0.000000 0.000000 0.000000 0.268006 0.000000 0.731994 0.000000 0.000000 0.000000
(2,1) 0.000000 0.000000 0.000000 0.000000 0.000000 0.000000 0.401342 0.000000 0.000000 0.598658 0.000000 0.000000
(3,1) 0.000000 0.000000 0.000000 0.000000 0.000000 0.000000 0.625460 0.000000 0.000000 0.000000 0.374540 0.000000
(4,1) 0.000000 0.000000 0.000000 0.000000 0.000000 0.000000 0.843981 0.000000 0.000000 0.000000 0.000000 0.156019
(5,1) 0.000000 0.000000 0.000000 0.000000 0.000000 0.000000 1.000000 0.000000 0.000000 0.000000 0.000000 0.000000
(0,0) 0.000000 0.000000 0.000000 0.000000 0.000000 0.000000 0.049286 0.950714 0.000000 0.000000 0.000000 0.000000
(1,0) 0.000000 0.000000 0.000000 0.000000 0.000000 0.000000 0.268006 0.000000 0.731994 0.000000 0.000000 0.000000
(2,0) 0.000000 0.000000 0.000000 0.000000 0.000000 0.000000 0.401342 0.000000 0.000000 0.598658 0.000000 0.000000
(3,0) 0.000000 0.000000 0.000000 0.000000 0.000000 0.000000 0.625460 0.000000 0.000000 0.000000 0.374540 0.000000
(4,0) 0.000000 0.000000 0.000000 0.000000 0.000000 0.000000 0.843981 0.000000 0.000000 0.000000 0.000000 0.156019
(5,0) 0.000000 0.000000 0.000000 0.000000 0.000000 0.000000 1.000000 0.000000 0.000000 0.000000 0.000000 0.000000

Passive reward vector:
        Passive
(0,1)  -24.6428
(1,1) -134.0030
(2,1) -200.6708
(3,1) -312.7299
(4,1) -421.9907
(5,1) -500.0000
(0,0)  -24.6428
(1,0) -134.0030
(2,0) -200.6708
(3,0) -312.7299
(4,0) -421.9907
(5,0) -500.0000

Active transition matrix:
         (0,1)    (1,1)    (2,1)    (3,1)    (4,1)    (5,1)    (0,0)    (1,0)    (2,0)    (3,0)    (4,0)    (5,0)
(0,1) 1.000000 0.000000 0.000000 0.000000 0.000000 0.000000 0.000000 0.000000 0.000000 0.000000 0.000000 0.000000
(1,1) 0.800000 0.200000 0.000000 0.000000 0.000000 0.000000 0.000000 0.000000 0.000000 0.000000 0.000000 0.000000
(2,1) 0.533333 0.266667 0.200000 0.000000 0.000000 0.000000 0.000000 0.000000 0.000000 0.000000 0.000000 0.000000
(3,1) 0.457143 0.228571 0.114286 0.200000 0.000000 0.000000 0.000000 0.000000 0.000000 0.000000 0.000000 0.000000
(4,1) 0.426667 0.213333 0.106667 0.053333 0.200000 0.000000 0.000000 0.000000 0.000000 0.000000 0.000000 0.000000
(5,1) 0.412903 0.206452 0.103226 0.051613 0.025806 0.200000 0.000000 0.000000 0.000000 0.000000 0.000000 0.000000
(0,0) 1.000000 0.000000 0.000000 0.000000 0.000000 0.000000 0.000000 0.000000 0.000000 0.000000 0.000000 0.000000
(1,0) 0.800000 0.200000 0.000000 0.000000 0.000000 0.000000 0.000000 0.000000 0.000000 0.000000 0.000000 0.000000
(2,0) 0.533333 0.266667 0.200000 0.000000 0.000000 0.000000 0.000000 0.000000 0.000000 0.000000 0.000000 0.000000
(3,0) 0.457143 0.228571 0.114286 0.200000 0.000000 0.000000 0.000000 0.000000 0.000000 0.000000 0.000000 0.000000
(4,0) 0.426667 0.213333 0.106667 0.053333 0.200000 0.000000 0.000000 0.000000 0.000000 0.000000 0.000000 0.000000
(5,0) 0.412903 0.206452 0.103226 0.051613 0.025806 0.200000 0.000000 0.000000 0.000000 0.000000 0.000000 0.000000

Active reward vector:
        Active
(0,1)  -5.0000
(1,1)  -5.0000
(2,1)  -5.0000
(3,1)  -5.0000
(4,1)  -5.0000
(5,1)  -5.0000
(0,0) -65.0000
(1,0) -65.0000
(2,0) -65.0000
(3,0) -65.0000
(4,0) -65.0000
(5,0) -65.0000

--- Discounted Whittle Indices (beta=0.9) ---
              VI         PI    Package
(0,1)  70.981413  70.981413  70.981419
(1,1) 235.128075 235.128075 235.128082
(2,1) 274.044856 274.044856 274.044852
(3,1) 318.782106 318.782106 318.782109
(4,1) 347.575486 347.575486 347.575481
(5,1) 364.318490 364.318490 364.318482
(0,0)  13.642848  13.642848  13.642847
(1,0) 133.648038 133.648038 133.648035
(2,0) 192.895025 192.895025 192.895018
(3,0) 256.682068 256.682068 256.682070
(4,0) 296.757296 296.757296 296.757296
(5,0) 316.161096 316.161096 316.161090

Discounted monotonicity (closed-form): FAIL
Monotonicity broken: (1,1) (235.1281) >= (0,1) (70.9814)

Discounted indexability verification: FAIL
Discounted verification FAILED: first errors:
W=364.318490, (5,1): active but Q0 > Q1

--- Average-Cost Whittle Indices ---
             RVI         PI    Package
(0,1)  76.685705  76.685705  76.685705
(1,1) 251.208370 251.208370 251.208370
(2,1) 281.364033 281.364033 281.364032
(3,1) 316.886976 316.886976 316.886976
(4,1) 339.858279 339.858279 339.858279
(5,1) 352.946327 352.946327 352.946327
(0,0)  19.642847  19.642847  19.642847
(1,0) 141.771484 141.771484 141.771484
(2,0) 200.842716 200.842716 200.842717
(3,0) 257.640757 257.640757 257.640757
(4,0) 290.949247 290.949247 290.949247
(5,0) 306.695524 306.695524 306.695524

Average-cost monotonicity (RVI): FAIL
Monotonicity broken: (1,1) (251.2084) >= (0,1) (76.6857)

Average-cost indexability verification: PASS
Average-cost verification passed for 37 test W values.

================================================================================
INSTANCE 20
================================================================================
C=5.0, K=500.0, C_switch=60.0, beta=0.95
Survival probabilities: [0.9507, 0.732 , 0.5987, 0.3745, 0.156 , 0.    ]
--------------------------------------------------------------------------------

Passive transition matrix:
         (0,1)    (1,1)    (2,1)    (3,1)    (4,1)    (5,1)    (0,0)    (1,0)    (2,0)    (3,0)    (4,0)    (5,0)
(0,1) 0.000000 0.000000 0.000000 0.000000 0.000000 0.000000 0.049286 0.950714 0.000000 0.000000 0.000000 0.000000
(1,1) 0.000000 0.000000 0.000000 0.000000 0.000000 0.000000 0.268006 0.000000 0.731994 0.000000 0.000000 0.000000
(2,1) 0.000000 0.000000 0.000000 0.000000 0.000000 0.000000 0.401342 0.000000 0.000000 0.598658 0.000000 0.000000
(3,1) 0.000000 0.000000 0.000000 0.000000 0.000000 0.000000 0.625460 0.000000 0.000000 0.000000 0.374540 0.000000
(4,1) 0.000000 0.000000 0.000000 0.000000 0.000000 0.000000 0.843981 0.000000 0.000000 0.000000 0.000000 0.156019
(5,1) 0.000000 0.000000 0.000000 0.000000 0.000000 0.000000 1.000000 0.000000 0.000000 0.000000 0.000000 0.000000
(0,0) 0.000000 0.000000 0.000000 0.000000 0.000000 0.000000 0.049286 0.950714 0.000000 0.000000 0.000000 0.000000
(1,0) 0.000000 0.000000 0.000000 0.000000 0.000000 0.000000 0.268006 0.000000 0.731994 0.000000 0.000000 0.000000
(2,0) 0.000000 0.000000 0.000000 0.000000 0.000000 0.000000 0.401342 0.000000 0.000000 0.598658 0.000000 0.000000
(3,0) 0.000000 0.000000 0.000000 0.000000 0.000000 0.000000 0.625460 0.000000 0.000000 0.000000 0.374540 0.000000
(4,0) 0.000000 0.000000 0.000000 0.000000 0.000000 0.000000 0.843981 0.000000 0.000000 0.000000 0.000000 0.156019
(5,0) 0.000000 0.000000 0.000000 0.000000 0.000000 0.000000 1.000000 0.000000 0.000000 0.000000 0.000000 0.000000

Passive reward vector:
        Passive
(0,1)  -24.6428
(1,1) -134.0030
(2,1) -200.6708
(3,1) -312.7299
(4,1) -421.9907
(5,1) -500.0000
(0,0)  -24.6428
(1,0) -134.0030
(2,0) -200.6708
(3,0) -312.7299
(4,0) -421.9907
(5,0) -500.0000

Active transition matrix:
         (0,1)    (1,1)    (2,1)    (3,1)    (4,1)    (5,1)    (0,0)    (1,0)    (2,0)    (3,0)    (4,0)    (5,0)
(0,1) 1.000000 0.000000 0.000000 0.000000 0.000000 0.000000 0.000000 0.000000 0.000000 0.000000 0.000000 0.000000
(1,1) 0.800000 0.200000 0.000000 0.000000 0.000000 0.000000 0.000000 0.000000 0.000000 0.000000 0.000000 0.000000
(2,1) 0.533333 0.266667 0.200000 0.000000 0.000000 0.000000 0.000000 0.000000 0.000000 0.000000 0.000000 0.000000
(3,1) 0.457143 0.228571 0.114286 0.200000 0.000000 0.000000 0.000000 0.000000 0.000000 0.000000 0.000000 0.000000
(4,1) 0.426667 0.213333 0.106667 0.053333 0.200000 0.000000 0.000000 0.000000 0.000000 0.000000 0.000000 0.000000
(5,1) 0.412903 0.206452 0.103226 0.051613 0.025806 0.200000 0.000000 0.000000 0.000000 0.000000 0.000000 0.000000
(0,0) 1.000000 0.000000 0.000000 0.000000 0.000000 0.000000 0.000000 0.000000 0.000000 0.000000 0.000000 0.000000
(1,0) 0.800000 0.200000 0.000000 0.000000 0.000000 0.000000 0.000000 0.000000 0.000000 0.000000 0.000000 0.000000
(2,0) 0.533333 0.266667 0.200000 0.000000 0.000000 0.000000 0.000000 0.000000 0.000000 0.000000 0.000000 0.000000
(3,0) 0.457143 0.228571 0.114286 0.200000 0.000000 0.000000 0.000000 0.000000 0.000000 0.000000 0.000000 0.000000
(4,0) 0.426667 0.213333 0.106667 0.053333 0.200000 0.000000 0.000000 0.000000 0.000000 0.000000 0.000000 0.000000
(5,0) 0.412903 0.206452 0.103226 0.051613 0.025806 0.200000 0.000000 0.000000 0.000000 0.000000 0.000000 0.000000

Active reward vector:
        Active
(0,1)  -5.0000
(1,1)  -5.0000
(2,1)  -5.0000
(3,1)  -5.0000
(4,1)  -5.0000
(5,1)  -5.0000
(0,0) -65.0000
(1,0) -65.0000
(2,0) -65.0000
(3,0) -65.0000
(4,0) -65.0000
(5,0) -65.0000

--- Discounted Whittle Indices (beta=0.95) ---
              VI         PI    Package
(0,1)  73.833555  73.833555  73.833562
(1,1) 242.950082 242.950082 242.950080
(2,1) 277.711600 277.711600 277.711594
(3,1) 317.881197 317.881197 317.881200
(4,1) 343.680456 343.680456 343.680459
(5,1) 358.530596 358.530596 358.530596
(0,0)  16.642839  16.642839  16.642847
(1,0) 137.657493 137.657493 137.657493
(2,0) 196.816057 196.816057 196.816051
(3,0) 257.156685 257.156685 257.156685
(4,0) 293.807834 293.807834 293.807828
(5,0) 311.319664 311.319664 311.319671

Discounted monotonicity (closed-form): FAIL
Monotonicity broken: (1,1) (242.9501) >= (0,1) (73.8336)

Discounted indexability verification: PASS
Discounted verification passed for 37 test W values.

--- Average-Cost Whittle Indices ---
             RVI         PI    Package
(0,1)  76.685705  76.685705  76.685705
(1,1) 251.208370 251.208370 251.208370
(2,1) 281.364033 281.364033 281.364032
(3,1) 316.886976 316.886976 316.886976
(4,1) 339.858279 339.858279 339.858279
(5,1) 352.946327 352.946327 352.946327
(0,0)  19.642847  19.642847  19.642847
(1,0) 141.771484 141.771484 141.771484
(2,0) 200.842716 200.842716 200.842717
(3,0) 257.640757 257.640757 257.640757
(4,0) 290.949247 290.949247 290.949247
(5,0) 306.695524 306.695524 306.695524

Average-cost monotonicity (RVI): FAIL
Monotonicity broken: (1,1) (251.2084) >= (0,1) (76.6857)

Average-cost indexability verification: PASS
Average-cost verification passed for 37 test W values.

================================================================================
INSTANCE 21
================================================================================
C=5.0, K=500.0, C_switch=60.0, beta=0.9999
Survival probabilities: [0.9507, 0.732 , 0.5987, 0.3745, 0.156 , 0.    ]
--------------------------------------------------------------------------------

Passive transition matrix:
         (0,1)    (1,1)    (2,1)    (3,1)    (4,1)    (5,1)    (0,0)    (1,0)    (2,0)    (3,0)    (4,0)    (5,0)
(0,1) 0.000000 0.000000 0.000000 0.000000 0.000000 0.000000 0.049286 0.950714 0.000000 0.000000 0.000000 0.000000
(1,1) 0.000000 0.000000 0.000000 0.000000 0.000000 0.000000 0.268006 0.000000 0.731994 0.000000 0.000000 0.000000
(2,1) 0.000000 0.000000 0.000000 0.000000 0.000000 0.000000 0.401342 0.000000 0.000000 0.598658 0.000000 0.000000
(3,1) 0.000000 0.000000 0.000000 0.000000 0.000000 0.000000 0.625460 0.000000 0.000000 0.000000 0.374540 0.000000
(4,1) 0.000000 0.000000 0.000000 0.000000 0.000000 0.000000 0.843981 0.000000 0.000000 0.000000 0.000000 0.156019
(5,1) 0.000000 0.000000 0.000000 0.000000 0.000000 0.000000 1.000000 0.000000 0.000000 0.000000 0.000000 0.000000
(0,0) 0.000000 0.000000 0.000000 0.000000 0.000000 0.000000 0.049286 0.950714 0.000000 0.000000 0.000000 0.000000
(1,0) 0.000000 0.000000 0.000000 0.000000 0.000000 0.000000 0.268006 0.000000 0.731994 0.000000 0.000000 0.000000
(2,0) 0.000000 0.000000 0.000000 0.000000 0.000000 0.000000 0.401342 0.000000 0.000000 0.598658 0.000000 0.000000
(3,0) 0.000000 0.000000 0.000000 0.000000 0.000000 0.000000 0.625460 0.000000 0.000000 0.000000 0.374540 0.000000
(4,0) 0.000000 0.000000 0.000000 0.000000 0.000000 0.000000 0.843981 0.000000 0.000000 0.000000 0.000000 0.156019
(5,0) 0.000000 0.000000 0.000000 0.000000 0.000000 0.000000 1.000000 0.000000 0.000000 0.000000 0.000000 0.000000

Passive reward vector:
        Passive
(0,1)  -24.6428
(1,1) -134.0030
(2,1) -200.6708
(3,1) -312.7299
(4,1) -421.9907
(5,1) -500.0000
(0,0)  -24.6428
(1,0) -134.0030
(2,0) -200.6708
(3,0) -312.7299
(4,0) -421.9907
(5,0) -500.0000

Active transition matrix:
         (0,1)    (1,1)    (2,1)    (3,1)    (4,1)    (5,1)    (0,0)    (1,0)    (2,0)    (3,0)    (4,0)    (5,0)
(0,1) 1.000000 0.000000 0.000000 0.000000 0.000000 0.000000 0.000000 0.000000 0.000000 0.000000 0.000000 0.000000
(1,1) 0.800000 0.200000 0.000000 0.000000 0.000000 0.000000 0.000000 0.000000 0.000000 0.000000 0.000000 0.000000
(2,1) 0.533333 0.266667 0.200000 0.000000 0.000000 0.000000 0.000000 0.000000 0.000000 0.000000 0.000000 0.000000
(3,1) 0.457143 0.228571 0.114286 0.200000 0.000000 0.000000 0.000000 0.000000 0.000000 0.000000 0.000000 0.000000
(4,1) 0.426667 0.213333 0.106667 0.053333 0.200000 0.000000 0.000000 0.000000 0.000000 0.000000 0.000000 0.000000
(5,1) 0.412903 0.206452 0.103226 0.051613 0.025806 0.200000 0.000000 0.000000 0.000000 0.000000 0.000000 0.000000
(0,0) 1.000000 0.000000 0.000000 0.000000 0.000000 0.000000 0.000000 0.000000 0.000000 0.000000 0.000000 0.000000
(1,0) 0.800000 0.200000 0.000000 0.000000 0.000000 0.000000 0.000000 0.000000 0.000000 0.000000 0.000000 0.000000
(2,0) 0.533333 0.266667 0.200000 0.000000 0.000000 0.000000 0.000000 0.000000 0.000000 0.000000 0.000000 0.000000
(3,0) 0.457143 0.228571 0.114286 0.200000 0.000000 0.000000 0.000000 0.000000 0.000000 0.000000 0.000000 0.000000
(4,0) 0.426667 0.213333 0.106667 0.053333 0.200000 0.000000 0.000000 0.000000 0.000000 0.000000 0.000000 0.000000
(5,0) 0.412903 0.206452 0.103226 0.051613 0.025806 0.200000 0.000000 0.000000 0.000000 0.000000 0.000000 0.000000

Active reward vector:
        Active
(0,1)  -5.0000
(1,1)  -5.0000
(2,1)  -5.0000
(3,1)  -5.0000
(4,1)  -5.0000
(5,1)  -5.0000
(0,0) -65.0000
(1,0) -65.0000
(2,0) -65.0000
(3,0) -65.0000
(4,0) -65.0000
(5,0) -65.0000

--- Discounted Whittle Indices (beta=0.9999) ---
              VI         PI    Package
(0,1)  76.680005  76.680005  76.680001
(1,1) 251.191378 251.191378 251.191379
(2,1) 281.356737 281.356737 281.356735
(3,1) 316.889048 316.889048 316.889049
(4,1) 339.865848 339.865848 339.865846
(5,1) 352.957293 352.957293 352.957292
(0,0)  19.636840  19.636840  19.636847
(1,0) 141.763151 141.763151 141.763140
(2,0) 200.834543 200.834543 200.834552
(3,0) 257.639781 257.639781 257.639778
(4,0) 290.954873 290.954873 290.954871
(5,0) 306.704551 306.704551 306.704556

Discounted monotonicity (closed-form): FAIL
Monotonicity broken: (1,1) (251.1914) >= (0,1) (76.6800)

Discounted indexability verification: PASS
Discounted verification passed for 37 test W values.

--- Average-Cost Whittle Indices ---
             RVI         PI    Package
(0,1)  76.685705  76.685705  76.685705
(1,1) 251.208370 251.208370 251.208370
(2,1) 281.364033 281.364033 281.364032
(3,1) 316.886976 316.886976 316.886976
(4,1) 339.858279 339.858279 339.858279
(5,1) 352.946327 352.946327 352.946327
(0,0)  19.642847  19.642847  19.642847
(1,0) 141.771484 141.771484 141.771484
(2,0) 200.842716 200.842716 200.842717
(3,0) 257.640757 257.640757 257.640757
(4,0) 290.949247 290.949247 290.949247
(5,0) 306.695524 306.695524 306.695524

Average-cost monotonicity (RVI): FAIL
Monotonicity broken: (1,1) (251.2084) >= (0,1) (76.6857)

Average-cost indexability verification: PASS
Average-cost verification passed for 37 test W values.

================================================================================
INSTANCE 22
================================================================================
C=5.0, K=500.0, C_switch=75.0, beta=0.9
Survival probabilities: [0.9507, 0.732 , 0.5987, 0.3745, 0.156 , 0.    ]
--------------------------------------------------------------------------------

Passive transition matrix:
         (0,1)    (1,1)    (2,1)    (3,1)    (4,1)    (5,1)    (0,0)    (1,0)    (2,0)    (3,0)    (4,0)    (5,0)
(0,1) 0.000000 0.000000 0.000000 0.000000 0.000000 0.000000 0.049286 0.950714 0.000000 0.000000 0.000000 0.000000
(1,1) 0.000000 0.000000 0.000000 0.000000 0.000000 0.000000 0.268006 0.000000 0.731994 0.000000 0.000000 0.000000
(2,1) 0.000000 0.000000 0.000000 0.000000 0.000000 0.000000 0.401342 0.000000 0.000000 0.598658 0.000000 0.000000
(3,1) 0.000000 0.000000 0.000000 0.000000 0.000000 0.000000 0.625460 0.000000 0.000000 0.000000 0.374540 0.000000
(4,1) 0.000000 0.000000 0.000000 0.000000 0.000000 0.000000 0.843981 0.000000 0.000000 0.000000 0.000000 0.156019
(5,1) 0.000000 0.000000 0.000000 0.000000 0.000000 0.000000 1.000000 0.000000 0.000000 0.000000 0.000000 0.000000
(0,0) 0.000000 0.000000 0.000000 0.000000 0.000000 0.000000 0.049286 0.950714 0.000000 0.000000 0.000000 0.000000
(1,0) 0.000000 0.000000 0.000000 0.000000 0.000000 0.000000 0.268006 0.000000 0.731994 0.000000 0.000000 0.000000
(2,0) 0.000000 0.000000 0.000000 0.000000 0.000000 0.000000 0.401342 0.000000 0.000000 0.598658 0.000000 0.000000
(3,0) 0.000000 0.000000 0.000000 0.000000 0.000000 0.000000 0.625460 0.000000 0.000000 0.000000 0.374540 0.000000
(4,0) 0.000000 0.000000 0.000000 0.000000 0.000000 0.000000 0.843981 0.000000 0.000000 0.000000 0.000000 0.156019
(5,0) 0.000000 0.000000 0.000000 0.000000 0.000000 0.000000 1.000000 0.000000 0.000000 0.000000 0.000000 0.000000

Passive reward vector:
        Passive
(0,1)  -24.6428
(1,1) -134.0030
(2,1) -200.6708
(3,1) -312.7299
(4,1) -421.9907
(5,1) -500.0000
(0,0)  -24.6428
(1,0) -134.0030
(2,0) -200.6708
(3,0) -312.7299
(4,0) -421.9907
(5,0) -500.0000

Active transition matrix:
         (0,1)    (1,1)    (2,1)    (3,1)    (4,1)    (5,1)    (0,0)    (1,0)    (2,0)    (3,0)    (4,0)    (5,0)
(0,1) 1.000000 0.000000 0.000000 0.000000 0.000000 0.000000 0.000000 0.000000 0.000000 0.000000 0.000000 0.000000
(1,1) 0.800000 0.200000 0.000000 0.000000 0.000000 0.000000 0.000000 0.000000 0.000000 0.000000 0.000000 0.000000
(2,1) 0.533333 0.266667 0.200000 0.000000 0.000000 0.000000 0.000000 0.000000 0.000000 0.000000 0.000000 0.000000
(3,1) 0.457143 0.228571 0.114286 0.200000 0.000000 0.000000 0.000000 0.000000 0.000000 0.000000 0.000000 0.000000
(4,1) 0.426667 0.213333 0.106667 0.053333 0.200000 0.000000 0.000000 0.000000 0.000000 0.000000 0.000000 0.000000
(5,1) 0.412903 0.206452 0.103226 0.051613 0.025806 0.200000 0.000000 0.000000 0.000000 0.000000 0.000000 0.000000
(0,0) 1.000000 0.000000 0.000000 0.000000 0.000000 0.000000 0.000000 0.000000 0.000000 0.000000 0.000000 0.000000
(1,0) 0.800000 0.200000 0.000000 0.000000 0.000000 0.000000 0.000000 0.000000 0.000000 0.000000 0.000000 0.000000
(2,0) 0.533333 0.266667 0.200000 0.000000 0.000000 0.000000 0.000000 0.000000 0.000000 0.000000 0.000000 0.000000
(3,0) 0.457143 0.228571 0.114286 0.200000 0.000000 0.000000 0.000000 0.000000 0.000000 0.000000 0.000000 0.000000
(4,0) 0.426667 0.213333 0.106667 0.053333 0.200000 0.000000 0.000000 0.000000 0.000000 0.000000 0.000000 0.000000
(5,0) 0.412903 0.206452 0.103226 0.051613 0.025806 0.200000 0.000000 0.000000 0.000000 0.000000 0.000000 0.000000

Active reward vector:
        Active
(0,1)  -5.0000
(1,1)  -5.0000
(2,1)  -5.0000
(3,1)  -5.0000
(4,1)  -5.0000
(5,1)  -5.0000
(0,0) -80.0000
(1,0) -80.0000
(2,0) -80.0000
(3,0) -80.0000
(4,0) -80.0000
(5,0) -80.0000

--- Discounted Whittle Indices (beta=0.9) ---
              VI         PI    Package
(0,1)  83.816081  83.816081  83.816062
(1,1) 239.780158 239.780158 239.780146
(2,1) 276.296586 276.296586 276.296582
(3,1) 318.782106 318.782106 318.782109
(4,1) 347.575486 347.575486 347.575481
(5,1) 364.318490 364.318490 364.318482
(0,0)  12.142837  12.142837  12.142847
(1,0) 116.521090 116.521090 116.521080
(2,0) 182.392567 182.392567 182.392566
(3,0) 245.477378 245.477378 245.477378
(4,0) 285.087943 285.087943 285.087943
(5,0) 304.841697 304.841697 304.841694

Discounted monotonicity (closed-form): FAIL
Monotonicity broken: (1,1) (239.7802) >= (0,1) (83.8161)

Discounted indexability verification: FAIL
Discounted verification FAILED: first errors:
W=83.816080, (0,1): active but Q0 > Q1
W=83.816081, (0,1): active but Q0 > Q1
W=364.318490, (5,1): active but Q0 > Q1

--- Average-Cost Whittle Indices ---
             RVI         PI    Package
(0,1)  90.946420  90.946420  90.946420
(1,1) 254.377091 254.377091 254.377091
(2,1) 283.333298 283.333298 283.333298
(3,1) 316.886976 316.886976 316.886976
(4,1) 339.858279 339.858279 339.858279
(5,1) 352.946327 352.946327 352.946327
(0,0)  19.642847  19.642847  19.642847
(1,0) 123.197754 123.197754 123.197754
(2,0) 190.516226 190.516226 190.516226
(3,0) 248.315077 248.315077 248.315077
(4,0) 280.062928 280.062928 280.062928
(5,0) 295.775759 295.775759 295.775759

Average-cost monotonicity (RVI): FAIL
Monotonicity broken: (1,1) (254.3771) >= (0,1) (90.9464)

Average-cost indexability verification: PASS
Average-cost verification passed for 37 test W values.

================================================================================
INSTANCE 23
================================================================================
C=5.0, K=500.0, C_switch=75.0, beta=0.95
Survival probabilities: [0.9507, 0.732 , 0.5987, 0.3745, 0.156 , 0.    ]
--------------------------------------------------------------------------------

Passive transition matrix:
         (0,1)    (1,1)    (2,1)    (3,1)    (4,1)    (5,1)    (0,0)    (1,0)    (2,0)    (3,0)    (4,0)    (5,0)
(0,1) 0.000000 0.000000 0.000000 0.000000 0.000000 0.000000 0.049286 0.950714 0.000000 0.000000 0.000000 0.000000
(1,1) 0.000000 0.000000 0.000000 0.000000 0.000000 0.000000 0.268006 0.000000 0.731994 0.000000 0.000000 0.000000
(2,1) 0.000000 0.000000 0.000000 0.000000 0.000000 0.000000 0.401342 0.000000 0.000000 0.598658 0.000000 0.000000
(3,1) 0.000000 0.000000 0.000000 0.000000 0.000000 0.000000 0.625460 0.000000 0.000000 0.000000 0.374540 0.000000
(4,1) 0.000000 0.000000 0.000000 0.000000 0.000000 0.000000 0.843981 0.000000 0.000000 0.000000 0.000000 0.156019
(5,1) 0.000000 0.000000 0.000000 0.000000 0.000000 0.000000 1.000000 0.000000 0.000000 0.000000 0.000000 0.000000
(0,0) 0.000000 0.000000 0.000000 0.000000 0.000000 0.000000 0.049286 0.950714 0.000000 0.000000 0.000000 0.000000
(1,0) 0.000000 0.000000 0.000000 0.000000 0.000000 0.000000 0.268006 0.000000 0.731994 0.000000 0.000000 0.000000
(2,0) 0.000000 0.000000 0.000000 0.000000 0.000000 0.000000 0.401342 0.000000 0.000000 0.598658 0.000000 0.000000
(3,0) 0.000000 0.000000 0.000000 0.000000 0.000000 0.000000 0.625460 0.000000 0.000000 0.000000 0.374540 0.000000
(4,0) 0.000000 0.000000 0.000000 0.000000 0.000000 0.000000 0.843981 0.000000 0.000000 0.000000 0.000000 0.156019
(5,0) 0.000000 0.000000 0.000000 0.000000 0.000000 0.000000 1.000000 0.000000 0.000000 0.000000 0.000000 0.000000

Passive reward vector:
        Passive
(0,1)  -24.6428
(1,1) -134.0030
(2,1) -200.6708
(3,1) -312.7299
(4,1) -421.9907
(5,1) -500.0000
(0,0)  -24.6428
(1,0) -134.0030
(2,0) -200.6708
(3,0) -312.7299
(4,0) -421.9907
(5,0) -500.0000

Active transition matrix:
         (0,1)    (1,1)    (2,1)    (3,1)    (4,1)    (5,1)    (0,0)    (1,0)    (2,0)    (3,0)    (4,0)    (5,0)
(0,1) 1.000000 0.000000 0.000000 0.000000 0.000000 0.000000 0.000000 0.000000 0.000000 0.000000 0.000000 0.000000
(1,1) 0.800000 0.200000 0.000000 0.000000 0.000000 0.000000 0.000000 0.000000 0.000000 0.000000 0.000000 0.000000
(2,1) 0.533333 0.266667 0.200000 0.000000 0.000000 0.000000 0.000000 0.000000 0.000000 0.000000 0.000000 0.000000
(3,1) 0.457143 0.228571 0.114286 0.200000 0.000000 0.000000 0.000000 0.000000 0.000000 0.000000 0.000000 0.000000
(4,1) 0.426667 0.213333 0.106667 0.053333 0.200000 0.000000 0.000000 0.000000 0.000000 0.000000 0.000000 0.000000
(5,1) 0.412903 0.206452 0.103226 0.051613 0.025806 0.200000 0.000000 0.000000 0.000000 0.000000 0.000000 0.000000
(0,0) 1.000000 0.000000 0.000000 0.000000 0.000000 0.000000 0.000000 0.000000 0.000000 0.000000 0.000000 0.000000
(1,0) 0.800000 0.200000 0.000000 0.000000 0.000000 0.000000 0.000000 0.000000 0.000000 0.000000 0.000000 0.000000
(2,0) 0.533333 0.266667 0.200000 0.000000 0.000000 0.000000 0.000000 0.000000 0.000000 0.000000 0.000000 0.000000
(3,0) 0.457143 0.228571 0.114286 0.200000 0.000000 0.000000 0.000000 0.000000 0.000000 0.000000 0.000000 0.000000
(4,0) 0.426667 0.213333 0.106667 0.053333 0.200000 0.000000 0.000000 0.000000 0.000000 0.000000 0.000000 0.000000
(5,0) 0.412903 0.206452 0.103226 0.051613 0.025806 0.200000 0.000000 0.000000 0.000000 0.000000 0.000000 0.000000

Active reward vector:
        Active
(0,1)  -5.0000
(1,1)  -5.0000
(2,1)  -5.0000
(3,1)  -5.0000
(4,1)  -5.0000
(5,1)  -5.0000
(0,0) -80.0000
(1,0) -80.0000
(2,0) -80.0000
(3,0) -80.0000
(4,0) -80.0000
(5,0) -80.0000

--- Discounted Whittle Indices (beta=0.95) ---
              VI         PI    Package
(0,1)  87.381244  87.381244  87.381241
(1,1) 247.660905 247.660905 247.660908
(2,1) 280.194551 280.194551 280.194551
(3,1) 317.881197 317.881197 317.881200
(4,1) 343.680456 343.680456 343.680459
(5,1) 358.530596 358.530596 358.530596
(0,0)  15.892848  15.892848  15.892847
(1,0) 119.863749 119.863749 119.863742
(2,0) 186.413765 186.413765 186.413756
(3,0) 246.428177 246.428177 246.428180
(4,0) 282.317728 282.317728 282.317719
(5,0) 300.200358 300.200358 300.200361

Discounted monotonicity (closed-form): FAIL
Monotonicity broken: (1,1) (247.6609) >= (0,1) (87.3812)

Discounted indexability verification: PASS
Discounted verification passed for 37 test W values.

--- Average-Cost Whittle Indices ---
             RVI         PI    Package
(0,1)  90.946420  90.946420  90.946420
(1,1) 254.377091 254.377091 254.377091
(2,1) 283.333298 283.333298 283.333298
(3,1) 316.886976 316.886976 316.886976
(4,1) 339.858279 339.858279 339.858279
(5,1) 352.946327 352.946327 352.946327
(0,0)  19.642847  19.642847  19.642847
(1,0) 123.197754 123.197754 123.197754
(2,0) 190.516226 190.516226 190.516226
(3,0) 248.315077 248.315077 248.315077
(4,0) 280.062928 280.062928 280.062928
(5,0) 295.775759 295.775759 295.775759

Average-cost monotonicity (RVI): FAIL
Monotonicity broken: (1,1) (254.3771) >= (0,1) (90.9464)

Average-cost indexability verification: PASS
Average-cost verification passed for 37 test W values.

================================================================================
INSTANCE 24
================================================================================
C=5.0, K=500.0, C_switch=75.0, beta=0.9999
Survival probabilities: [0.9507, 0.732 , 0.5987, 0.3745, 0.156 , 0.    ]
--------------------------------------------------------------------------------

Passive transition matrix:
         (0,1)    (1,1)    (2,1)    (3,1)    (4,1)    (5,1)    (0,0)    (1,0)    (2,0)    (3,0)    (4,0)    (5,0)
(0,1) 0.000000 0.000000 0.000000 0.000000 0.000000 0.000000 0.049286 0.950714 0.000000 0.000000 0.000000 0.000000
(1,1) 0.000000 0.000000 0.000000 0.000000 0.000000 0.000000 0.268006 0.000000 0.731994 0.000000 0.000000 0.000000
(2,1) 0.000000 0.000000 0.000000 0.000000 0.000000 0.000000 0.401342 0.000000 0.000000 0.598658 0.000000 0.000000
(3,1) 0.000000 0.000000 0.000000 0.000000 0.000000 0.000000 0.625460 0.000000 0.000000 0.000000 0.374540 0.000000
(4,1) 0.000000 0.000000 0.000000 0.000000 0.000000 0.000000 0.843981 0.000000 0.000000 0.000000 0.000000 0.156019
(5,1) 0.000000 0.000000 0.000000 0.000000 0.000000 0.000000 1.000000 0.000000 0.000000 0.000000 0.000000 0.000000
(0,0) 0.000000 0.000000 0.000000 0.000000 0.000000 0.000000 0.049286 0.950714 0.000000 0.000000 0.000000 0.000000
(1,0) 0.000000 0.000000 0.000000 0.000000 0.000000 0.000000 0.268006 0.000000 0.731994 0.000000 0.000000 0.000000
(2,0) 0.000000 0.000000 0.000000 0.000000 0.000000 0.000000 0.401342 0.000000 0.000000 0.598658 0.000000 0.000000
(3,0) 0.000000 0.000000 0.000000 0.000000 0.000000 0.000000 0.625460 0.000000 0.000000 0.000000 0.374540 0.000000
(4,0) 0.000000 0.000000 0.000000 0.000000 0.000000 0.000000 0.843981 0.000000 0.000000 0.000000 0.000000 0.156019
(5,0) 0.000000 0.000000 0.000000 0.000000 0.000000 0.000000 1.000000 0.000000 0.000000 0.000000 0.000000 0.000000

Passive reward vector:
        Passive
(0,1)  -24.6428
(1,1) -134.0030
(2,1) -200.6708
(3,1) -312.7299
(4,1) -421.9907
(5,1) -500.0000
(0,0)  -24.6428
(1,0) -134.0030
(2,0) -200.6708
(3,0) -312.7299
(4,0) -421.9907
(5,0) -500.0000

Active transition matrix:
         (0,1)    (1,1)    (2,1)    (3,1)    (4,1)    (5,1)    (0,0)    (1,0)    (2,0)    (3,0)    (4,0)    (5,0)
(0,1) 1.000000 0.000000 0.000000 0.000000 0.000000 0.000000 0.000000 0.000000 0.000000 0.000000 0.000000 0.000000
(1,1) 0.800000 0.200000 0.000000 0.000000 0.000000 0.000000 0.000000 0.000000 0.000000 0.000000 0.000000 0.000000
(2,1) 0.533333 0.266667 0.200000 0.000000 0.000000 0.000000 0.000000 0.000000 0.000000 0.000000 0.000000 0.000000
(3,1) 0.457143 0.228571 0.114286 0.200000 0.000000 0.000000 0.000000 0.000000 0.000000 0.000000 0.000000 0.000000
(4,1) 0.426667 0.213333 0.106667 0.053333 0.200000 0.000000 0.000000 0.000000 0.000000 0.000000 0.000000 0.000000
(5,1) 0.412903 0.206452 0.103226 0.051613 0.025806 0.200000 0.000000 0.000000 0.000000 0.000000 0.000000 0.000000
(0,0) 1.000000 0.000000 0.000000 0.000000 0.000000 0.000000 0.000000 0.000000 0.000000 0.000000 0.000000 0.000000
(1,0) 0.800000 0.200000 0.000000 0.000000 0.000000 0.000000 0.000000 0.000000 0.000000 0.000000 0.000000 0.000000
(2,0) 0.533333 0.266667 0.200000 0.000000 0.000000 0.000000 0.000000 0.000000 0.000000 0.000000 0.000000 0.000000
(3,0) 0.457143 0.228571 0.114286 0.200000 0.000000 0.000000 0.000000 0.000000 0.000000 0.000000 0.000000 0.000000
(4,0) 0.426667 0.213333 0.106667 0.053333 0.200000 0.000000 0.000000 0.000000 0.000000 0.000000 0.000000 0.000000
(5,0) 0.412903 0.206452 0.103226 0.051613 0.025806 0.200000 0.000000 0.000000 0.000000 0.000000 0.000000 0.000000

Active reward vector:
        Active
(0,1)  -5.0000
(1,1)  -5.0000
(2,1)  -5.0000
(3,1)  -5.0000
(4,1)  -5.0000
(5,1)  -5.0000
(0,0) -80.0000
(1,0) -80.0000
(2,0) -80.0000
(3,0) -80.0000
(4,0) -80.0000
(5,0) -80.0000

--- Discounted Whittle Indices (beta=0.9999) ---
              VI         PI    Package
(0,1)  90.939283  90.939283  90.939289
(1,1) 254.363567 254.363567 254.363563
(2,1) 283.327848 283.327848 283.327844
(3,1) 316.889048 316.889048 316.889049
(4,1) 339.865848 339.865848 339.865846
(5,1) 352.957293 352.957293 352.957292
(0,0)  19.635350  19.635350  19.635347
(1,0) 123.191118 123.191118 123.191094
(2,0) 190.507948 190.507948 190.507936
(3,0) 248.311207 248.311207 248.311203
(4,0) 280.066922 280.066922 280.066918
(5,0) 295.784399 295.784399 295.784392

Discounted monotonicity (closed-form): FAIL
Monotonicity broken: (1,1) (254.3636) >= (0,1) (90.9393)

Discounted indexability verification: FAIL
Discounted verification FAILED: first errors:
W=123.191117, (1,0): active but Q0 > Q1
W=123.191118, (1,0): active but Q0 > Q1

--- Average-Cost Whittle Indices ---
             RVI         PI    Package
(0,1)  90.946420  90.946420  90.946420
(1,1) 254.377091 254.377091 254.377091
(2,1) 283.333298 283.333298 283.333298
(3,1) 316.886976 316.886976 316.886976
(4,1) 339.858279 339.858279 339.858279
(5,1) 352.946327 352.946327 352.946327
(0,0)  19.642847  19.642847  19.642847
(1,0) 123.197754 123.197754 123.197754
(2,0) 190.516226 190.516226 190.516226
(3,0) 248.315077 248.315077 248.315077
(4,0) 280.062928 280.062928 280.062928
(5,0) 295.775759 295.775759 295.775759

Average-cost monotonicity (RVI): FAIL
Monotonicity broken: (1,1) (254.3771) >= (0,1) (90.9464)

Average-cost indexability verification: PASS
Average-cost verification passed for 37 test W values.

================================================================================
INSTANCE 25
================================================================================
C=5.0, K=500.0, C_switch=100.0, beta=0.9
Survival probabilities: [0.9507, 0.732 , 0.5987, 0.3745, 0.156 , 0.    ]
--------------------------------------------------------------------------------

Passive transition matrix:
         (0,1)    (1,1)    (2,1)    (3,1)    (4,1)    (5,1)    (0,0)    (1,0)    (2,0)    (3,0)    (4,0)    (5,0)
(0,1) 0.000000 0.000000 0.000000 0.000000 0.000000 0.000000 0.049286 0.950714 0.000000 0.000000 0.000000 0.000000
(1,1) 0.000000 0.000000 0.000000 0.000000 0.000000 0.000000 0.268006 0.000000 0.731994 0.000000 0.000000 0.000000
(2,1) 0.000000 0.000000 0.000000 0.000000 0.000000 0.000000 0.401342 0.000000 0.000000 0.598658 0.000000 0.000000
(3,1) 0.000000 0.000000 0.000000 0.000000 0.000000 0.000000 0.625460 0.000000 0.000000 0.000000 0.374540 0.000000
(4,1) 0.000000 0.000000 0.000000 0.000000 0.000000 0.000000 0.843981 0.000000 0.000000 0.000000 0.000000 0.156019
(5,1) 0.000000 0.000000 0.000000 0.000000 0.000000 0.000000 1.000000 0.000000 0.000000 0.000000 0.000000 0.000000
(0,0) 0.000000 0.000000 0.000000 0.000000 0.000000 0.000000 0.049286 0.950714 0.000000 0.000000 0.000000 0.000000
(1,0) 0.000000 0.000000 0.000000 0.000000 0.000000 0.000000 0.268006 0.000000 0.731994 0.000000 0.000000 0.000000
(2,0) 0.000000 0.000000 0.000000 0.000000 0.000000 0.000000 0.401342 0.000000 0.000000 0.598658 0.000000 0.000000
(3,0) 0.000000 0.000000 0.000000 0.000000 0.000000 0.000000 0.625460 0.000000 0.000000 0.000000 0.374540 0.000000
(4,0) 0.000000 0.000000 0.000000 0.000000 0.000000 0.000000 0.843981 0.000000 0.000000 0.000000 0.000000 0.156019
(5,0) 0.000000 0.000000 0.000000 0.000000 0.000000 0.000000 1.000000 0.000000 0.000000 0.000000 0.000000 0.000000

Passive reward vector:
        Passive
(0,1)  -24.6428
(1,1) -134.0030
(2,1) -200.6708
(3,1) -312.7299
(4,1) -421.9907
(5,1) -500.0000
(0,0)  -24.6428
(1,0) -134.0030
(2,0) -200.6708
(3,0) -312.7299
(4,0) -421.9907
(5,0) -500.0000

Active transition matrix:
         (0,1)    (1,1)    (2,1)    (3,1)    (4,1)    (5,1)    (0,0)    (1,0)    (2,0)    (3,0)    (4,0)    (5,0)
(0,1) 1.000000 0.000000 0.000000 0.000000 0.000000 0.000000 0.000000 0.000000 0.000000 0.000000 0.000000 0.000000
(1,1) 0.800000 0.200000 0.000000 0.000000 0.000000 0.000000 0.000000 0.000000 0.000000 0.000000 0.000000 0.000000
(2,1) 0.533333 0.266667 0.200000 0.000000 0.000000 0.000000 0.000000 0.000000 0.000000 0.000000 0.000000 0.000000
(3,1) 0.457143 0.228571 0.114286 0.200000 0.000000 0.000000 0.000000 0.000000 0.000000 0.000000 0.000000 0.000000
(4,1) 0.426667 0.213333 0.106667 0.053333 0.200000 0.000000 0.000000 0.000000 0.000000 0.000000 0.000000 0.000000
(5,1) 0.412903 0.206452 0.103226 0.051613 0.025806 0.200000 0.000000 0.000000 0.000000 0.000000 0.000000 0.000000
(0,0) 1.000000 0.000000 0.000000 0.000000 0.000000 0.000000 0.000000 0.000000 0.000000 0.000000 0.000000 0.000000
(1,0) 0.800000 0.200000 0.000000 0.000000 0.000000 0.000000 0.000000 0.000000 0.000000 0.000000 0.000000 0.000000
(2,0) 0.533333 0.266667 0.200000 0.000000 0.000000 0.000000 0.000000 0.000000 0.000000 0.000000 0.000000 0.000000
(3,0) 0.457143 0.228571 0.114286 0.200000 0.000000 0.000000 0.000000 0.000000 0.000000 0.000000 0.000000 0.000000
(4,0) 0.426667 0.213333 0.106667 0.053333 0.200000 0.000000 0.000000 0.000000 0.000000 0.000000 0.000000 0.000000
(5,0) 0.412903 0.206452 0.103226 0.051613 0.025806 0.200000 0.000000 0.000000 0.000000 0.000000 0.000000 0.000000

Active reward vector:
         Active
(0,1)   -5.0000
(1,1)   -5.0000
(2,1)   -5.0000
(3,1)   -5.0000
(4,1)   -5.0000
(5,1)   -5.0000
(0,0) -105.0000
(1,0) -105.0000
(2,0) -105.0000
(3,0) -105.0000
(4,0) -105.0000
(5,0) -105.0000

--- Discounted Whittle Indices (beta=0.9) ---
              VI         PI    Package
(0,1) 100.446403 100.446403 100.446405
(1,1) 242.995054 242.995054 242.995048
(2,1) 277.994156 277.994156 277.994152
(3,1) 318.782106 318.782106 318.782109
(4,1) 347.575486 347.575486 347.575481
(5,1) 364.318490 364.318490 364.318482
(0,0)   9.642839   9.642839   9.642847
(1,0)  96.963257  96.963257  96.963250
(2,0) 164.888471 164.888471 164.888480
(3,0) 229.836211 229.836211 229.836210
(4,0) 266.914263 266.914263 266.914265
(5,0) 285.976037 285.976037 285.976035

Discounted monotonicity (closed-form): FAIL
Monotonicity broken: (1,1) (242.9951) >= (0,1) (100.4464)

Discounted indexability verification: FAIL
Discounted verification FAILED: first errors:
W=364.318490, (5,1): active but Q0 > Q1

--- Average-Cost Whittle Indices ---
             RVI         PI    Package
(0,1) 108.616409 108.616409 108.616409
(1,1) 256.933502 256.933502 256.933502
(2,1) 283.714200 283.714200 283.714200
(3,1) 316.886976 316.886976 316.886976
(4,1) 339.858279 339.858279 339.858279
(5,1) 352.946327 352.946327 352.946327
(0,0)  19.642847  19.642847  19.642847
(1,0) 104.953877 104.953877 104.953877
(2,0) 173.305408 173.305408 173.305408
(3,0) 234.380595 234.380595 234.380595
(4,0) 263.445690 263.445690 263.445690
(5,0) 278.282284 278.282284 278.282284

Average-cost monotonicity (RVI): FAIL
Monotonicity broken: (1,1) (256.9335) >= (0,1) (108.6164)

Average-cost indexability verification: PASS
Average-cost verification passed for 37 test W values.

================================================================================
INSTANCE 26
================================================================================
C=5.0, K=500.0, C_switch=100.0, beta=0.95
Survival probabilities: [0.9507, 0.732 , 0.5987, 0.3745, 0.156 , 0.    ]
--------------------------------------------------------------------------------

Passive transition matrix:
         (0,1)    (1,1)    (2,1)    (3,1)    (4,1)    (5,1)    (0,0)    (1,0)    (2,0)    (3,0)    (4,0)    (5,0)
(0,1) 0.000000 0.000000 0.000000 0.000000 0.000000 0.000000 0.049286 0.950714 0.000000 0.000000 0.000000 0.000000
(1,1) 0.000000 0.000000 0.000000 0.000000 0.000000 0.000000 0.268006 0.000000 0.731994 0.000000 0.000000 0.000000
(2,1) 0.000000 0.000000 0.000000 0.000000 0.000000 0.000000 0.401342 0.000000 0.000000 0.598658 0.000000 0.000000
(3,1) 0.000000 0.000000 0.000000 0.000000 0.000000 0.000000 0.625460 0.000000 0.000000 0.000000 0.374540 0.000000
(4,1) 0.000000 0.000000 0.000000 0.000000 0.000000 0.000000 0.843981 0.000000 0.000000 0.000000 0.000000 0.156019
(5,1) 0.000000 0.000000 0.000000 0.000000 0.000000 0.000000 1.000000 0.000000 0.000000 0.000000 0.000000 0.000000
(0,0) 0.000000 0.000000 0.000000 0.000000 0.000000 0.000000 0.049286 0.950714 0.000000 0.000000 0.000000 0.000000
(1,0) 0.000000 0.000000 0.000000 0.000000 0.000000 0.000000 0.268006 0.000000 0.731994 0.000000 0.000000 0.000000
(2,0) 0.000000 0.000000 0.000000 0.000000 0.000000 0.000000 0.401342 0.000000 0.000000 0.598658 0.000000 0.000000
(3,0) 0.000000 0.000000 0.000000 0.000000 0.000000 0.000000 0.625460 0.000000 0.000000 0.000000 0.374540 0.000000
(4,0) 0.000000 0.000000 0.000000 0.000000 0.000000 0.000000 0.843981 0.000000 0.000000 0.000000 0.000000 0.156019
(5,0) 0.000000 0.000000 0.000000 0.000000 0.000000 0.000000 1.000000 0.000000 0.000000 0.000000 0.000000 0.000000

Passive reward vector:
        Passive
(0,1)  -24.6428
(1,1) -134.0030
(2,1) -200.6708
(3,1) -312.7299
(4,1) -421.9907
(5,1) -500.0000
(0,0)  -24.6428
(1,0) -134.0030
(2,0) -200.6708
(3,0) -312.7299
(4,0) -421.9907
(5,0) -500.0000

Active transition matrix:
         (0,1)    (1,1)    (2,1)    (3,1)    (4,1)    (5,1)    (0,0)    (1,0)    (2,0)    (3,0)    (4,0)    (5,0)
(0,1) 1.000000 0.000000 0.000000 0.000000 0.000000 0.000000 0.000000 0.000000 0.000000 0.000000 0.000000 0.000000
(1,1) 0.800000 0.200000 0.000000 0.000000 0.000000 0.000000 0.000000 0.000000 0.000000 0.000000 0.000000 0.000000
(2,1) 0.533333 0.266667 0.200000 0.000000 0.000000 0.000000 0.000000 0.000000 0.000000 0.000000 0.000000 0.000000
(3,1) 0.457143 0.228571 0.114286 0.200000 0.000000 0.000000 0.000000 0.000000 0.000000 0.000000 0.000000 0.000000
(4,1) 0.426667 0.213333 0.106667 0.053333 0.200000 0.000000 0.000000 0.000000 0.000000 0.000000 0.000000 0.000000
(5,1) 0.412903 0.206452 0.103226 0.051613 0.025806 0.200000 0.000000 0.000000 0.000000 0.000000 0.000000 0.000000
(0,0) 1.000000 0.000000 0.000000 0.000000 0.000000 0.000000 0.000000 0.000000 0.000000 0.000000 0.000000 0.000000
(1,0) 0.800000 0.200000 0.000000 0.000000 0.000000 0.000000 0.000000 0.000000 0.000000 0.000000 0.000000 0.000000
(2,0) 0.533333 0.266667 0.200000 0.000000 0.000000 0.000000 0.000000 0.000000 0.000000 0.000000 0.000000 0.000000
(3,0) 0.457143 0.228571 0.114286 0.200000 0.000000 0.000000 0.000000 0.000000 0.000000 0.000000 0.000000 0.000000
(4,0) 0.426667 0.213333 0.106667 0.053333 0.200000 0.000000 0.000000 0.000000 0.000000 0.000000 0.000000 0.000000
(5,0) 0.412903 0.206452 0.103226 0.051613 0.025806 0.200000 0.000000 0.000000 0.000000 0.000000 0.000000 0.000000

Active reward vector:
         Active
(0,1)   -5.0000
(1,1)   -5.0000
(2,1)   -5.0000
(3,1)   -5.0000
(4,1)   -5.0000
(5,1)   -5.0000
(0,0) -105.0000
(1,0) -105.0000
(2,0) -105.0000
(3,0) -105.0000
(4,0) -105.0000
(5,0) -105.0000

--- Discounted Whittle Indices (beta=0.95) ---
              VI         PI    Package
(0,1) 104.542032 104.542032 104.542023
(1,1) 249.912560 249.912560 249.912555
(2,1) 281.032786 281.032786 281.032785
(3,1) 317.881197 317.881197 317.881200
(4,1) 343.680456 343.680456 343.680459
(5,1) 358.530596 358.530596 358.530596
(0,0)  14.642850  14.642850  14.642847
(1,0) 100.949466 100.949466 100.949467
(2,0) 169.076592 169.076592 169.076599
(3,0) 232.064098 232.064098 232.064105
(4,0) 265.117452 265.117452 265.117453
(5,0) 281.668171 281.668171 281.668178

Discounted monotonicity (closed-form): FAIL
Monotonicity broken: (1,1) (249.9126) >= (0,1) (104.5420)

Discounted indexability verification: FAIL
Discounted verification FAILED: first errors:
W=104.542031, (0,1): active but Q0 > Q1
W=104.542032, (0,1): active but Q0 > Q1

--- Average-Cost Whittle Indices ---
             RVI         PI    Package
(0,1) 108.616409 108.616409 108.616409
(1,1) 256.933502 256.933502 256.933502
(2,1) 283.714200 283.714200 283.714200
(3,1) 316.886976 316.886976 316.886976
(4,1) 339.858279 339.858279 339.858279
(5,1) 352.946327 352.946327 352.946327
(0,0)  19.642847  19.642847  19.642847
(1,0) 104.953877 104.953877 104.953877
(2,0) 173.305408 173.305408 173.305408
(3,0) 234.380595 234.380595 234.380595
(4,0) 263.445690 263.445690 263.445690
(5,0) 278.282284 278.282284 278.282284

Average-cost monotonicity (RVI): FAIL
Monotonicity broken: (1,1) (256.9335) >= (0,1) (108.6164)

Average-cost indexability verification: PASS
Average-cost verification passed for 37 test W values.

================================================================================
INSTANCE 27
================================================================================
C=5.0, K=500.0, C_switch=100.0, beta=0.9999
Survival probabilities: [0.9507, 0.732 , 0.5987, 0.3745, 0.156 , 0.    ]
--------------------------------------------------------------------------------

Passive transition matrix:
         (0,1)    (1,1)    (2,1)    (3,1)    (4,1)    (5,1)    (0,0)    (1,0)    (2,0)    (3,0)    (4,0)    (5,0)
(0,1) 0.000000 0.000000 0.000000 0.000000 0.000000 0.000000 0.049286 0.950714 0.000000 0.000000 0.000000 0.000000
(1,1) 0.000000 0.000000 0.000000 0.000000 0.000000 0.000000 0.268006 0.000000 0.731994 0.000000 0.000000 0.000000
(2,1) 0.000000 0.000000 0.000000 0.000000 0.000000 0.000000 0.401342 0.000000 0.000000 0.598658 0.000000 0.000000
(3,1) 0.000000 0.000000 0.000000 0.000000 0.000000 0.000000 0.625460 0.000000 0.000000 0.000000 0.374540 0.000000
(4,1) 0.000000 0.000000 0.000000 0.000000 0.000000 0.000000 0.843981 0.000000 0.000000 0.000000 0.000000 0.156019
(5,1) 0.000000 0.000000 0.000000 0.000000 0.000000 0.000000 1.000000 0.000000 0.000000 0.000000 0.000000 0.000000
(0,0) 0.000000 0.000000 0.000000 0.000000 0.000000 0.000000 0.049286 0.950714 0.000000 0.000000 0.000000 0.000000
(1,0) 0.000000 0.000000 0.000000 0.000000 0.000000 0.000000 0.268006 0.000000 0.731994 0.000000 0.000000 0.000000
(2,0) 0.000000 0.000000 0.000000 0.000000 0.000000 0.000000 0.401342 0.000000 0.000000 0.598658 0.000000 0.000000
(3,0) 0.000000 0.000000 0.000000 0.000000 0.000000 0.000000 0.625460 0.000000 0.000000 0.000000 0.374540 0.000000
(4,0) 0.000000 0.000000 0.000000 0.000000 0.000000 0.000000 0.843981 0.000000 0.000000 0.000000 0.000000 0.156019
(5,0) 0.000000 0.000000 0.000000 0.000000 0.000000 0.000000 1.000000 0.000000 0.000000 0.000000 0.000000 0.000000

Passive reward vector:
        Passive
(0,1)  -24.6428
(1,1) -134.0030
(2,1) -200.6708
(3,1) -312.7299
(4,1) -421.9907
(5,1) -500.0000
(0,0)  -24.6428
(1,0) -134.0030
(2,0) -200.6708
(3,0) -312.7299
(4,0) -421.9907
(5,0) -500.0000

Active transition matrix:
         (0,1)    (1,1)    (2,1)    (3,1)    (4,1)    (5,1)    (0,0)    (1,0)    (2,0)    (3,0)    (4,0)    (5,0)
(0,1) 1.000000 0.000000 0.000000 0.000000 0.000000 0.000000 0.000000 0.000000 0.000000 0.000000 0.000000 0.000000
(1,1) 0.800000 0.200000 0.000000 0.000000 0.000000 0.000000 0.000000 0.000000 0.000000 0.000000 0.000000 0.000000
(2,1) 0.533333 0.266667 0.200000 0.000000 0.000000 0.000000 0.000000 0.000000 0.000000 0.000000 0.000000 0.000000
(3,1) 0.457143 0.228571 0.114286 0.200000 0.000000 0.000000 0.000000 0.000000 0.000000 0.000000 0.000000 0.000000
(4,1) 0.426667 0.213333 0.106667 0.053333 0.200000 0.000000 0.000000 0.000000 0.000000 0.000000 0.000000 0.000000
(5,1) 0.412903 0.206452 0.103226 0.051613 0.025806 0.200000 0.000000 0.000000 0.000000 0.000000 0.000000 0.000000
(0,0) 1.000000 0.000000 0.000000 0.000000 0.000000 0.000000 0.000000 0.000000 0.000000 0.000000 0.000000 0.000000
(1,0) 0.800000 0.200000 0.000000 0.000000 0.000000 0.000000 0.000000 0.000000 0.000000 0.000000 0.000000 0.000000
(2,0) 0.533333 0.266667 0.200000 0.000000 0.000000 0.000000 0.000000 0.000000 0.000000 0.000000 0.000000 0.000000
(3,0) 0.457143 0.228571 0.114286 0.200000 0.000000 0.000000 0.000000 0.000000 0.000000 0.000000 0.000000 0.000000
(4,0) 0.426667 0.213333 0.106667 0.053333 0.200000 0.000000 0.000000 0.000000 0.000000 0.000000 0.000000 0.000000
(5,0) 0.412903 0.206452 0.103226 0.051613 0.025806 0.200000 0.000000 0.000000 0.000000 0.000000 0.000000 0.000000

Active reward vector:
         Active
(0,1)   -5.0000
(1,1)   -5.0000
(2,1)   -5.0000
(3,1)   -5.0000
(4,1)   -5.0000
(5,1)   -5.0000
(0,0) -105.0000
(1,0) -105.0000
(2,0) -105.0000
(3,0) -105.0000
(4,0) -105.0000
(5,0) -105.0000

--- Discounted Whittle Indices (beta=0.9999) ---
              VI         PI    Package
(0,1) 108.608291 108.608291 108.608281
(1,1) 256.919354 256.919354 256.919344
(2,1) 283.709079 283.709079 283.709075
(3,1) 316.889048 316.889048 316.889049
(4,1) 339.865848 339.865848 339.865846
(5,1) 352.957293 352.957293 352.957292
(0,0)  19.632846  19.632846  19.632847
(1,0) 104.945853 104.945853 104.945850
(2,0) 173.296899 173.296899 173.296908
(3,0) 234.375879 234.375879 234.375877
(4,0) 263.448909 263.448909 263.448909
(5,0) 278.288662 278.288662 278.288668

Discounted monotonicity (closed-form): FAIL
Monotonicity broken: (1,1) (256.9194) >= (0,1) (108.6083)

Discounted indexability verification: FAIL
Discounted verification FAILED: first errors:
W=108.608290, (0,1): active but Q0 > Q1
W=108.608291, (0,1): active but Q0 > Q1
W=256.919354, (1,1): active but Q0 > Q1

--- Average-Cost Whittle Indices ---
             RVI         PI    Package
(0,1) 108.616409 108.616409 108.616409
(1,1) 256.933502 256.933502 256.933502
(2,1) 283.714200 283.714200 283.714200
(3,1) 316.886976 316.886976 316.886976
(4,1) 339.858279 339.858279 339.858279
(5,1) 352.946327 352.946327 352.946327
(0,0)  19.642847  19.642847  19.642847
(1,0) 104.953877 104.953877 104.953877
(2,0) 173.305408 173.305408 173.305408
(3,0) 234.380595 234.380595 234.380595
(4,0) 263.445690 263.445690 263.445690
(5,0) 278.282284 278.282284 278.282284

Average-cost monotonicity (RVI): FAIL
Monotonicity broken: (1,1) (256.9335) >= (0,1) (108.6164)

Average-cost indexability verification: PASS
Average-cost verification passed for 37 test W values.

================================================================================
INSTANCE 28
================================================================================
C=5.0, K=500.0, C_switch=200.0, beta=0.9
Survival probabilities: [0.9507, 0.732 , 0.5987, 0.3745, 0.156 , 0.    ]
--------------------------------------------------------------------------------

Passive transition matrix:
         (0,1)    (1,1)    (2,1)    (3,1)    (4,1)    (5,1)    (0,0)    (1,0)    (2,0)    (3,0)    (4,0)    (5,0)
(0,1) 0.000000 0.000000 0.000000 0.000000 0.000000 0.000000 0.049286 0.950714 0.000000 0.000000 0.000000 0.000000
(1,1) 0.000000 0.000000 0.000000 0.000000 0.000000 0.000000 0.268006 0.000000 0.731994 0.000000 0.000000 0.000000
(2,1) 0.000000 0.000000 0.000000 0.000000 0.000000 0.000000 0.401342 0.000000 0.000000 0.598658 0.000000 0.000000
(3,1) 0.000000 0.000000 0.000000 0.000000 0.000000 0.000000 0.625460 0.000000 0.000000 0.000000 0.374540 0.000000
(4,1) 0.000000 0.000000 0.000000 0.000000 0.000000 0.000000 0.843981 0.000000 0.000000 0.000000 0.000000 0.156019
(5,1) 0.000000 0.000000 0.000000 0.000000 0.000000 0.000000 1.000000 0.000000 0.000000 0.000000 0.000000 0.000000
(0,0) 0.000000 0.000000 0.000000 0.000000 0.000000 0.000000 0.049286 0.950714 0.000000 0.000000 0.000000 0.000000
(1,0) 0.000000 0.000000 0.000000 0.000000 0.000000 0.000000 0.268006 0.000000 0.731994 0.000000 0.000000 0.000000
(2,0) 0.000000 0.000000 0.000000 0.000000 0.000000 0.000000 0.401342 0.000000 0.000000 0.598658 0.000000 0.000000
(3,0) 0.000000 0.000000 0.000000 0.000000 0.000000 0.000000 0.625460 0.000000 0.000000 0.000000 0.374540 0.000000
(4,0) 0.000000 0.000000 0.000000 0.000000 0.000000 0.000000 0.843981 0.000000 0.000000 0.000000 0.000000 0.156019
(5,0) 0.000000 0.000000 0.000000 0.000000 0.000000 0.000000 1.000000 0.000000 0.000000 0.000000 0.000000 0.000000

Passive reward vector:
        Passive
(0,1)  -24.6428
(1,1) -134.0030
(2,1) -200.6708
(3,1) -312.7299
(4,1) -421.9907
(5,1) -500.0000
(0,0)  -24.6428
(1,0) -134.0030
(2,0) -200.6708
(3,0) -312.7299
(4,0) -421.9907
(5,0) -500.0000

Active transition matrix:
         (0,1)    (1,1)    (2,1)    (3,1)    (4,1)    (5,1)    (0,0)    (1,0)    (2,0)    (3,0)    (4,0)    (5,0)
(0,1) 1.000000 0.000000 0.000000 0.000000 0.000000 0.000000 0.000000 0.000000 0.000000 0.000000 0.000000 0.000000
(1,1) 0.800000 0.200000 0.000000 0.000000 0.000000 0.000000 0.000000 0.000000 0.000000 0.000000 0.000000 0.000000
(2,1) 0.533333 0.266667 0.200000 0.000000 0.000000 0.000000 0.000000 0.000000 0.000000 0.000000 0.000000 0.000000
(3,1) 0.457143 0.228571 0.114286 0.200000 0.000000 0.000000 0.000000 0.000000 0.000000 0.000000 0.000000 0.000000
(4,1) 0.426667 0.213333 0.106667 0.053333 0.200000 0.000000 0.000000 0.000000 0.000000 0.000000 0.000000 0.000000
(5,1) 0.412903 0.206452 0.103226 0.051613 0.025806 0.200000 0.000000 0.000000 0.000000 0.000000 0.000000 0.000000
(0,0) 1.000000 0.000000 0.000000 0.000000 0.000000 0.000000 0.000000 0.000000 0.000000 0.000000 0.000000 0.000000
(1,0) 0.800000 0.200000 0.000000 0.000000 0.000000 0.000000 0.000000 0.000000 0.000000 0.000000 0.000000 0.000000
(2,0) 0.533333 0.266667 0.200000 0.000000 0.000000 0.000000 0.000000 0.000000 0.000000 0.000000 0.000000 0.000000
(3,0) 0.457143 0.228571 0.114286 0.200000 0.000000 0.000000 0.000000 0.000000 0.000000 0.000000 0.000000 0.000000
(4,0) 0.426667 0.213333 0.106667 0.053333 0.200000 0.000000 0.000000 0.000000 0.000000 0.000000 0.000000 0.000000
(5,0) 0.412903 0.206452 0.103226 0.051613 0.025806 0.200000 0.000000 0.000000 0.000000 0.000000 0.000000 0.000000

Active reward vector:
         Active
(0,1)   -5.0000
(1,1)   -5.0000
(2,1)   -5.0000
(3,1)   -5.0000
(4,1)   -5.0000
(5,1)   -5.0000
(0,0) -205.0000
(1,0) -205.0000
(2,0) -205.0000
(3,0) -205.0000
(4,0) -205.0000
(5,0) -205.0000

--- Discounted Whittle Indices (beta=0.9) ---
              VI         PI    Package
(0,1) 124.440894 124.440894 124.440890
(1,1) 245.701045 245.701045 245.701043
(2,1) 278.177559 278.177559 278.177559
(3,1) 318.782106 318.782106 318.782109
(4,1) 347.575486 347.575486 347.575481
(5,1) 364.318490 364.318490 364.318482
(0,0)  -0.357151  -0.357151  -0.357153
(1,0)  86.963251  86.963251  86.963250
(2,0) 116.364323 116.364323 116.364322
(3,0) 170.606017 170.606017 170.606013
(4,0) 206.706122 206.706122 206.706119
(5,0) 222.812355 222.812355 222.812357

Discounted monotonicity (closed-form): FAIL
Monotonicity broken: (1,1) (245.7010) >= (0,1) (124.4409)

Discounted indexability verification: FAIL
Discounted verification FAILED: first errors:
W=124.440893, (0,1): active but Q0 > Q1
W=124.440894, (0,1): active but Q0 > Q1
W=364.318490, (5,1): active but Q0 > Q1

--- Average-Cost Whittle Indices ---
             RVI         PI    Package
(0,1) 136.695210 136.695210 136.695210
(1,1) 258.123306 258.123306 258.123306
(2,1) 283.714200 283.714200 283.714200
(3,1) 316.886976 316.886976 316.886976
(4,1) 339.858279 339.858279 339.858279
(5,1) 352.946327 352.946327 352.946327
(0,0)  19.642847  19.642847  19.642847
(1,0) 104.953877 104.953877 104.953877
(2,0) 130.696563 130.696563 130.696563
(3,0) 178.642670 178.642670 178.642670
(4,0) 210.162050 210.162050 210.162050
(5,0) 223.226210 223.226210 223.226210

Average-cost monotonicity (RVI): FAIL
Monotonicity broken: (1,1) (258.1233) >= (0,1) (136.6952)

Average-cost indexability verification: PASS
Average-cost verification passed for 37 test W values.

================================================================================
INSTANCE 29
================================================================================
C=5.0, K=500.0, C_switch=200.0, beta=0.95
Survival probabilities: [0.9507, 0.732 , 0.5987, 0.3745, 0.156 , 0.    ]
--------------------------------------------------------------------------------

Passive transition matrix:
         (0,1)    (1,1)    (2,1)    (3,1)    (4,1)    (5,1)    (0,0)    (1,0)    (2,0)    (3,0)    (4,0)    (5,0)
(0,1) 0.000000 0.000000 0.000000 0.000000 0.000000 0.000000 0.049286 0.950714 0.000000 0.000000 0.000000 0.000000
(1,1) 0.000000 0.000000 0.000000 0.000000 0.000000 0.000000 0.268006 0.000000 0.731994 0.000000 0.000000 0.000000
(2,1) 0.000000 0.000000 0.000000 0.000000 0.000000 0.000000 0.401342 0.000000 0.000000 0.598658 0.000000 0.000000
(3,1) 0.000000 0.000000 0.000000 0.000000 0.000000 0.000000 0.625460 0.000000 0.000000 0.000000 0.374540 0.000000
(4,1) 0.000000 0.000000 0.000000 0.000000 0.000000 0.000000 0.843981 0.000000 0.000000 0.000000 0.000000 0.156019
(5,1) 0.000000 0.000000 0.000000 0.000000 0.000000 0.000000 1.000000 0.000000 0.000000 0.000000 0.000000 0.000000
(0,0) 0.000000 0.000000 0.000000 0.000000 0.000000 0.000000 0.049286 0.950714 0.000000 0.000000 0.000000 0.000000
(1,0) 0.000000 0.000000 0.000000 0.000000 0.000000 0.000000 0.268006 0.000000 0.731994 0.000000 0.000000 0.000000
(2,0) 0.000000 0.000000 0.000000 0.000000 0.000000 0.000000 0.401342 0.000000 0.000000 0.598658 0.000000 0.000000
(3,0) 0.000000 0.000000 0.000000 0.000000 0.000000 0.000000 0.625460 0.000000 0.000000 0.000000 0.374540 0.000000
(4,0) 0.000000 0.000000 0.000000 0.000000 0.000000 0.000000 0.843981 0.000000 0.000000 0.000000 0.000000 0.156019
(5,0) 0.000000 0.000000 0.000000 0.000000 0.000000 0.000000 1.000000 0.000000 0.000000 0.000000 0.000000 0.000000

Passive reward vector:
        Passive
(0,1)  -24.6428
(1,1) -134.0030
(2,1) -200.6708
(3,1) -312.7299
(4,1) -421.9907
(5,1) -500.0000
(0,0)  -24.6428
(1,0) -134.0030
(2,0) -200.6708
(3,0) -312.7299
(4,0) -421.9907
(5,0) -500.0000

Active transition matrix:
         (0,1)    (1,1)    (2,1)    (3,1)    (4,1)    (5,1)    (0,0)    (1,0)    (2,0)    (3,0)    (4,0)    (5,0)
(0,1) 1.000000 0.000000 0.000000 0.000000 0.000000 0.000000 0.000000 0.000000 0.000000 0.000000 0.000000 0.000000
(1,1) 0.800000 0.200000 0.000000 0.000000 0.000000 0.000000 0.000000 0.000000 0.000000 0.000000 0.000000 0.000000
(2,1) 0.533333 0.266667 0.200000 0.000000 0.000000 0.000000 0.000000 0.000000 0.000000 0.000000 0.000000 0.000000
(3,1) 0.457143 0.228571 0.114286 0.200000 0.000000 0.000000 0.000000 0.000000 0.000000 0.000000 0.000000 0.000000
(4,1) 0.426667 0.213333 0.106667 0.053333 0.200000 0.000000 0.000000 0.000000 0.000000 0.000000 0.000000 0.000000
(5,1) 0.412903 0.206452 0.103226 0.051613 0.025806 0.200000 0.000000 0.000000 0.000000 0.000000 0.000000 0.000000
(0,0) 1.000000 0.000000 0.000000 0.000000 0.000000 0.000000 0.000000 0.000000 0.000000 0.000000 0.000000 0.000000
(1,0) 0.800000 0.200000 0.000000 0.000000 0.000000 0.000000 0.000000 0.000000 0.000000 0.000000 0.000000 0.000000
(2,0) 0.533333 0.266667 0.200000 0.000000 0.000000 0.000000 0.000000 0.000000 0.000000 0.000000 0.000000 0.000000
(3,0) 0.457143 0.228571 0.114286 0.200000 0.000000 0.000000 0.000000 0.000000 0.000000 0.000000 0.000000 0.000000
(4,0) 0.426667 0.213333 0.106667 0.053333 0.200000 0.000000 0.000000 0.000000 0.000000 0.000000 0.000000 0.000000
(5,0) 0.412903 0.206452 0.103226 0.051613 0.025806 0.200000 0.000000 0.000000 0.000000 0.000000 0.000000 0.000000

Active reward vector:
         Active
(0,1)   -5.0000
(1,1)   -5.0000
(2,1)   -5.0000
(3,1)   -5.0000
(4,1)   -5.0000
(5,1)   -5.0000
(0,0) -205.0000
(1,0) -205.0000
(2,0) -205.0000
(3,0) -205.0000
(4,0) -205.0000
(5,0) -205.0000

--- Discounted Whittle Indices (beta=0.95) ---
              VI         PI    Package
(0,1) 130.563870 130.563870 130.563860
(1,1) 251.990765 251.990765 251.990768
(2,1) 281.049713 281.049713 281.049712
(3,1) 317.881197 317.881197 317.881200
(4,1) 343.680456 343.680456 343.680459
(5,1) 358.530596 358.530596 358.530596
(0,0)   9.642839   9.642839   9.642847
(1,0)  95.949471  95.949471  95.949467
(2,0) 123.502761 123.502761 123.502759
(3,0) 174.607798 174.607798 174.607803
(4,0) 208.336458 208.336458 208.336451
(5,0) 222.851455 222.851455 222.851450

Discounted monotonicity (closed-form): FAIL
Monotonicity broken: (1,1) (251.9908) >= (0,1) (130.5639)

Discounted indexability verification: FAIL
Discounted verification FAILED: first errors:
W=130.563869, (0,1): active but Q0 > Q1
W=130.563870, (0,1): active but Q0 > Q1

--- Average-Cost Whittle Indices ---
             RVI         PI    Package
(0,1) 136.695210 136.695210 136.695210
(1,1) 258.123306 258.123306 258.123306
(2,1) 283.714200 283.714200 283.714200
(3,1) 316.886976 316.886976 316.886976
(4,1) 339.858279 339.858279 339.858279
(5,1) 352.946327 352.946327 352.946327
(0,0)  19.642847  19.642847  19.642847
(1,0) 104.953877 104.953877 104.953877
(2,0) 130.696563 130.696563 130.696563
(3,0) 178.642670 178.642670 178.642670
(4,0) 210.162050 210.162050 210.162050
(5,0) 223.226210 223.226210 223.226210

Average-cost monotonicity (RVI): FAIL
Monotonicity broken: (1,1) (258.1233) >= (0,1) (136.6952)

Average-cost indexability verification: PASS
Average-cost verification passed for 37 test W values.

================================================================================
INSTANCE 30
================================================================================
C=5.0, K=500.0, C_switch=200.0, beta=0.9999
Survival probabilities: [0.9507, 0.732 , 0.5987, 0.3745, 0.156 , 0.    ]
--------------------------------------------------------------------------------

Passive transition matrix:
         (0,1)    (1,1)    (2,1)    (3,1)    (4,1)    (5,1)    (0,0)    (1,0)    (2,0)    (3,0)    (4,0)    (5,0)
(0,1) 0.000000 0.000000 0.000000 0.000000 0.000000 0.000000 0.049286 0.950714 0.000000 0.000000 0.000000 0.000000
(1,1) 0.000000 0.000000 0.000000 0.000000 0.000000 0.000000 0.268006 0.000000 0.731994 0.000000 0.000000 0.000000
(2,1) 0.000000 0.000000 0.000000 0.000000 0.000000 0.000000 0.401342 0.000000 0.000000 0.598658 0.000000 0.000000
(3,1) 0.000000 0.000000 0.000000 0.000000 0.000000 0.000000 0.625460 0.000000 0.000000 0.000000 0.374540 0.000000
(4,1) 0.000000 0.000000 0.000000 0.000000 0.000000 0.000000 0.843981 0.000000 0.000000 0.000000 0.000000 0.156019
(5,1) 0.000000 0.000000 0.000000 0.000000 0.000000 0.000000 1.000000 0.000000 0.000000 0.000000 0.000000 0.000000
(0,0) 0.000000 0.000000 0.000000 0.000000 0.000000 0.000000 0.049286 0.950714 0.000000 0.000000 0.000000 0.000000
(1,0) 0.000000 0.000000 0.000000 0.000000 0.000000 0.000000 0.268006 0.000000 0.731994 0.000000 0.000000 0.000000
(2,0) 0.000000 0.000000 0.000000 0.000000 0.000000 0.000000 0.401342 0.000000 0.000000 0.598658 0.000000 0.000000
(3,0) 0.000000 0.000000 0.000000 0.000000 0.000000 0.000000 0.625460 0.000000 0.000000 0.000000 0.374540 0.000000
(4,0) 0.000000 0.000000 0.000000 0.000000 0.000000 0.000000 0.843981 0.000000 0.000000 0.000000 0.000000 0.156019
(5,0) 0.000000 0.000000 0.000000 0.000000 0.000000 0.000000 1.000000 0.000000 0.000000 0.000000 0.000000 0.000000

Passive reward vector:
        Passive
(0,1)  -24.6428
(1,1) -134.0030
(2,1) -200.6708
(3,1) -312.7299
(4,1) -421.9907
(5,1) -500.0000
(0,0)  -24.6428
(1,0) -134.0030
(2,0) -200.6708
(3,0) -312.7299
(4,0) -421.9907
(5,0) -500.0000

Active transition matrix:
         (0,1)    (1,1)    (2,1)    (3,1)    (4,1)    (5,1)    (0,0)    (1,0)    (2,0)    (3,0)    (4,0)    (5,0)
(0,1) 1.000000 0.000000 0.000000 0.000000 0.000000 0.000000 0.000000 0.000000 0.000000 0.000000 0.000000 0.000000
(1,1) 0.800000 0.200000 0.000000 0.000000 0.000000 0.000000 0.000000 0.000000 0.000000 0.000000 0.000000 0.000000
(2,1) 0.533333 0.266667 0.200000 0.000000 0.000000 0.000000 0.000000 0.000000 0.000000 0.000000 0.000000 0.000000
(3,1) 0.457143 0.228571 0.114286 0.200000 0.000000 0.000000 0.000000 0.000000 0.000000 0.000000 0.000000 0.000000
(4,1) 0.426667 0.213333 0.106667 0.053333 0.200000 0.000000 0.000000 0.000000 0.000000 0.000000 0.000000 0.000000
(5,1) 0.412903 0.206452 0.103226 0.051613 0.025806 0.200000 0.000000 0.000000 0.000000 0.000000 0.000000 0.000000
(0,0) 1.000000 0.000000 0.000000 0.000000 0.000000 0.000000 0.000000 0.000000 0.000000 0.000000 0.000000 0.000000
(1,0) 0.800000 0.200000 0.000000 0.000000 0.000000 0.000000 0.000000 0.000000 0.000000 0.000000 0.000000 0.000000
(2,0) 0.533333 0.266667 0.200000 0.000000 0.000000 0.000000 0.000000 0.000000 0.000000 0.000000 0.000000 0.000000
(3,0) 0.457143 0.228571 0.114286 0.200000 0.000000 0.000000 0.000000 0.000000 0.000000 0.000000 0.000000 0.000000
(4,0) 0.426667 0.213333 0.106667 0.053333 0.200000 0.000000 0.000000 0.000000 0.000000 0.000000 0.000000 0.000000
(5,0) 0.412903 0.206452 0.103226 0.051613 0.025806 0.200000 0.000000 0.000000 0.000000 0.000000 0.000000 0.000000

Active reward vector:
         Active
(0,1)   -5.0000
(1,1)   -5.0000
(2,1)   -5.0000
(3,1)   -5.0000
(4,1)   -5.0000
(5,1)   -5.0000
(0,0) -205.0000
(1,0) -205.0000
(2,0) -205.0000
(3,0) -205.0000
(4,0) -205.0000
(5,0) -205.0000

--- Discounted Whittle Indices (beta=0.9999) ---
              VI         PI    Package
(0,1) 136.682943 136.682943 136.682940
(1,1) 258.111209 258.111209 258.111206
(2,1) 283.709079 283.709079 283.709075
(3,1) 316.889048 316.889048 316.889049
(4,1) 339.865848 339.865848 339.865846
(5,1) 352.957293 352.957293 352.957292
(0,0)  19.622847  19.622847  19.622847
(1,0) 104.935855 104.935855 104.935850
(2,0) 130.682118 130.682118 130.682120
(3,0) 178.634569 178.634569 178.634571
(4,0) 210.158214 210.158214 210.158212
(5,0) 223.225139 223.225139 223.225139

Discounted monotonicity (closed-form): FAIL
Monotonicity broken: (1,1) (258.1112) >= (0,1) (136.6829)

Discounted indexability verification: FAIL
Discounted verification FAILED: first errors:
W=136.682943, (0,1): active but Q0 > Q1

--- Average-Cost Whittle Indices ---
             RVI         PI    Package
(0,1) 136.695210 136.695210 136.695210
(1,1) 258.123306 258.123306 258.123306
(2,1) 283.714200 283.714200 283.714200
(3,1) 316.886976 316.886976 316.886976
(4,1) 339.858279 339.858279 339.858279
(5,1) 352.946327 352.946327 352.946327
(0,0)  19.642847  19.642847  19.642847
(1,0) 104.953877 104.953877 104.953877
(2,0) 130.696563 130.696563 130.696563
(3,0) 178.642670 178.642670 178.642670
(4,0) 210.162050 210.162050 210.162050
(5,0) 223.226210 223.226210 223.226210

Average-cost monotonicity (RVI): FAIL
Monotonicity broken: (1,1) (258.1233) >= (0,1) (136.6952)

Average-cost indexability verification: PASS
Average-cost verification passed for 37 test W values.

================================================================================
INSTANCE 31
================================================================================
C=5.0, K=500.0, C_switch=500.0, beta=0.9
Survival probabilities: [0.9507, 0.732 , 0.5987, 0.3745, 0.156 , 0.    ]
--------------------------------------------------------------------------------

Passive transition matrix:
         (0,1)    (1,1)    (2,1)    (3,1)    (4,1)    (5,1)    (0,0)    (1,0)    (2,0)    (3,0)    (4,0)    (5,0)
(0,1) 0.000000 0.000000 0.000000 0.000000 0.000000 0.000000 0.049286 0.950714 0.000000 0.000000 0.000000 0.000000
(1,1) 0.000000 0.000000 0.000000 0.000000 0.000000 0.000000 0.268006 0.000000 0.731994 0.000000 0.000000 0.000000
(2,1) 0.000000 0.000000 0.000000 0.000000 0.000000 0.000000 0.401342 0.000000 0.000000 0.598658 0.000000 0.000000
(3,1) 0.000000 0.000000 0.000000 0.000000 0.000000 0.000000 0.625460 0.000000 0.000000 0.000000 0.374540 0.000000
(4,1) 0.000000 0.000000 0.000000 0.000000 0.000000 0.000000 0.843981 0.000000 0.000000 0.000000 0.000000 0.156019
(5,1) 0.000000 0.000000 0.000000 0.000000 0.000000 0.000000 1.000000 0.000000 0.000000 0.000000 0.000000 0.000000
(0,0) 0.000000 0.000000 0.000000 0.000000 0.000000 0.000000 0.049286 0.950714 0.000000 0.000000 0.000000 0.000000
(1,0) 0.000000 0.000000 0.000000 0.000000 0.000000 0.000000 0.268006 0.000000 0.731994 0.000000 0.000000 0.000000
(2,0) 0.000000 0.000000 0.000000 0.000000 0.000000 0.000000 0.401342 0.000000 0.000000 0.598658 0.000000 0.000000
(3,0) 0.000000 0.000000 0.000000 0.000000 0.000000 0.000000 0.625460 0.000000 0.000000 0.000000 0.374540 0.000000
(4,0) 0.000000 0.000000 0.000000 0.000000 0.000000 0.000000 0.843981 0.000000 0.000000 0.000000 0.000000 0.156019
(5,0) 0.000000 0.000000 0.000000 0.000000 0.000000 0.000000 1.000000 0.000000 0.000000 0.000000 0.000000 0.000000

Passive reward vector:
        Passive
(0,1)  -24.6428
(1,1) -134.0030
(2,1) -200.6708
(3,1) -312.7299
(4,1) -421.9907
(5,1) -500.0000
(0,0)  -24.6428
(1,0) -134.0030
(2,0) -200.6708
(3,0) -312.7299
(4,0) -421.9907
(5,0) -500.0000

Active transition matrix:
         (0,1)    (1,1)    (2,1)    (3,1)    (4,1)    (5,1)    (0,0)    (1,0)    (2,0)    (3,0)    (4,0)    (5,0)
(0,1) 1.000000 0.000000 0.000000 0.000000 0.000000 0.000000 0.000000 0.000000 0.000000 0.000000 0.000000 0.000000
(1,1) 0.800000 0.200000 0.000000 0.000000 0.000000 0.000000 0.000000 0.000000 0.000000 0.000000 0.000000 0.000000
(2,1) 0.533333 0.266667 0.200000 0.000000 0.000000 0.000000 0.000000 0.000000 0.000000 0.000000 0.000000 0.000000
(3,1) 0.457143 0.228571 0.114286 0.200000 0.000000 0.000000 0.000000 0.000000 0.000000 0.000000 0.000000 0.000000
(4,1) 0.426667 0.213333 0.106667 0.053333 0.200000 0.000000 0.000000 0.000000 0.000000 0.000000 0.000000 0.000000
(5,1) 0.412903 0.206452 0.103226 0.051613 0.025806 0.200000 0.000000 0.000000 0.000000 0.000000 0.000000 0.000000
(0,0) 1.000000 0.000000 0.000000 0.000000 0.000000 0.000000 0.000000 0.000000 0.000000 0.000000 0.000000 0.000000
(1,0) 0.800000 0.200000 0.000000 0.000000 0.000000 0.000000 0.000000 0.000000 0.000000 0.000000 0.000000 0.000000
(2,0) 0.533333 0.266667 0.200000 0.000000 0.000000 0.000000 0.000000 0.000000 0.000000 0.000000 0.000000 0.000000
(3,0) 0.457143 0.228571 0.114286 0.200000 0.000000 0.000000 0.000000 0.000000 0.000000 0.000000 0.000000 0.000000
(4,0) 0.426667 0.213333 0.106667 0.053333 0.200000 0.000000 0.000000 0.000000 0.000000 0.000000 0.000000 0.000000
(5,0) 0.412903 0.206452 0.103226 0.051613 0.025806 0.200000 0.000000 0.000000 0.000000 0.000000 0.000000 0.000000

Active reward vector:
         Active
(0,1)   -5.0000
(1,1)   -5.0000
(2,1)   -5.0000
(3,1)   -5.0000
(4,1)   -5.0000
(5,1)   -5.0000
(0,0) -505.0000
(1,0) -505.0000
(2,0) -505.0000
(3,0) -505.0000
(4,0) -505.0000
(5,0) -505.0000

--- Discounted Whittle Indices (beta=0.9) ---
              VI         PI    Package
(0,1) 135.076210 135.076210 135.076205
(1,1) 245.701045 245.701045 245.701043
(2,1) 278.177559 278.177559 278.177559
(3,1) 318.782106 318.782106 318.782109
(4,1) 347.575486 347.575486 347.575481
(5,1) 364.318490 364.318490 364.318482
(0,0) -30.357152 -30.357152 -30.357153
(1,0)  56.963250  56.963250  56.963250
(2,0)  86.364321  86.364321  86.364322
(3,0) 108.945407 108.945407 108.945410
(4,0) 117.730018 117.730018 117.730017
(5,0) 121.068586 121.068586 121.068585

Discounted monotonicity (closed-form): FAIL
Monotonicity broken: (1,1) (245.7010) >= (0,1) (135.0762)

Discounted indexability verification: FAIL
Discounted verification FAILED: first errors:
W=135.076209, (0,1): active but Q0 > Q1
W=135.076210, (0,1): active but Q0 > Q1
W=364.318490, (5,1): active but Q0 > Q1

--- Average-Cost Whittle Indices ---
             RVI         PI    Package
(0,1) 149.149873 149.148149        NaN
(1,1) 258.123306 258.123306        NaN
(2,1) 283.714200 283.714200        NaN
(3,1) 316.886976 316.886976        NaN
(4,1) 339.858279 339.858279        NaN
(5,1) 352.946327 352.946327        NaN
(0,0)  19.642847  19.642847  19.642847
(1,0) 104.953877 104.953877 104.953877
(2,0) 130.696563 130.696563 130.696563
(3,0) 145.933008 145.933008 145.933008
(4,0) 148.934569 148.934569 148.934569
(5,0) 149.134455 149.148149 149.148149

Average-cost monotonicity (RVI): FAIL
Monotonicity broken: (1,1) (258.1233) >= (0,1) (149.1499)

Average-cost indexability verification: FAIL
Average-cost verification FAILED: first errors:
W=149.134456, (0,0): passive but Q1 > Q0
W=149.134456, (1,0): passive but Q1 > Q0
W=149.134456, (1,0): h+g != Q0
W=149.134456, (2,0): passive but Q1 > Q0
W=149.134456, (3,0): passive but Q1 > Q0
W=149.134456, (4,0): passive but Q1 > Q0
W=149.134456, (5,0): passive but Q1 > Q0
W=149.149872, (0,1): active but Q0 > Q1
W=149.149872, (1,1): active but Q0 > Q1
W=149.149872, (2,1): active but Q0 > Q1

================================================================================
INSTANCE 32
================================================================================
C=5.0, K=500.0, C_switch=500.0, beta=0.95
Survival probabilities: [0.9507, 0.732 , 0.5987, 0.3745, 0.156 , 0.    ]
--------------------------------------------------------------------------------

Passive transition matrix:
         (0,1)    (1,1)    (2,1)    (3,1)    (4,1)    (5,1)    (0,0)    (1,0)    (2,0)    (3,0)    (4,0)    (5,0)
(0,1) 0.000000 0.000000 0.000000 0.000000 0.000000 0.000000 0.049286 0.950714 0.000000 0.000000 0.000000 0.000000
(1,1) 0.000000 0.000000 0.000000 0.000000 0.000000 0.000000 0.268006 0.000000 0.731994 0.000000 0.000000 0.000000
(2,1) 0.000000 0.000000 0.000000 0.000000 0.000000 0.000000 0.401342 0.000000 0.000000 0.598658 0.000000 0.000000
(3,1) 0.000000 0.000000 0.000000 0.000000 0.000000 0.000000 0.625460 0.000000 0.000000 0.000000 0.374540 0.000000
(4,1) 0.000000 0.000000 0.000000 0.000000 0.000000 0.000000 0.843981 0.000000 0.000000 0.000000 0.000000 0.156019
(5,1) 0.000000 0.000000 0.000000 0.000000 0.000000 0.000000 1.000000 0.000000 0.000000 0.000000 0.000000 0.000000
(0,0) 0.000000 0.000000 0.000000 0.000000 0.000000 0.000000 0.049286 0.950714 0.000000 0.000000 0.000000 0.000000
(1,0) 0.000000 0.000000 0.000000 0.000000 0.000000 0.000000 0.268006 0.000000 0.731994 0.000000 0.000000 0.000000
(2,0) 0.000000 0.000000 0.000000 0.000000 0.000000 0.000000 0.401342 0.000000 0.000000 0.598658 0.000000 0.000000
(3,0) 0.000000 0.000000 0.000000 0.000000 0.000000 0.000000 0.625460 0.000000 0.000000 0.000000 0.374540 0.000000
(4,0) 0.000000 0.000000 0.000000 0.000000 0.000000 0.000000 0.843981 0.000000 0.000000 0.000000 0.000000 0.156019
(5,0) 0.000000 0.000000 0.000000 0.000000 0.000000 0.000000 1.000000 0.000000 0.000000 0.000000 0.000000 0.000000

Passive reward vector:
        Passive
(0,1)  -24.6428
(1,1) -134.0030
(2,1) -200.6708
(3,1) -312.7299
(4,1) -421.9907
(5,1) -500.0000
(0,0)  -24.6428
(1,0) -134.0030
(2,0) -200.6708
(3,0) -312.7299
(4,0) -421.9907
(5,0) -500.0000

Active transition matrix:
         (0,1)    (1,1)    (2,1)    (3,1)    (4,1)    (5,1)    (0,0)    (1,0)    (2,0)    (3,0)    (4,0)    (5,0)
(0,1) 1.000000 0.000000 0.000000 0.000000 0.000000 0.000000 0.000000 0.000000 0.000000 0.000000 0.000000 0.000000
(1,1) 0.800000 0.200000 0.000000 0.000000 0.000000 0.000000 0.000000 0.000000 0.000000 0.000000 0.000000 0.000000
(2,1) 0.533333 0.266667 0.200000 0.000000 0.000000 0.000000 0.000000 0.000000 0.000000 0.000000 0.000000 0.000000
(3,1) 0.457143 0.228571 0.114286 0.200000 0.000000 0.000000 0.000000 0.000000 0.000000 0.000000 0.000000 0.000000
(4,1) 0.426667 0.213333 0.106667 0.053333 0.200000 0.000000 0.000000 0.000000 0.000000 0.000000 0.000000 0.000000
(5,1) 0.412903 0.206452 0.103226 0.051613 0.025806 0.200000 0.000000 0.000000 0.000000 0.000000 0.000000 0.000000
(0,0) 1.000000 0.000000 0.000000 0.000000 0.000000 0.000000 0.000000 0.000000 0.000000 0.000000 0.000000 0.000000
(1,0) 0.800000 0.200000 0.000000 0.000000 0.000000 0.000000 0.000000 0.000000 0.000000 0.000000 0.000000 0.000000
(2,0) 0.533333 0.266667 0.200000 0.000000 0.000000 0.000000 0.000000 0.000000 0.000000 0.000000 0.000000 0.000000
(3,0) 0.457143 0.228571 0.114286 0.200000 0.000000 0.000000 0.000000 0.000000 0.000000 0.000000 0.000000 0.000000
(4,0) 0.426667 0.213333 0.106667 0.053333 0.200000 0.000000 0.000000 0.000000 0.000000 0.000000 0.000000 0.000000
(5,0) 0.412903 0.206452 0.103226 0.051613 0.025806 0.200000 0.000000 0.000000 0.000000 0.000000 0.000000 0.000000

Active reward vector:
         Active
(0,1)   -5.0000
(1,1)   -5.0000
(2,1)   -5.0000
(3,1)   -5.0000
(4,1)   -5.0000
(5,1)   -5.0000
(0,0) -505.0000
(1,0) -505.0000
(2,0) -505.0000
(3,0) -505.0000
(4,0) -505.0000
(5,0) -505.0000

--- Discounted Whittle Indices (beta=0.95) ---
              VI         PI    Package
(0,1) 142.135434 142.135434 142.135428
(1,1) 251.990765 251.990765 251.990768
(2,1) 281.049713 281.049713 281.049712
(3,1) 317.881197 317.881197 317.881200
(4,1) 343.680456 343.680456 343.680459
(5,1) 358.530596 358.530596 358.530596
(0,0)  -5.357146  -5.357146  -5.357153
(1,0)  80.949470  80.949470  80.949467
(2,0) 108.502761 108.502761 108.502759
(3,0) 127.325378 127.325378 127.325380
(4,0) 133.093368 133.093368 133.093369
(5,0) 134.778657 134.778657 134.778657

Discounted monotonicity (closed-form): FAIL
Monotonicity broken: (1,1) (251.9908) >= (0,1) (142.1354)

Discounted indexability verification: FAIL
Discounted verification FAILED: first errors:
W=142.135433, (0,1): active but Q0 > Q1
W=142.135434, (0,1): active but Q0 > Q1

--- Average-Cost Whittle Indices ---
             RVI         PI    Package
(0,1) 149.149873 149.148149        NaN
(1,1) 258.123306 258.123306        NaN
(2,1) 283.714200 283.714200        NaN
(3,1) 316.886976 316.886976        NaN
(4,1) 339.858279 339.858279        NaN
(5,1) 352.946327 352.946327        NaN
(0,0)  19.642847  19.642847  19.642847
(1,0) 104.953877 104.953877 104.953877
(2,0) 130.696563 130.696563 130.696563
(3,0) 145.933008 145.933008 145.933008
(4,0) 148.934569 148.934569 148.934569
(5,0) 149.134455 149.148149 149.148149

Average-cost monotonicity (RVI): FAIL
Monotonicity broken: (1,1) (258.1233) >= (0,1) (149.1499)

Average-cost indexability verification: FAIL
Average-cost verification FAILED: first errors:
W=149.134456, (0,0): passive but Q1 > Q0
W=149.134456, (1,0): passive but Q1 > Q0
W=149.134456, (1,0): h+g != Q0
W=149.134456, (2,0): passive but Q1 > Q0
W=149.134456, (3,0): passive but Q1 > Q0
W=149.134456, (4,0): passive but Q1 > Q0
W=149.134456, (5,0): passive but Q1 > Q0
W=149.149872, (0,1): active but Q0 > Q1
W=149.149872, (1,1): active but Q0 > Q1
W=149.149872, (2,1): active but Q0 > Q1

================================================================================
INSTANCE 33
================================================================================
C=5.0, K=500.0, C_switch=500.0, beta=0.9999
Survival probabilities: [0.9507, 0.732 , 0.5987, 0.3745, 0.156 , 0.    ]
--------------------------------------------------------------------------------

Passive transition matrix:
         (0,1)    (1,1)    (2,1)    (3,1)    (4,1)    (5,1)    (0,0)    (1,0)    (2,0)    (3,0)    (4,0)    (5,0)
(0,1) 0.000000 0.000000 0.000000 0.000000 0.000000 0.000000 0.049286 0.950714 0.000000 0.000000 0.000000 0.000000
(1,1) 0.000000 0.000000 0.000000 0.000000 0.000000 0.000000 0.268006 0.000000 0.731994 0.000000 0.000000 0.000000
(2,1) 0.000000 0.000000 0.000000 0.000000 0.000000 0.000000 0.401342 0.000000 0.000000 0.598658 0.000000 0.000000
(3,1) 0.000000 0.000000 0.000000 0.000000 0.000000 0.000000 0.625460 0.000000 0.000000 0.000000 0.374540 0.000000
(4,1) 0.000000 0.000000 0.000000 0.000000 0.000000 0.000000 0.843981 0.000000 0.000000 0.000000 0.000000 0.156019
(5,1) 0.000000 0.000000 0.000000 0.000000 0.000000 0.000000 1.000000 0.000000 0.000000 0.000000 0.000000 0.000000
(0,0) 0.000000 0.000000 0.000000 0.000000 0.000000 0.000000 0.049286 0.950714 0.000000 0.000000 0.000000 0.000000
(1,0) 0.000000 0.000000 0.000000 0.000000 0.000000 0.000000 0.268006 0.000000 0.731994 0.000000 0.000000 0.000000
(2,0) 0.000000 0.000000 0.000000 0.000000 0.000000 0.000000 0.401342 0.000000 0.000000 0.598658 0.000000 0.000000
(3,0) 0.000000 0.000000 0.000000 0.000000 0.000000 0.000000 0.625460 0.000000 0.000000 0.000000 0.374540 0.000000
(4,0) 0.000000 0.000000 0.000000 0.000000 0.000000 0.000000 0.843981 0.000000 0.000000 0.000000 0.000000 0.156019
(5,0) 0.000000 0.000000 0.000000 0.000000 0.000000 0.000000 1.000000 0.000000 0.000000 0.000000 0.000000 0.000000

Passive reward vector:
        Passive
(0,1)  -24.6428
(1,1) -134.0030
(2,1) -200.6708
(3,1) -312.7299
(4,1) -421.9907
(5,1) -500.0000
(0,0)  -24.6428
(1,0) -134.0030
(2,0) -200.6708
(3,0) -312.7299
(4,0) -421.9907
(5,0) -500.0000

Active transition matrix:
         (0,1)    (1,1)    (2,1)    (3,1)    (4,1)    (5,1)    (0,0)    (1,0)    (2,0)    (3,0)    (4,0)    (5,0)
(0,1) 1.000000 0.000000 0.000000 0.000000 0.000000 0.000000 0.000000 0.000000 0.000000 0.000000 0.000000 0.000000
(1,1) 0.800000 0.200000 0.000000 0.000000 0.000000 0.000000 0.000000 0.000000 0.000000 0.000000 0.000000 0.000000
(2,1) 0.533333 0.266667 0.200000 0.000000 0.000000 0.000000 0.000000 0.000000 0.000000 0.000000 0.000000 0.000000
(3,1) 0.457143 0.228571 0.114286 0.200000 0.000000 0.000000 0.000000 0.000000 0.000000 0.000000 0.000000 0.000000
(4,1) 0.426667 0.213333 0.106667 0.053333 0.200000 0.000000 0.000000 0.000000 0.000000 0.000000 0.000000 0.000000
(5,1) 0.412903 0.206452 0.103226 0.051613 0.025806 0.200000 0.000000 0.000000 0.000000 0.000000 0.000000 0.000000
(0,0) 1.000000 0.000000 0.000000 0.000000 0.000000 0.000000 0.000000 0.000000 0.000000 0.000000 0.000000 0.000000
(1,0) 0.800000 0.200000 0.000000 0.000000 0.000000 0.000000 0.000000 0.000000 0.000000 0.000000 0.000000 0.000000
(2,0) 0.533333 0.266667 0.200000 0.000000 0.000000 0.000000 0.000000 0.000000 0.000000 0.000000 0.000000 0.000000
(3,0) 0.457143 0.228571 0.114286 0.200000 0.000000 0.000000 0.000000 0.000000 0.000000 0.000000 0.000000 0.000000
(4,0) 0.426667 0.213333 0.106667 0.053333 0.200000 0.000000 0.000000 0.000000 0.000000 0.000000 0.000000 0.000000
(5,0) 0.412903 0.206452 0.103226 0.051613 0.025806 0.200000 0.000000 0.000000 0.000000 0.000000 0.000000 0.000000

Active reward vector:
         Active
(0,1)   -5.0000
(1,1)   -5.0000
(2,1)   -5.0000
(3,1)   -5.0000
(4,1)   -5.0000
(5,1)   -5.0000
(0,0) -505.0000
(1,0) -505.0000
(2,0) -505.0000
(3,0) -505.0000
(4,0) -505.0000
(5,0) -505.0000

--- Discounted Whittle Indices (beta=0.9999) ---
              VI         PI    Package
(0,1) 149.135183 149.134189 149.134180
(1,1) 258.111209 258.111209 258.111206
(2,1) 283.709079 283.709079 283.709075
(3,1) 316.889048 316.889048 316.889049
(4,1) 339.865848 339.865848 339.865846
(5,1) 352.957293 352.957293 352.957292
(0,0)  19.592851  19.592851  19.592847
(1,0) 104.905844 104.905844 104.905850
(2,0) 130.652122 130.652122 130.652120
(3,0) 145.895563 145.895563 145.895565
(4,0) 148.902416 148.902416 148.902416
(5,0) 149.110798 149.118767 149.118767

Discounted monotonicity (closed-form): FAIL
Monotonicity broken: (1,1) (258.1112) >= (0,1) (149.1352)

Discounted indexability verification: FAIL
Discounted verification FAILED: first errors:
W=145.895564, (3,0): passive but Q1 > Q0
W=149.110799, (3,0): passive but Q1 > Q0
W=149.110799, (4,0): passive but Q1 > Q0
W=149.110799, (5,0): passive but Q1 > Q0
W=149.135182, (0,1): active but Q0 > Q1
W=149.135183, (0,1): active but Q0 > Q1

--- Average-Cost Whittle Indices ---
             RVI         PI    Package
(0,1) 149.149873 149.148149        NaN
(1,1) 258.123306 258.123306        NaN
(2,1) 283.714200 283.714200        NaN
(3,1) 316.886976 316.886976        NaN
(4,1) 339.858279 339.858279        NaN
(5,1) 352.946327 352.946327        NaN
(0,0)  19.642847  19.642847  19.642847
(1,0) 104.953877 104.953877 104.953877
(2,0) 130.696563 130.696563 130.696563
(3,0) 145.933008 145.933008 145.933008
(4,0) 148.934569 148.934569 148.934569
(5,0) 149.134455 149.148149 149.148149

Average-cost monotonicity (RVI): FAIL
Monotonicity broken: (1,1) (258.1233) >= (0,1) (149.1499)

Average-cost indexability verification: FAIL
Average-cost verification FAILED: first errors:
W=149.134456, (0,0): passive but Q1 > Q0
W=149.134456, (1,0): passive but Q1 > Q0
W=149.134456, (1,0): h+g != Q0
W=149.134456, (2,0): passive but Q1 > Q0
W=149.134456, (3,0): passive but Q1 > Q0
W=149.134456, (4,0): passive but Q1 > Q0
W=149.134456, (5,0): passive but Q1 > Q0
W=149.149872, (0,1): active but Q0 > Q1
W=149.149872, (1,1): active but Q0 > Q1
W=149.149872, (2,1): active but Q0 > Q1

================================================================================
INSTANCE 34
================================================================================
C=5.0, K=500.0, C_switch=800.0, beta=0.9
Survival probabilities: [0.9507, 0.732 , 0.5987, 0.3745, 0.156 , 0.    ]
--------------------------------------------------------------------------------

Passive transition matrix:
         (0,1)    (1,1)    (2,1)    (3,1)    (4,1)    (5,1)    (0,0)    (1,0)    (2,0)    (3,0)    (4,0)    (5,0)
(0,1) 0.000000 0.000000 0.000000 0.000000 0.000000 0.000000 0.049286 0.950714 0.000000 0.000000 0.000000 0.000000
(1,1) 0.000000 0.000000 0.000000 0.000000 0.000000 0.000000 0.268006 0.000000 0.731994 0.000000 0.000000 0.000000
(2,1) 0.000000 0.000000 0.000000 0.000000 0.000000 0.000000 0.401342 0.000000 0.000000 0.598658 0.000000 0.000000
(3,1) 0.000000 0.000000 0.000000 0.000000 0.000000 0.000000 0.625460 0.000000 0.000000 0.000000 0.374540 0.000000
(4,1) 0.000000 0.000000 0.000000 0.000000 0.000000 0.000000 0.843981 0.000000 0.000000 0.000000 0.000000 0.156019
(5,1) 0.000000 0.000000 0.000000 0.000000 0.000000 0.000000 1.000000 0.000000 0.000000 0.000000 0.000000 0.000000
(0,0) 0.000000 0.000000 0.000000 0.000000 0.000000 0.000000 0.049286 0.950714 0.000000 0.000000 0.000000 0.000000
(1,0) 0.000000 0.000000 0.000000 0.000000 0.000000 0.000000 0.268006 0.000000 0.731994 0.000000 0.000000 0.000000
(2,0) 0.000000 0.000000 0.000000 0.000000 0.000000 0.000000 0.401342 0.000000 0.000000 0.598658 0.000000 0.000000
(3,0) 0.000000 0.000000 0.000000 0.000000 0.000000 0.000000 0.625460 0.000000 0.000000 0.000000 0.374540 0.000000
(4,0) 0.000000 0.000000 0.000000 0.000000 0.000000 0.000000 0.843981 0.000000 0.000000 0.000000 0.000000 0.156019
(5,0) 0.000000 0.000000 0.000000 0.000000 0.000000 0.000000 1.000000 0.000000 0.000000 0.000000 0.000000 0.000000

Passive reward vector:
        Passive
(0,1)  -24.6428
(1,1) -134.0030
(2,1) -200.6708
(3,1) -312.7299
(4,1) -421.9907
(5,1) -500.0000
(0,0)  -24.6428
(1,0) -134.0030
(2,0) -200.6708
(3,0) -312.7299
(4,0) -421.9907
(5,0) -500.0000

Active transition matrix:
         (0,1)    (1,1)    (2,1)    (3,1)    (4,1)    (5,1)    (0,0)    (1,0)    (2,0)    (3,0)    (4,0)    (5,0)
(0,1) 1.000000 0.000000 0.000000 0.000000 0.000000 0.000000 0.000000 0.000000 0.000000 0.000000 0.000000 0.000000
(1,1) 0.800000 0.200000 0.000000 0.000000 0.000000 0.000000 0.000000 0.000000 0.000000 0.000000 0.000000 0.000000
(2,1) 0.533333 0.266667 0.200000 0.000000 0.000000 0.000000 0.000000 0.000000 0.000000 0.000000 0.000000 0.000000
(3,1) 0.457143 0.228571 0.114286 0.200000 0.000000 0.000000 0.000000 0.000000 0.000000 0.000000 0.000000 0.000000
(4,1) 0.426667 0.213333 0.106667 0.053333 0.200000 0.000000 0.000000 0.000000 0.000000 0.000000 0.000000 0.000000
(5,1) 0.412903 0.206452 0.103226 0.051613 0.025806 0.200000 0.000000 0.000000 0.000000 0.000000 0.000000 0.000000
(0,0) 1.000000 0.000000 0.000000 0.000000 0.000000 0.000000 0.000000 0.000000 0.000000 0.000000 0.000000 0.000000
(1,0) 0.800000 0.200000 0.000000 0.000000 0.000000 0.000000 0.000000 0.000000 0.000000 0.000000 0.000000 0.000000
(2,0) 0.533333 0.266667 0.200000 0.000000 0.000000 0.000000 0.000000 0.000000 0.000000 0.000000 0.000000 0.000000
(3,0) 0.457143 0.228571 0.114286 0.200000 0.000000 0.000000 0.000000 0.000000 0.000000 0.000000 0.000000 0.000000
(4,0) 0.426667 0.213333 0.106667 0.053333 0.200000 0.000000 0.000000 0.000000 0.000000 0.000000 0.000000 0.000000
(5,0) 0.412903 0.206452 0.103226 0.051613 0.025806 0.200000 0.000000 0.000000 0.000000 0.000000 0.000000 0.000000

Active reward vector:
         Active
(0,1)   -5.0000
(1,1)   -5.0000
(2,1)   -5.0000
(3,1)   -5.0000
(4,1)   -5.0000
(5,1)   -5.0000
(0,0) -805.0000
(1,0) -805.0000
(2,0) -805.0000
(3,0) -805.0000
(4,0) -805.0000
(5,0) -805.0000

--- Discounted Whittle Indices (beta=0.9) ---
              VI         PI    Package
(0,1) 135.076210 135.076210 135.076205
(1,1) 245.701045 245.701045 245.701043
(2,1) 278.177559 278.177559 278.177559
(3,1) 318.782106 318.782106 318.782109
(4,1) 347.575486 347.575486 347.575481
(5,1) 364.318490 364.318490 364.318482
(0,0) -60.357153 -60.357153 -60.357153
(1,0)  26.963249  26.963249  26.963250
(2,0)  56.364320  56.364320  56.364322
(3,0)  78.945410  78.945410  78.945410
(4,0)  87.730017  87.730017  87.730017
(5,0)  91.068584  91.068584  91.068585

Discounted monotonicity (closed-form): FAIL
Monotonicity broken: (1,1) (245.7010) >= (0,1) (135.0762)

Discounted indexability verification: FAIL
Discounted verification FAILED: first errors:
W=135.076209, (0,1): active but Q0 > Q1
W=135.076210, (0,1): active but Q0 > Q1
W=364.318490, (5,1): active but Q0 > Q1

--- Average-Cost Whittle Indices ---
             RVI         PI    Package
(0,1) 149.149873 149.148149        NaN
(1,1) 258.123306 258.123306        NaN
(2,1) 283.714200 283.714200        NaN
(3,1) 316.886976 316.886976        NaN
(4,1) 339.858279 339.858279        NaN
(5,1) 352.946327 352.946327        NaN
(0,0)  19.642847  19.642847  19.642847
(1,0) 104.953877 104.953877 104.953877
(2,0) 130.696563 130.696563 130.696563
(3,0) 145.933008 145.933008 145.933008
(4,0) 148.934569 148.934569 148.934569
(5,0) 149.104449 149.148149 149.148149

Average-cost monotonicity (RVI): FAIL
Monotonicity broken: (1,1) (258.1233) >= (0,1) (149.1499)

Average-cost indexability verification: FAIL
Average-cost verification FAILED: first errors:
W=149.104450, (0,0): passive but Q1 > Q0
W=149.104450, (1,0): passive but Q1 > Q0
W=149.104450, (2,0): passive but Q1 > Q0
W=149.104450, (2,0): h+g != Q0
W=149.104450, (3,0): passive but Q1 > Q0
W=149.104450, (4,0): passive but Q1 > Q0
W=149.104450, (5,0): passive but Q1 > Q0
W=149.149872, (0,1): active but Q0 > Q1
W=149.149872, (1,1): active but Q0 > Q1
W=149.149872, (2,1): active but Q0 > Q1

================================================================================
INSTANCE 35
================================================================================
C=5.0, K=500.0, C_switch=800.0, beta=0.95
Survival probabilities: [0.9507, 0.732 , 0.5987, 0.3745, 0.156 , 0.    ]
--------------------------------------------------------------------------------

Passive transition matrix:
         (0,1)    (1,1)    (2,1)    (3,1)    (4,1)    (5,1)    (0,0)    (1,0)    (2,0)    (3,0)    (4,0)    (5,0)
(0,1) 0.000000 0.000000 0.000000 0.000000 0.000000 0.000000 0.049286 0.950714 0.000000 0.000000 0.000000 0.000000
(1,1) 0.000000 0.000000 0.000000 0.000000 0.000000 0.000000 0.268006 0.000000 0.731994 0.000000 0.000000 0.000000
(2,1) 0.000000 0.000000 0.000000 0.000000 0.000000 0.000000 0.401342 0.000000 0.000000 0.598658 0.000000 0.000000
(3,1) 0.000000 0.000000 0.000000 0.000000 0.000000 0.000000 0.625460 0.000000 0.000000 0.000000 0.374540 0.000000
(4,1) 0.000000 0.000000 0.000000 0.000000 0.000000 0.000000 0.843981 0.000000 0.000000 0.000000 0.000000 0.156019
(5,1) 0.000000 0.000000 0.000000 0.000000 0.000000 0.000000 1.000000 0.000000 0.000000 0.000000 0.000000 0.000000
(0,0) 0.000000 0.000000 0.000000 0.000000 0.000000 0.000000 0.049286 0.950714 0.000000 0.000000 0.000000 0.000000
(1,0) 0.000000 0.000000 0.000000 0.000000 0.000000 0.000000 0.268006 0.000000 0.731994 0.000000 0.000000 0.000000
(2,0) 0.000000 0.000000 0.000000 0.000000 0.000000 0.000000 0.401342 0.000000 0.000000 0.598658 0.000000 0.000000
(3,0) 0.000000 0.000000 0.000000 0.000000 0.000000 0.000000 0.625460 0.000000 0.000000 0.000000 0.374540 0.000000
(4,0) 0.000000 0.000000 0.000000 0.000000 0.000000 0.000000 0.843981 0.000000 0.000000 0.000000 0.000000 0.156019
(5,0) 0.000000 0.000000 0.000000 0.000000 0.000000 0.000000 1.000000 0.000000 0.000000 0.000000 0.000000 0.000000

Passive reward vector:
        Passive
(0,1)  -24.6428
(1,1) -134.0030
(2,1) -200.6708
(3,1) -312.7299
(4,1) -421.9907
(5,1) -500.0000
(0,0)  -24.6428
(1,0) -134.0030
(2,0) -200.6708
(3,0) -312.7299
(4,0) -421.9907
(5,0) -500.0000

Active transition matrix:
         (0,1)    (1,1)    (2,1)    (3,1)    (4,1)    (5,1)    (0,0)    (1,0)    (2,0)    (3,0)    (4,0)    (5,0)
(0,1) 1.000000 0.000000 0.000000 0.000000 0.000000 0.000000 0.000000 0.000000 0.000000 0.000000 0.000000 0.000000
(1,1) 0.800000 0.200000 0.000000 0.000000 0.000000 0.000000 0.000000 0.000000 0.000000 0.000000 0.000000 0.000000
(2,1) 0.533333 0.266667 0.200000 0.000000 0.000000 0.000000 0.000000 0.000000 0.000000 0.000000 0.000000 0.000000
(3,1) 0.457143 0.228571 0.114286 0.200000 0.000000 0.000000 0.000000 0.000000 0.000000 0.000000 0.000000 0.000000
(4,1) 0.426667 0.213333 0.106667 0.053333 0.200000 0.000000 0.000000 0.000000 0.000000 0.000000 0.000000 0.000000
(5,1) 0.412903 0.206452 0.103226 0.051613 0.025806 0.200000 0.000000 0.000000 0.000000 0.000000 0.000000 0.000000
(0,0) 1.000000 0.000000 0.000000 0.000000 0.000000 0.000000 0.000000 0.000000 0.000000 0.000000 0.000000 0.000000
(1,0) 0.800000 0.200000 0.000000 0.000000 0.000000 0.000000 0.000000 0.000000 0.000000 0.000000 0.000000 0.000000
(2,0) 0.533333 0.266667 0.200000 0.000000 0.000000 0.000000 0.000000 0.000000 0.000000 0.000000 0.000000 0.000000
(3,0) 0.457143 0.228571 0.114286 0.200000 0.000000 0.000000 0.000000 0.000000 0.000000 0.000000 0.000000 0.000000
(4,0) 0.426667 0.213333 0.106667 0.053333 0.200000 0.000000 0.000000 0.000000 0.000000 0.000000 0.000000 0.000000
(5,0) 0.412903 0.206452 0.103226 0.051613 0.025806 0.200000 0.000000 0.000000 0.000000 0.000000 0.000000 0.000000

Active reward vector:
         Active
(0,1)   -5.0000
(1,1)   -5.0000
(2,1)   -5.0000
(3,1)   -5.0000
(4,1)   -5.0000
(5,1)   -5.0000
(0,0) -805.0000
(1,0) -805.0000
(2,0) -805.0000
(3,0) -805.0000
(4,0) -805.0000
(5,0) -805.0000

--- Discounted Whittle Indices (beta=0.95) ---
              VI         PI    Package
(0,1) 142.135434 142.135434 142.135428
(1,1) 251.990765 251.990765 251.990768
(2,1) 281.049713 281.049713 281.049712
(3,1) 317.881197 317.881197 317.881200
(4,1) 343.680456 343.680456 343.680459
(5,1) 358.530596 358.530596 358.530596
(0,0) -20.357162 -20.357162 -20.357153
(1,0)  65.949470  65.949470  65.949467
(2,0)  93.502760  93.502760  93.502759
(3,0) 112.325378 112.325378 112.325380
(4,0) 118.093370 118.093370 118.093369
(5,0) 119.778656 119.778656 119.778657

Discounted monotonicity (closed-form): FAIL
Monotonicity broken: (1,1) (251.9908) >= (0,1) (142.1354)

Discounted indexability verification: FAIL
Discounted verification FAILED: first errors:
W=142.135433, (0,1): active but Q0 > Q1
W=142.135434, (0,1): active but Q0 > Q1

--- Average-Cost Whittle Indices ---
             RVI         PI    Package
(0,1) 149.149873 149.148149        NaN
(1,1) 258.123306 258.123306        NaN
(2,1) 283.714200 283.714200        NaN
(3,1) 316.886976 316.886976        NaN
(4,1) 339.858279 339.858279        NaN
(5,1) 352.946327 352.946327        NaN
(0,0)  19.642847  19.642847  19.642847
(1,0) 104.953877 104.953877 104.953877
(2,0) 130.696563 130.696563 130.696563
(3,0) 145.933008 145.933008 145.933008
(4,0) 148.934569 148.934569 148.934569
(5,0) 149.104449 149.148149 149.148149

Average-cost monotonicity (RVI): FAIL
Monotonicity broken: (1,1) (258.1233) >= (0,1) (149.1499)

Average-cost indexability verification: FAIL
Average-cost verification FAILED: first errors:
W=149.104450, (0,0): passive but Q1 > Q0
W=149.104450, (1,0): passive but Q1 > Q0
W=149.104450, (2,0): passive but Q1 > Q0
W=149.104450, (2,0): h+g != Q0
W=149.104450, (3,0): passive but Q1 > Q0
W=149.104450, (4,0): passive but Q1 > Q0
W=149.104450, (5,0): passive but Q1 > Q0
W=149.149872, (0,1): active but Q0 > Q1
W=149.149872, (1,1): active but Q0 > Q1
W=149.149872, (2,1): active but Q0 > Q1

================================================================================
INSTANCE 36
================================================================================
C=5.0, K=500.0, C_switch=800.0, beta=0.9999
Survival probabilities: [0.9507, 0.732 , 0.5987, 0.3745, 0.156 , 0.    ]
--------------------------------------------------------------------------------

Passive transition matrix:
         (0,1)    (1,1)    (2,1)    (3,1)    (4,1)    (5,1)    (0,0)    (1,0)    (2,0)    (3,0)    (4,0)    (5,0)
(0,1) 0.000000 0.000000 0.000000 0.000000 0.000000 0.000000 0.049286 0.950714 0.000000 0.000000 0.000000 0.000000
(1,1) 0.000000 0.000000 0.000000 0.000000 0.000000 0.000000 0.268006 0.000000 0.731994 0.000000 0.000000 0.000000
(2,1) 0.000000 0.000000 0.000000 0.000000 0.000000 0.000000 0.401342 0.000000 0.000000 0.598658 0.000000 0.000000
(3,1) 0.000000 0.000000 0.000000 0.000000 0.000000 0.000000 0.625460 0.000000 0.000000 0.000000 0.374540 0.000000
(4,1) 0.000000 0.000000 0.000000 0.000000 0.000000 0.000000 0.843981 0.000000 0.000000 0.000000 0.000000 0.156019
(5,1) 0.000000 0.000000 0.000000 0.000000 0.000000 0.000000 1.000000 0.000000 0.000000 0.000000 0.000000 0.000000
(0,0) 0.000000 0.000000 0.000000 0.000000 0.000000 0.000000 0.049286 0.950714 0.000000 0.000000 0.000000 0.000000
(1,0) 0.000000 0.000000 0.000000 0.000000 0.000000 0.000000 0.268006 0.000000 0.731994 0.000000 0.000000 0.000000
(2,0) 0.000000 0.000000 0.000000 0.000000 0.000000 0.000000 0.401342 0.000000 0.000000 0.598658 0.000000 0.000000
(3,0) 0.000000 0.000000 0.000000 0.000000 0.000000 0.000000 0.625460 0.000000 0.000000 0.000000 0.374540 0.000000
(4,0) 0.000000 0.000000 0.000000 0.000000 0.000000 0.000000 0.843981 0.000000 0.000000 0.000000 0.000000 0.156019
(5,0) 0.000000 0.000000 0.000000 0.000000 0.000000 0.000000 1.000000 0.000000 0.000000 0.000000 0.000000 0.000000

Passive reward vector:
        Passive
(0,1)  -24.6428
(1,1) -134.0030
(2,1) -200.6708
(3,1) -312.7299
(4,1) -421.9907
(5,1) -500.0000
(0,0)  -24.6428
(1,0) -134.0030
(2,0) -200.6708
(3,0) -312.7299
(4,0) -421.9907
(5,0) -500.0000

Active transition matrix:
         (0,1)    (1,1)    (2,1)    (3,1)    (4,1)    (5,1)    (0,0)    (1,0)    (2,0)    (3,0)    (4,0)    (5,0)
(0,1) 1.000000 0.000000 0.000000 0.000000 0.000000 0.000000 0.000000 0.000000 0.000000 0.000000 0.000000 0.000000
(1,1) 0.800000 0.200000 0.000000 0.000000 0.000000 0.000000 0.000000 0.000000 0.000000 0.000000 0.000000 0.000000
(2,1) 0.533333 0.266667 0.200000 0.000000 0.000000 0.000000 0.000000 0.000000 0.000000 0.000000 0.000000 0.000000
(3,1) 0.457143 0.228571 0.114286 0.200000 0.000000 0.000000 0.000000 0.000000 0.000000 0.000000 0.000000 0.000000
(4,1) 0.426667 0.213333 0.106667 0.053333 0.200000 0.000000 0.000000 0.000000 0.000000 0.000000 0.000000 0.000000
(5,1) 0.412903 0.206452 0.103226 0.051613 0.025806 0.200000 0.000000 0.000000 0.000000 0.000000 0.000000 0.000000
(0,0) 1.000000 0.000000 0.000000 0.000000 0.000000 0.000000 0.000000 0.000000 0.000000 0.000000 0.000000 0.000000
(1,0) 0.800000 0.200000 0.000000 0.000000 0.000000 0.000000 0.000000 0.000000 0.000000 0.000000 0.000000 0.000000
(2,0) 0.533333 0.266667 0.200000 0.000000 0.000000 0.000000 0.000000 0.000000 0.000000 0.000000 0.000000 0.000000
(3,0) 0.457143 0.228571 0.114286 0.200000 0.000000 0.000000 0.000000 0.000000 0.000000 0.000000 0.000000 0.000000
(4,0) 0.426667 0.213333 0.106667 0.053333 0.200000 0.000000 0.000000 0.000000 0.000000 0.000000 0.000000 0.000000
(5,0) 0.412903 0.206452 0.103226 0.051613 0.025806 0.200000 0.000000 0.000000 0.000000 0.000000 0.000000 0.000000

Active reward vector:
         Active
(0,1)   -5.0000
(1,1)   -5.0000
(2,1)   -5.0000
(3,1)   -5.0000
(4,1)   -5.0000
(5,1)   -5.0000
(0,0) -805.0000
(1,0) -805.0000
(2,0) -805.0000
(3,0) -805.0000
(4,0) -805.0000
(5,0) -805.0000

--- Discounted Whittle Indices (beta=0.9999) ---
              VI         PI    Package
(0,1) 149.135183 149.134189 149.134180
(1,1) 258.111209 258.111209 258.111206
(2,1) 283.709079 283.709079 283.709075
(3,1) 316.889048 316.889048 316.889049
(4,1) 339.865848 339.865848 339.865846
(5,1) 352.957293 352.957293 352.957292
(0,0)  19.562840  19.562840  19.562847
(1,0) 104.875848 104.875848 104.875850
(2,0) 130.622119 130.622119 130.622120
(3,0) 145.865563 145.865563 145.865565
(4,0) 148.872416 148.872416 148.872416
(5,0) 149.063334 149.088767 149.088767

Discounted monotonicity (closed-form): FAIL
Monotonicity broken: (1,1) (258.1112) >= (0,1) (149.1352)

Discounted indexability verification: FAIL
Discounted verification FAILED: first errors:
W=149.063335, (1,0): passive but Q1 > Q0
W=149.063335, (2,0): passive but Q1 > Q0
W=149.063335, (3,0): passive but Q1 > Q0
W=149.063335, (4,0): passive but Q1 > Q0
W=149.063335, (5,0): passive but Q1 > Q0
W=149.135182, (0,1): active but Q0 > Q1
W=149.135183, (0,1): active but Q0 > Q1

--- Average-Cost Whittle Indices ---
             RVI         PI    Package
(0,1) 149.149873 149.148149        NaN
(1,1) 258.123306 258.123306        NaN
(2,1) 283.714200 283.714200        NaN
(3,1) 316.886976 316.886976        NaN
(4,1) 339.858279 339.858279        NaN
(5,1) 352.946327 352.946327        NaN
(0,0)  19.642847  19.642847  19.642847
(1,0) 104.953877 104.953877 104.953877
(2,0) 130.696563 130.696563 130.696563
(3,0) 145.933008 145.933008 145.933008
(4,0) 148.934569 148.934569 148.934569
(5,0) 149.104449 149.148149 149.148149

Average-cost monotonicity (RVI): FAIL
Monotonicity broken: (1,1) (258.1233) >= (0,1) (149.1499)

Average-cost indexability verification: FAIL
Average-cost verification FAILED: first errors:
W=149.104450, (0,0): passive but Q1 > Q0
W=149.104450, (1,0): passive but Q1 > Q0
W=149.104450, (2,0): passive but Q1 > Q0
W=149.104450, (2,0): h+g != Q0
W=149.104450, (3,0): passive but Q1 > Q0
W=149.104450, (4,0): passive but Q1 > Q0
W=149.104450, (5,0): passive but Q1 > Q0
W=149.149872, (0,1): active but Q0 > Q1
W=149.149872, (1,1): active but Q0 > Q1
W=149.149872, (2,1): active but Q0 > Q1

================================================================================
INSTANCE 37
================================================================================
C=5.0, K=500.0, C_switch=1000.0, beta=0.9
Survival probabilities: [0.9507, 0.732 , 0.5987, 0.3745, 0.156 , 0.    ]
--------------------------------------------------------------------------------

Passive transition matrix:
         (0,1)    (1,1)    (2,1)    (3,1)    (4,1)    (5,1)    (0,0)    (1,0)    (2,0)    (3,0)    (4,0)    (5,0)
(0,1) 0.000000 0.000000 0.000000 0.000000 0.000000 0.000000 0.049286 0.950714 0.000000 0.000000 0.000000 0.000000
(1,1) 0.000000 0.000000 0.000000 0.000000 0.000000 0.000000 0.268006 0.000000 0.731994 0.000000 0.000000 0.000000
(2,1) 0.000000 0.000000 0.000000 0.000000 0.000000 0.000000 0.401342 0.000000 0.000000 0.598658 0.000000 0.000000
(3,1) 0.000000 0.000000 0.000000 0.000000 0.000000 0.000000 0.625460 0.000000 0.000000 0.000000 0.374540 0.000000
(4,1) 0.000000 0.000000 0.000000 0.000000 0.000000 0.000000 0.843981 0.000000 0.000000 0.000000 0.000000 0.156019
(5,1) 0.000000 0.000000 0.000000 0.000000 0.000000 0.000000 1.000000 0.000000 0.000000 0.000000 0.000000 0.000000
(0,0) 0.000000 0.000000 0.000000 0.000000 0.000000 0.000000 0.049286 0.950714 0.000000 0.000000 0.000000 0.000000
(1,0) 0.000000 0.000000 0.000000 0.000000 0.000000 0.000000 0.268006 0.000000 0.731994 0.000000 0.000000 0.000000
(2,0) 0.000000 0.000000 0.000000 0.000000 0.000000 0.000000 0.401342 0.000000 0.000000 0.598658 0.000000 0.000000
(3,0) 0.000000 0.000000 0.000000 0.000000 0.000000 0.000000 0.625460 0.000000 0.000000 0.000000 0.374540 0.000000
(4,0) 0.000000 0.000000 0.000000 0.000000 0.000000 0.000000 0.843981 0.000000 0.000000 0.000000 0.000000 0.156019
(5,0) 0.000000 0.000000 0.000000 0.000000 0.000000 0.000000 1.000000 0.000000 0.000000 0.000000 0.000000 0.000000

Passive reward vector:
        Passive
(0,1)  -24.6428
(1,1) -134.0030
(2,1) -200.6708
(3,1) -312.7299
(4,1) -421.9907
(5,1) -500.0000
(0,0)  -24.6428
(1,0) -134.0030
(2,0) -200.6708
(3,0) -312.7299
(4,0) -421.9907
(5,0) -500.0000

Active transition matrix:
         (0,1)    (1,1)    (2,1)    (3,1)    (4,1)    (5,1)    (0,0)    (1,0)    (2,0)    (3,0)    (4,0)    (5,0)
(0,1) 1.000000 0.000000 0.000000 0.000000 0.000000 0.000000 0.000000 0.000000 0.000000 0.000000 0.000000 0.000000
(1,1) 0.800000 0.200000 0.000000 0.000000 0.000000 0.000000 0.000000 0.000000 0.000000 0.000000 0.000000 0.000000
(2,1) 0.533333 0.266667 0.200000 0.000000 0.000000 0.000000 0.000000 0.000000 0.000000 0.000000 0.000000 0.000000
(3,1) 0.457143 0.228571 0.114286 0.200000 0.000000 0.000000 0.000000 0.000000 0.000000 0.000000 0.000000 0.000000
(4,1) 0.426667 0.213333 0.106667 0.053333 0.200000 0.000000 0.000000 0.000000 0.000000 0.000000 0.000000 0.000000
(5,1) 0.412903 0.206452 0.103226 0.051613 0.025806 0.200000 0.000000 0.000000 0.000000 0.000000 0.000000 0.000000
(0,0) 1.000000 0.000000 0.000000 0.000000 0.000000 0.000000 0.000000 0.000000 0.000000 0.000000 0.000000 0.000000
(1,0) 0.800000 0.200000 0.000000 0.000000 0.000000 0.000000 0.000000 0.000000 0.000000 0.000000 0.000000 0.000000
(2,0) 0.533333 0.266667 0.200000 0.000000 0.000000 0.000000 0.000000 0.000000 0.000000 0.000000 0.000000 0.000000
(3,0) 0.457143 0.228571 0.114286 0.200000 0.000000 0.000000 0.000000 0.000000 0.000000 0.000000 0.000000 0.000000
(4,0) 0.426667 0.213333 0.106667 0.053333 0.200000 0.000000 0.000000 0.000000 0.000000 0.000000 0.000000 0.000000
(5,0) 0.412903 0.206452 0.103226 0.051613 0.025806 0.200000 0.000000 0.000000 0.000000 0.000000 0.000000 0.000000

Active reward vector:
          Active
(0,1)    -5.0000
(1,1)    -5.0000
(2,1)    -5.0000
(3,1)    -5.0000
(4,1)    -5.0000
(5,1)    -5.0000
(0,0) -1005.0000
(1,0) -1005.0000
(2,0) -1005.0000
(3,0) -1005.0000
(4,0) -1005.0000
(5,0) -1005.0000

--- Discounted Whittle Indices (beta=0.9) ---
              VI         PI    Package
(0,1) 135.076210 135.076210 135.076205
(1,1) 245.701045 245.701045 245.701043
(2,1) 278.177559 278.177559 278.177559
(3,1) 318.782106 318.782106 318.782109
(4,1) 347.575486 347.575486 347.575481
(5,1) 364.318490 364.318490 364.318482
(0,0) -80.357149 -80.357149 -80.357153
(1,0)   6.963253   6.963253   6.963250
(2,0)  36.364317  36.364317  36.364322
(3,0)  58.945410  58.945410  58.945410
(4,0)  67.730017  67.730017  67.730017
(5,0)  71.068585  71.068585  71.068585

Discounted monotonicity (closed-form): FAIL
Monotonicity broken: (1,1) (245.7010) >= (0,1) (135.0762)

Discounted indexability verification: FAIL
Discounted verification FAILED: first errors:
W=36.364318, (2,0): passive but Q1 > Q0
W=135.076209, (0,1): active but Q0 > Q1
W=135.076210, (0,1): active but Q0 > Q1
W=364.318490, (5,1): active but Q0 > Q1

--- Average-Cost Whittle Indices ---
             RVI         PI    Package
(0,1) 149.149873 149.148149        NaN
(1,1) 258.123306 258.123306        NaN
(2,1) 283.714200 283.714200        NaN
(3,1) 316.886976 316.886976        NaN
(4,1) 339.858279 339.858279        NaN
(5,1) 352.946327 352.946327        NaN
(0,0)  19.642847  19.642847  19.642847
(1,0) 104.953877 104.953877 104.953877
(2,0) 130.696563 130.696563 130.696563
(3,0) 145.933008 145.933008 145.933008
(4,0) 148.934569 148.934569 148.934569
(5,0) 149.084445 149.148149 149.148149

Average-cost monotonicity (RVI): FAIL
Monotonicity broken: (1,1) (258.1233) >= (0,1) (149.1499)

Average-cost indexability verification: FAIL
Average-cost verification FAILED: first errors:
W=149.084446, (0,0): passive but Q1 > Q0
W=149.084446, (1,0): passive but Q1 > Q0
W=149.084446, (2,0): passive but Q1 > Q0
W=149.084446, (3,0): passive but Q1 > Q0
W=149.084446, (3,0): h+g != Q0
W=149.084446, (4,0): passive but Q1 > Q0
W=149.084446, (5,0): passive but Q1 > Q0
W=149.149872, (0,1): active but Q0 > Q1
W=149.149872, (1,1): active but Q0 > Q1
W=149.149872, (2,1): active but Q0 > Q1

================================================================================
INSTANCE 38
================================================================================
C=5.0, K=500.0, C_switch=1000.0, beta=0.95
Survival probabilities: [0.9507, 0.732 , 0.5987, 0.3745, 0.156 , 0.    ]
--------------------------------------------------------------------------------

Passive transition matrix:
         (0,1)    (1,1)    (2,1)    (3,1)    (4,1)    (5,1)    (0,0)    (1,0)    (2,0)    (3,0)    (4,0)    (5,0)
(0,1) 0.000000 0.000000 0.000000 0.000000 0.000000 0.000000 0.049286 0.950714 0.000000 0.000000 0.000000 0.000000
(1,1) 0.000000 0.000000 0.000000 0.000000 0.000000 0.000000 0.268006 0.000000 0.731994 0.000000 0.000000 0.000000
(2,1) 0.000000 0.000000 0.000000 0.000000 0.000000 0.000000 0.401342 0.000000 0.000000 0.598658 0.000000 0.000000
(3,1) 0.000000 0.000000 0.000000 0.000000 0.000000 0.000000 0.625460 0.000000 0.000000 0.000000 0.374540 0.000000
(4,1) 0.000000 0.000000 0.000000 0.000000 0.000000 0.000000 0.843981 0.000000 0.000000 0.000000 0.000000 0.156019
(5,1) 0.000000 0.000000 0.000000 0.000000 0.000000 0.000000 1.000000 0.000000 0.000000 0.000000 0.000000 0.000000
(0,0) 0.000000 0.000000 0.000000 0.000000 0.000000 0.000000 0.049286 0.950714 0.000000 0.000000 0.000000 0.000000
(1,0) 0.000000 0.000000 0.000000 0.000000 0.000000 0.000000 0.268006 0.000000 0.731994 0.000000 0.000000 0.000000
(2,0) 0.000000 0.000000 0.000000 0.000000 0.000000 0.000000 0.401342 0.000000 0.000000 0.598658 0.000000 0.000000
(3,0) 0.000000 0.000000 0.000000 0.000000 0.000000 0.000000 0.625460 0.000000 0.000000 0.000000 0.374540 0.000000
(4,0) 0.000000 0.000000 0.000000 0.000000 0.000000 0.000000 0.843981 0.000000 0.000000 0.000000 0.000000 0.156019
(5,0) 0.000000 0.000000 0.000000 0.000000 0.000000 0.000000 1.000000 0.000000 0.000000 0.000000 0.000000 0.000000

Passive reward vector:
        Passive
(0,1)  -24.6428
(1,1) -134.0030
(2,1) -200.6708
(3,1) -312.7299
(4,1) -421.9907
(5,1) -500.0000
(0,0)  -24.6428
(1,0) -134.0030
(2,0) -200.6708
(3,0) -312.7299
(4,0) -421.9907
(5,0) -500.0000

Active transition matrix:
         (0,1)    (1,1)    (2,1)    (3,1)    (4,1)    (5,1)    (0,0)    (1,0)    (2,0)    (3,0)    (4,0)    (5,0)
(0,1) 1.000000 0.000000 0.000000 0.000000 0.000000 0.000000 0.000000 0.000000 0.000000 0.000000 0.000000 0.000000
(1,1) 0.800000 0.200000 0.000000 0.000000 0.000000 0.000000 0.000000 0.000000 0.000000 0.000000 0.000000 0.000000
(2,1) 0.533333 0.266667 0.200000 0.000000 0.000000 0.000000 0.000000 0.000000 0.000000 0.000000 0.000000 0.000000
(3,1) 0.457143 0.228571 0.114286 0.200000 0.000000 0.000000 0.000000 0.000000 0.000000 0.000000 0.000000 0.000000
(4,1) 0.426667 0.213333 0.106667 0.053333 0.200000 0.000000 0.000000 0.000000 0.000000 0.000000 0.000000 0.000000
(5,1) 0.412903 0.206452 0.103226 0.051613 0.025806 0.200000 0.000000 0.000000 0.000000 0.000000 0.000000 0.000000
(0,0) 1.000000 0.000000 0.000000 0.000000 0.000000 0.000000 0.000000 0.000000 0.000000 0.000000 0.000000 0.000000
(1,0) 0.800000 0.200000 0.000000 0.000000 0.000000 0.000000 0.000000 0.000000 0.000000 0.000000 0.000000 0.000000
(2,0) 0.533333 0.266667 0.200000 0.000000 0.000000 0.000000 0.000000 0.000000 0.000000 0.000000 0.000000 0.000000
(3,0) 0.457143 0.228571 0.114286 0.200000 0.000000 0.000000 0.000000 0.000000 0.000000 0.000000 0.000000 0.000000
(4,0) 0.426667 0.213333 0.106667 0.053333 0.200000 0.000000 0.000000 0.000000 0.000000 0.000000 0.000000 0.000000
(5,0) 0.412903 0.206452 0.103226 0.051613 0.025806 0.200000 0.000000 0.000000 0.000000 0.000000 0.000000 0.000000

Active reward vector:
          Active
(0,1)    -5.0000
(1,1)    -5.0000
(2,1)    -5.0000
(3,1)    -5.0000
(4,1)    -5.0000
(5,1)    -5.0000
(0,0) -1005.0000
(1,0) -1005.0000
(2,0) -1005.0000
(3,0) -1005.0000
(4,0) -1005.0000
(5,0) -1005.0000

--- Discounted Whittle Indices (beta=0.95) ---
              VI         PI    Package
(0,1) 142.135434 142.135434 142.135428
(1,1) 251.990765 251.990765 251.990768
(2,1) 281.049713 281.049713 281.049712
(3,1) 317.881197 317.881197 317.881200
(4,1) 343.680456 343.680456 343.680459
(5,1) 358.530596 358.530596 358.530596
(0,0) -30.357152 -30.357152 -30.357153
(1,0)  55.949464  55.949464  55.949467
(2,0)  83.502755  83.502755  83.502759
(3,0) 102.325380 102.325380 102.325380
(4,0) 108.093369 108.093369 108.093369
(5,0) 109.778657 109.778657 109.778657

Discounted monotonicity (closed-form): FAIL
Monotonicity broken: (1,1) (251.9908) >= (0,1) (142.1354)

Discounted indexability verification: FAIL
Discounted verification FAILED: first errors:
W=83.502756, (2,0): passive but Q1 > Q0
W=142.135433, (0,1): active but Q0 > Q1
W=142.135434, (0,1): active but Q0 > Q1

--- Average-Cost Whittle Indices ---
             RVI         PI    Package
(0,1) 149.149873 149.148149        NaN
(1,1) 258.123306 258.123306        NaN
(2,1) 283.714200 283.714200        NaN
(3,1) 316.886976 316.886976        NaN
(4,1) 339.858279 339.858279        NaN
(5,1) 352.946327 352.946327        NaN
(0,0)  19.642847  19.642847  19.642847
(1,0) 104.953877 104.953877 104.953877
(2,0) 130.696563 130.696563 130.696563
(3,0) 145.933008 145.933008 145.933008
(4,0) 148.934569 148.934569 148.934569
(5,0) 149.084445 149.148149 149.148149

Average-cost monotonicity (RVI): FAIL
Monotonicity broken: (1,1) (258.1233) >= (0,1) (149.1499)

Average-cost indexability verification: FAIL
Average-cost verification FAILED: first errors:
W=149.084446, (0,0): passive but Q1 > Q0
W=149.084446, (1,0): passive but Q1 > Q0
W=149.084446, (2,0): passive but Q1 > Q0
W=149.084446, (3,0): passive but Q1 > Q0
W=149.084446, (3,0): h+g != Q0
W=149.084446, (4,0): passive but Q1 > Q0
W=149.084446, (5,0): passive but Q1 > Q0
W=149.149872, (0,1): active but Q0 > Q1
W=149.149872, (1,1): active but Q0 > Q1
W=149.149872, (2,1): active but Q0 > Q1

================================================================================
INSTANCE 39
================================================================================
C=5.0, K=500.0, C_switch=1000.0, beta=0.9999
Survival probabilities: [0.9507, 0.732 , 0.5987, 0.3745, 0.156 , 0.    ]
--------------------------------------------------------------------------------

Passive transition matrix:
         (0,1)    (1,1)    (2,1)    (3,1)    (4,1)    (5,1)    (0,0)    (1,0)    (2,0)    (3,0)    (4,0)    (5,0)
(0,1) 0.000000 0.000000 0.000000 0.000000 0.000000 0.000000 0.049286 0.950714 0.000000 0.000000 0.000000 0.000000
(1,1) 0.000000 0.000000 0.000000 0.000000 0.000000 0.000000 0.268006 0.000000 0.731994 0.000000 0.000000 0.000000
(2,1) 0.000000 0.000000 0.000000 0.000000 0.000000 0.000000 0.401342 0.000000 0.000000 0.598658 0.000000 0.000000
(3,1) 0.000000 0.000000 0.000000 0.000000 0.000000 0.000000 0.625460 0.000000 0.000000 0.000000 0.374540 0.000000
(4,1) 0.000000 0.000000 0.000000 0.000000 0.000000 0.000000 0.843981 0.000000 0.000000 0.000000 0.000000 0.156019
(5,1) 0.000000 0.000000 0.000000 0.000000 0.000000 0.000000 1.000000 0.000000 0.000000 0.000000 0.000000 0.000000
(0,0) 0.000000 0.000000 0.000000 0.000000 0.000000 0.000000 0.049286 0.950714 0.000000 0.000000 0.000000 0.000000
(1,0) 0.000000 0.000000 0.000000 0.000000 0.000000 0.000000 0.268006 0.000000 0.731994 0.000000 0.000000 0.000000
(2,0) 0.000000 0.000000 0.000000 0.000000 0.000000 0.000000 0.401342 0.000000 0.000000 0.598658 0.000000 0.000000
(3,0) 0.000000 0.000000 0.000000 0.000000 0.000000 0.000000 0.625460 0.000000 0.000000 0.000000 0.374540 0.000000
(4,0) 0.000000 0.000000 0.000000 0.000000 0.000000 0.000000 0.843981 0.000000 0.000000 0.000000 0.000000 0.156019
(5,0) 0.000000 0.000000 0.000000 0.000000 0.000000 0.000000 1.000000 0.000000 0.000000 0.000000 0.000000 0.000000

Passive reward vector:
        Passive
(0,1)  -24.6428
(1,1) -134.0030
(2,1) -200.6708
(3,1) -312.7299
(4,1) -421.9907
(5,1) -500.0000
(0,0)  -24.6428
(1,0) -134.0030
(2,0) -200.6708
(3,0) -312.7299
(4,0) -421.9907
(5,0) -500.0000

Active transition matrix:
         (0,1)    (1,1)    (2,1)    (3,1)    (4,1)    (5,1)    (0,0)    (1,0)    (2,0)    (3,0)    (4,0)    (5,0)
(0,1) 1.000000 0.000000 0.000000 0.000000 0.000000 0.000000 0.000000 0.000000 0.000000 0.000000 0.000000 0.000000
(1,1) 0.800000 0.200000 0.000000 0.000000 0.000000 0.000000 0.000000 0.000000 0.000000 0.000000 0.000000 0.000000
(2,1) 0.533333 0.266667 0.200000 0.000000 0.000000 0.000000 0.000000 0.000000 0.000000 0.000000 0.000000 0.000000
(3,1) 0.457143 0.228571 0.114286 0.200000 0.000000 0.000000 0.000000 0.000000 0.000000 0.000000 0.000000 0.000000
(4,1) 0.426667 0.213333 0.106667 0.053333 0.200000 0.000000 0.000000 0.000000 0.000000 0.000000 0.000000 0.000000
(5,1) 0.412903 0.206452 0.103226 0.051613 0.025806 0.200000 0.000000 0.000000 0.000000 0.000000 0.000000 0.000000
(0,0) 1.000000 0.000000 0.000000 0.000000 0.000000 0.000000 0.000000 0.000000 0.000000 0.000000 0.000000 0.000000
(1,0) 0.800000 0.200000 0.000000 0.000000 0.000000 0.000000 0.000000 0.000000 0.000000 0.000000 0.000000 0.000000
(2,0) 0.533333 0.266667 0.200000 0.000000 0.000000 0.000000 0.000000 0.000000 0.000000 0.000000 0.000000 0.000000
(3,0) 0.457143 0.228571 0.114286 0.200000 0.000000 0.000000 0.000000 0.000000 0.000000 0.000000 0.000000 0.000000
(4,0) 0.426667 0.213333 0.106667 0.053333 0.200000 0.000000 0.000000 0.000000 0.000000 0.000000 0.000000 0.000000
(5,0) 0.412903 0.206452 0.103226 0.051613 0.025806 0.200000 0.000000 0.000000 0.000000 0.000000 0.000000 0.000000

Active reward vector:
          Active
(0,1)    -5.0000
(1,1)    -5.0000
(2,1)    -5.0000
(3,1)    -5.0000
(4,1)    -5.0000
(5,1)    -5.0000
(0,0) -1005.0000
(1,0) -1005.0000
(2,0) -1005.0000
(3,0) -1005.0000
(4,0) -1005.0000
(5,0) -1005.0000

--- Discounted Whittle Indices (beta=0.9999) ---
              VI         PI    Package
(0,1) 149.135183 149.134189 149.134180
(1,1) 258.111209 258.111209 258.111206
(2,1) 283.709079 283.709079 283.709075
(3,1) 316.889048 316.889048 316.889049
(4,1) 339.865848 339.865848 339.865846
(5,1) 352.957293 352.957293 352.957292
(0,0)  19.542843  19.542843  19.542847
(1,0) 104.855850 104.855850 104.855850
(2,0) 130.602121 130.602121 130.602120
(3,0) 145.845564 145.845564 145.845565
(4,0) 148.852416 148.852416 148.852416
(5,0) 149.031692 149.068767 149.068767

Discounted monotonicity (closed-form): FAIL
Monotonicity broken: (1,1) (258.1112) >= (0,1) (149.1352)

Discounted indexability verification: FAIL
Discounted verification FAILED: first errors:
W=149.031693, (0,0): passive but Q1 > Q0
W=149.031693, (1,0): passive but Q1 > Q0
W=149.031693, (2,0): passive but Q1 > Q0
W=149.031693, (3,0): passive but Q1 > Q0
W=149.031693, (4,0): passive but Q1 > Q0
W=149.031693, (5,0): passive but Q1 > Q0
W=149.135182, (0,1): active but Q0 > Q1
W=149.135183, (0,1): active but Q0 > Q1

--- Average-Cost Whittle Indices ---
             RVI         PI    Package
(0,1) 149.149873 149.148149        NaN
(1,1) 258.123306 258.123306        NaN
(2,1) 283.714200 283.714200        NaN
(3,1) 316.886976 316.886976        NaN
(4,1) 339.858279 339.858279        NaN
(5,1) 352.946327 352.946327        NaN
(0,0)  19.642847  19.642847  19.642847
(1,0) 104.953877 104.953877 104.953877
(2,0) 130.696563 130.696563 130.696563
(3,0) 145.933008 145.933008 145.933008
(4,0) 148.934569 148.934569 148.934569
(5,0) 149.084445 149.148149 149.148149

Average-cost monotonicity (RVI): FAIL
Monotonicity broken: (1,1) (258.1233) >= (0,1) (149.1499)

Average-cost indexability verification: FAIL
Average-cost verification FAILED: first errors:
W=149.084446, (0,0): passive but Q1 > Q0
W=149.084446, (1,0): passive but Q1 > Q0
W=149.084446, (2,0): passive but Q1 > Q0
W=149.084446, (3,0): passive but Q1 > Q0
W=149.084446, (3,0): h+g != Q0
W=149.084446, (4,0): passive but Q1 > Q0
W=149.084446, (5,0): passive but Q1 > Q0
W=149.149872, (0,1): active but Q0 > Q1
W=149.149872, (1,1): active but Q0 > Q1
W=149.149872, (2,1): active but Q0 > Q1

================================================================================
INSTANCE 40
================================================================================
C=5.0, K=500.0, C_switch=1200.0, beta=0.9
Survival probabilities: [0.9507, 0.732 , 0.5987, 0.3745, 0.156 , 0.    ]
--------------------------------------------------------------------------------

Passive transition matrix:
         (0,1)    (1,1)    (2,1)    (3,1)    (4,1)    (5,1)    (0,0)    (1,0)    (2,0)    (3,0)    (4,0)    (5,0)
(0,1) 0.000000 0.000000 0.000000 0.000000 0.000000 0.000000 0.049286 0.950714 0.000000 0.000000 0.000000 0.000000
(1,1) 0.000000 0.000000 0.000000 0.000000 0.000000 0.000000 0.268006 0.000000 0.731994 0.000000 0.000000 0.000000
(2,1) 0.000000 0.000000 0.000000 0.000000 0.000000 0.000000 0.401342 0.000000 0.000000 0.598658 0.000000 0.000000
(3,1) 0.000000 0.000000 0.000000 0.000000 0.000000 0.000000 0.625460 0.000000 0.000000 0.000000 0.374540 0.000000
(4,1) 0.000000 0.000000 0.000000 0.000000 0.000000 0.000000 0.843981 0.000000 0.000000 0.000000 0.000000 0.156019
(5,1) 0.000000 0.000000 0.000000 0.000000 0.000000 0.000000 1.000000 0.000000 0.000000 0.000000 0.000000 0.000000
(0,0) 0.000000 0.000000 0.000000 0.000000 0.000000 0.000000 0.049286 0.950714 0.000000 0.000000 0.000000 0.000000
(1,0) 0.000000 0.000000 0.000000 0.000000 0.000000 0.000000 0.268006 0.000000 0.731994 0.000000 0.000000 0.000000
(2,0) 0.000000 0.000000 0.000000 0.000000 0.000000 0.000000 0.401342 0.000000 0.000000 0.598658 0.000000 0.000000
(3,0) 0.000000 0.000000 0.000000 0.000000 0.000000 0.000000 0.625460 0.000000 0.000000 0.000000 0.374540 0.000000
(4,0) 0.000000 0.000000 0.000000 0.000000 0.000000 0.000000 0.843981 0.000000 0.000000 0.000000 0.000000 0.156019
(5,0) 0.000000 0.000000 0.000000 0.000000 0.000000 0.000000 1.000000 0.000000 0.000000 0.000000 0.000000 0.000000

Passive reward vector:
        Passive
(0,1)  -24.6428
(1,1) -134.0030
(2,1) -200.6708
(3,1) -312.7299
(4,1) -421.9907
(5,1) -500.0000
(0,0)  -24.6428
(1,0) -134.0030
(2,0) -200.6708
(3,0) -312.7299
(4,0) -421.9907
(5,0) -500.0000

Active transition matrix:
         (0,1)    (1,1)    (2,1)    (3,1)    (4,1)    (5,1)    (0,0)    (1,0)    (2,0)    (3,0)    (4,0)    (5,0)
(0,1) 1.000000 0.000000 0.000000 0.000000 0.000000 0.000000 0.000000 0.000000 0.000000 0.000000 0.000000 0.000000
(1,1) 0.800000 0.200000 0.000000 0.000000 0.000000 0.000000 0.000000 0.000000 0.000000 0.000000 0.000000 0.000000
(2,1) 0.533333 0.266667 0.200000 0.000000 0.000000 0.000000 0.000000 0.000000 0.000000 0.000000 0.000000 0.000000
(3,1) 0.457143 0.228571 0.114286 0.200000 0.000000 0.000000 0.000000 0.000000 0.000000 0.000000 0.000000 0.000000
(4,1) 0.426667 0.213333 0.106667 0.053333 0.200000 0.000000 0.000000 0.000000 0.000000 0.000000 0.000000 0.000000
(5,1) 0.412903 0.206452 0.103226 0.051613 0.025806 0.200000 0.000000 0.000000 0.000000 0.000000 0.000000 0.000000
(0,0) 1.000000 0.000000 0.000000 0.000000 0.000000 0.000000 0.000000 0.000000 0.000000 0.000000 0.000000 0.000000
(1,0) 0.800000 0.200000 0.000000 0.000000 0.000000 0.000000 0.000000 0.000000 0.000000 0.000000 0.000000 0.000000
(2,0) 0.533333 0.266667 0.200000 0.000000 0.000000 0.000000 0.000000 0.000000 0.000000 0.000000 0.000000 0.000000
(3,0) 0.457143 0.228571 0.114286 0.200000 0.000000 0.000000 0.000000 0.000000 0.000000 0.000000 0.000000 0.000000
(4,0) 0.426667 0.213333 0.106667 0.053333 0.200000 0.000000 0.000000 0.000000 0.000000 0.000000 0.000000 0.000000
(5,0) 0.412903 0.206452 0.103226 0.051613 0.025806 0.200000 0.000000 0.000000 0.000000 0.000000 0.000000 0.000000

Active reward vector:
          Active
(0,1)    -5.0000
(1,1)    -5.0000
(2,1)    -5.0000
(3,1)    -5.0000
(4,1)    -5.0000
(5,1)    -5.0000
(0,0) -1205.0000
(1,0) -1205.0000
(2,0) -1205.0000
(3,0) -1205.0000
(4,0) -1205.0000
(5,0) -1205.0000

--- Discounted Whittle Indices (beta=0.9) ---
               VI          PI     Package
(0,1)  135.076210  135.076210  135.076205
(1,1)  245.701045  245.701045  245.701043
(2,1)  278.177559  278.177559  278.177559
(3,1)  318.782106  318.782106  318.782109
(4,1)  347.575486  347.575486  347.575481
(5,1)  364.318490  364.318490  364.318482
(0,0) -100.357145 -100.357145 -100.357153
(1,0)  -13.036750  -13.036750  -13.036750
(2,0)   16.364321   16.364321   16.364322
(3,0)   38.945410   38.945410   38.945410
(4,0)   47.730017   47.730017   47.730017
(5,0)   51.068585   51.068585   51.068585

Discounted monotonicity (closed-form): FAIL
Monotonicity broken: (1,1) (245.7010) >= (0,1) (135.0762)

Discounted indexability verification: FAIL
Discounted verification FAILED: first errors:
W=135.076209, (0,1): active but Q0 > Q1
W=135.076210, (0,1): active but Q0 > Q1
W=364.318490, (5,1): active but Q0 > Q1

--- Average-Cost Whittle Indices ---
             RVI         PI    Package
(0,1) 149.149873 149.148149        NaN
(1,1) 258.123306 258.123306        NaN
(2,1) 283.714200 283.714200        NaN
(3,1) 316.886976 316.886976        NaN
(4,1) 339.858279 339.858279        NaN
(5,1) 352.946327 352.946327        NaN
(0,0)  19.642847  19.642847  19.642847
(1,0) 104.953877 104.953877 104.953877
(2,0) 130.696563 130.696563 130.696563
(3,0) 145.933008 145.933008 145.933008
(4,0) 148.934569 148.934569 148.934569
(5,0) 149.064441 149.148149 149.148149

Average-cost monotonicity (RVI): FAIL
Monotonicity broken: (1,1) (258.1233) >= (0,1) (149.1499)

Average-cost indexability verification: FAIL
Average-cost verification FAILED: first errors:
W=149.064442, (0,0): passive but Q1 > Q0
W=149.064442, (1,0): passive but Q1 > Q0
W=149.064442, (1,0): h+g != Q0
W=149.064442, (2,0): passive but Q1 > Q0
W=149.064442, (2,0): h+g != Q0
W=149.064442, (3,0): passive but Q1 > Q0
W=149.064442, (4,0): passive but Q1 > Q0
W=149.064442, (5,0): passive but Q1 > Q0
W=149.149872, (0,1): active but Q0 > Q1
W=149.149872, (1,1): active but Q0 > Q1

================================================================================
INSTANCE 41
================================================================================
C=5.0, K=500.0, C_switch=1200.0, beta=0.95
Survival probabilities: [0.9507, 0.732 , 0.5987, 0.3745, 0.156 , 0.    ]
--------------------------------------------------------------------------------

Passive transition matrix:
         (0,1)    (1,1)    (2,1)    (3,1)    (4,1)    (5,1)    (0,0)    (1,0)    (2,0)    (3,0)    (4,0)    (5,0)
(0,1) 0.000000 0.000000 0.000000 0.000000 0.000000 0.000000 0.049286 0.950714 0.000000 0.000000 0.000000 0.000000
(1,1) 0.000000 0.000000 0.000000 0.000000 0.000000 0.000000 0.268006 0.000000 0.731994 0.000000 0.000000 0.000000
(2,1) 0.000000 0.000000 0.000000 0.000000 0.000000 0.000000 0.401342 0.000000 0.000000 0.598658 0.000000 0.000000
(3,1) 0.000000 0.000000 0.000000 0.000000 0.000000 0.000000 0.625460 0.000000 0.000000 0.000000 0.374540 0.000000
(4,1) 0.000000 0.000000 0.000000 0.000000 0.000000 0.000000 0.843981 0.000000 0.000000 0.000000 0.000000 0.156019
(5,1) 0.000000 0.000000 0.000000 0.000000 0.000000 0.000000 1.000000 0.000000 0.000000 0.000000 0.000000 0.000000
(0,0) 0.000000 0.000000 0.000000 0.000000 0.000000 0.000000 0.049286 0.950714 0.000000 0.000000 0.000000 0.000000
(1,0) 0.000000 0.000000 0.000000 0.000000 0.000000 0.000000 0.268006 0.000000 0.731994 0.000000 0.000000 0.000000
(2,0) 0.000000 0.000000 0.000000 0.000000 0.000000 0.000000 0.401342 0.000000 0.000000 0.598658 0.000000 0.000000
(3,0) 0.000000 0.000000 0.000000 0.000000 0.000000 0.000000 0.625460 0.000000 0.000000 0.000000 0.374540 0.000000
(4,0) 0.000000 0.000000 0.000000 0.000000 0.000000 0.000000 0.843981 0.000000 0.000000 0.000000 0.000000 0.156019
(5,0) 0.000000 0.000000 0.000000 0.000000 0.000000 0.000000 1.000000 0.000000 0.000000 0.000000 0.000000 0.000000

Passive reward vector:
        Passive
(0,1)  -24.6428
(1,1) -134.0030
(2,1) -200.6708
(3,1) -312.7299
(4,1) -421.9907
(5,1) -500.0000
(0,0)  -24.6428
(1,0) -134.0030
(2,0) -200.6708
(3,0) -312.7299
(4,0) -421.9907
(5,0) -500.0000

Active transition matrix:
         (0,1)    (1,1)    (2,1)    (3,1)    (4,1)    (5,1)    (0,0)    (1,0)    (2,0)    (3,0)    (4,0)    (5,0)
(0,1) 1.000000 0.000000 0.000000 0.000000 0.000000 0.000000 0.000000 0.000000 0.000000 0.000000 0.000000 0.000000
(1,1) 0.800000 0.200000 0.000000 0.000000 0.000000 0.000000 0.000000 0.000000 0.000000 0.000000 0.000000 0.000000
(2,1) 0.533333 0.266667 0.200000 0.000000 0.000000 0.000000 0.000000 0.000000 0.000000 0.000000 0.000000 0.000000
(3,1) 0.457143 0.228571 0.114286 0.200000 0.000000 0.000000 0.000000 0.000000 0.000000 0.000000 0.000000 0.000000
(4,1) 0.426667 0.213333 0.106667 0.053333 0.200000 0.000000 0.000000 0.000000 0.000000 0.000000 0.000000 0.000000
(5,1) 0.412903 0.206452 0.103226 0.051613 0.025806 0.200000 0.000000 0.000000 0.000000 0.000000 0.000000 0.000000
(0,0) 1.000000 0.000000 0.000000 0.000000 0.000000 0.000000 0.000000 0.000000 0.000000 0.000000 0.000000 0.000000
(1,0) 0.800000 0.200000 0.000000 0.000000 0.000000 0.000000 0.000000 0.000000 0.000000 0.000000 0.000000 0.000000
(2,0) 0.533333 0.266667 0.200000 0.000000 0.000000 0.000000 0.000000 0.000000 0.000000 0.000000 0.000000 0.000000
(3,0) 0.457143 0.228571 0.114286 0.200000 0.000000 0.000000 0.000000 0.000000 0.000000 0.000000 0.000000 0.000000
(4,0) 0.426667 0.213333 0.106667 0.053333 0.200000 0.000000 0.000000 0.000000 0.000000 0.000000 0.000000 0.000000
(5,0) 0.412903 0.206452 0.103226 0.051613 0.025806 0.200000 0.000000 0.000000 0.000000 0.000000 0.000000 0.000000

Active reward vector:
          Active
(0,1)    -5.0000
(1,1)    -5.0000
(2,1)    -5.0000
(3,1)    -5.0000
(4,1)    -5.0000
(5,1)    -5.0000
(0,0) -1205.0000
(1,0) -1205.0000
(2,0) -1205.0000
(3,0) -1205.0000
(4,0) -1205.0000
(5,0) -1205.0000

--- Discounted Whittle Indices (beta=0.95) ---
              VI         PI    Package
(0,1) 142.135434 142.135434 142.135428
(1,1) 251.990765 251.990765 251.990768
(2,1) 281.049713 281.049713 281.049712
(3,1) 317.881197 317.881197 317.881200
(4,1) 343.680456 343.680456 343.680459
(5,1) 358.530596 358.530596 358.530596
(0,0) -40.357158 -40.357158 -40.357153
(1,0)  45.949459  45.949459  45.949467
(2,0)  73.502757  73.502757  73.502759
(3,0)  92.325378  92.325378  92.325380
(4,0)  98.093368  98.093368  98.093369
(5,0)  99.778657  99.778657  99.778657

Discounted monotonicity (closed-form): FAIL
Monotonicity broken: (1,1) (251.9908) >= (0,1) (142.1354)

Discounted indexability verification: FAIL
Discounted verification FAILED: first errors:
W=45.949460, (1,0): passive but Q1 > Q0
W=142.135433, (0,1): active but Q0 > Q1
W=142.135434, (0,1): active but Q0 > Q1

--- Average-Cost Whittle Indices ---
             RVI         PI    Package
(0,1) 149.149873 149.148149        NaN
(1,1) 258.123306 258.123306        NaN
(2,1) 283.714200 283.714200        NaN
(3,1) 316.886976 316.886976        NaN
(4,1) 339.858279 339.858279        NaN
(5,1) 352.946327 352.946327        NaN
(0,0)  19.642847  19.642847  19.642847
(1,0) 104.953877 104.953877 104.953877
(2,0) 130.696563 130.696563 130.696563
(3,0) 145.933008 145.933008 145.933008
(4,0) 148.934569 148.934569 148.934569
(5,0) 149.064441 149.148149 149.148149

Average-cost monotonicity (RVI): FAIL
Monotonicity broken: (1,1) (258.1233) >= (0,1) (149.1499)

Average-cost indexability verification: FAIL
Average-cost verification FAILED: first errors:
W=149.064442, (0,0): passive but Q1 > Q0
W=149.064442, (1,0): passive but Q1 > Q0
W=149.064442, (1,0): h+g != Q0
W=149.064442, (2,0): passive but Q1 > Q0
W=149.064442, (2,0): h+g != Q0
W=149.064442, (3,0): passive but Q1 > Q0
W=149.064442, (4,0): passive but Q1 > Q0
W=149.064442, (5,0): passive but Q1 > Q0
W=149.149872, (0,1): active but Q0 > Q1
W=149.149872, (1,1): active but Q0 > Q1

================================================================================
INSTANCE 42
================================================================================
C=5.0, K=500.0, C_switch=1200.0, beta=0.9999
Survival probabilities: [0.9507, 0.732 , 0.5987, 0.3745, 0.156 , 0.    ]
--------------------------------------------------------------------------------

Passive transition matrix:
         (0,1)    (1,1)    (2,1)    (3,1)    (4,1)    (5,1)    (0,0)    (1,0)    (2,0)    (3,0)    (4,0)    (5,0)
(0,1) 0.000000 0.000000 0.000000 0.000000 0.000000 0.000000 0.049286 0.950714 0.000000 0.000000 0.000000 0.000000
(1,1) 0.000000 0.000000 0.000000 0.000000 0.000000 0.000000 0.268006 0.000000 0.731994 0.000000 0.000000 0.000000
(2,1) 0.000000 0.000000 0.000000 0.000000 0.000000 0.000000 0.401342 0.000000 0.000000 0.598658 0.000000 0.000000
(3,1) 0.000000 0.000000 0.000000 0.000000 0.000000 0.000000 0.625460 0.000000 0.000000 0.000000 0.374540 0.000000
(4,1) 0.000000 0.000000 0.000000 0.000000 0.000000 0.000000 0.843981 0.000000 0.000000 0.000000 0.000000 0.156019
(5,1) 0.000000 0.000000 0.000000 0.000000 0.000000 0.000000 1.000000 0.000000 0.000000 0.000000 0.000000 0.000000
(0,0) 0.000000 0.000000 0.000000 0.000000 0.000000 0.000000 0.049286 0.950714 0.000000 0.000000 0.000000 0.000000
(1,0) 0.000000 0.000000 0.000000 0.000000 0.000000 0.000000 0.268006 0.000000 0.731994 0.000000 0.000000 0.000000
(2,0) 0.000000 0.000000 0.000000 0.000000 0.000000 0.000000 0.401342 0.000000 0.000000 0.598658 0.000000 0.000000
(3,0) 0.000000 0.000000 0.000000 0.000000 0.000000 0.000000 0.625460 0.000000 0.000000 0.000000 0.374540 0.000000
(4,0) 0.000000 0.000000 0.000000 0.000000 0.000000 0.000000 0.843981 0.000000 0.000000 0.000000 0.000000 0.156019
(5,0) 0.000000 0.000000 0.000000 0.000000 0.000000 0.000000 1.000000 0.000000 0.000000 0.000000 0.000000 0.000000

Passive reward vector:
        Passive
(0,1)  -24.6428
(1,1) -134.0030
(2,1) -200.6708
(3,1) -312.7299
(4,1) -421.9907
(5,1) -500.0000
(0,0)  -24.6428
(1,0) -134.0030
(2,0) -200.6708
(3,0) -312.7299
(4,0) -421.9907
(5,0) -500.0000

Active transition matrix:
         (0,1)    (1,1)    (2,1)    (3,1)    (4,1)    (5,1)    (0,0)    (1,0)    (2,0)    (3,0)    (4,0)    (5,0)
(0,1) 1.000000 0.000000 0.000000 0.000000 0.000000 0.000000 0.000000 0.000000 0.000000 0.000000 0.000000 0.000000
(1,1) 0.800000 0.200000 0.000000 0.000000 0.000000 0.000000 0.000000 0.000000 0.000000 0.000000 0.000000 0.000000
(2,1) 0.533333 0.266667 0.200000 0.000000 0.000000 0.000000 0.000000 0.000000 0.000000 0.000000 0.000000 0.000000
(3,1) 0.457143 0.228571 0.114286 0.200000 0.000000 0.000000 0.000000 0.000000 0.000000 0.000000 0.000000 0.000000
(4,1) 0.426667 0.213333 0.106667 0.053333 0.200000 0.000000 0.000000 0.000000 0.000000 0.000000 0.000000 0.000000
(5,1) 0.412903 0.206452 0.103226 0.051613 0.025806 0.200000 0.000000 0.000000 0.000000 0.000000 0.000000 0.000000
(0,0) 1.000000 0.000000 0.000000 0.000000 0.000000 0.000000 0.000000 0.000000 0.000000 0.000000 0.000000 0.000000
(1,0) 0.800000 0.200000 0.000000 0.000000 0.000000 0.000000 0.000000 0.000000 0.000000 0.000000 0.000000 0.000000
(2,0) 0.533333 0.266667 0.200000 0.000000 0.000000 0.000000 0.000000 0.000000 0.000000 0.000000 0.000000 0.000000
(3,0) 0.457143 0.228571 0.114286 0.200000 0.000000 0.000000 0.000000 0.000000 0.000000 0.000000 0.000000 0.000000
(4,0) 0.426667 0.213333 0.106667 0.053333 0.200000 0.000000 0.000000 0.000000 0.000000 0.000000 0.000000 0.000000
(5,0) 0.412903 0.206452 0.103226 0.051613 0.025806 0.200000 0.000000 0.000000 0.000000 0.000000 0.000000 0.000000

Active reward vector:
          Active
(0,1)    -5.0000
(1,1)    -5.0000
(2,1)    -5.0000
(3,1)    -5.0000
(4,1)    -5.0000
(5,1)    -5.0000
(0,0) -1205.0000
(1,0) -1205.0000
(2,0) -1205.0000
(3,0) -1205.0000
(4,0) -1205.0000
(5,0) -1205.0000

--- Discounted Whittle Indices (beta=0.9999) ---
              VI         PI    Package
(0,1) 149.135183 149.134189 149.134180
(1,1) 258.111209 258.111209 258.111206
(2,1) 283.709079 283.709079 283.709075
(3,1) 316.889048 316.889048 316.889049
(4,1) 339.865848 339.865848 339.865846
(5,1) 352.957293 352.957293 352.957292
(0,0)  19.522846  19.522846  19.522847
(1,0) 104.835853 104.835853 104.835850
(2,0) 130.582117 130.582117 130.582120
(3,0) 145.825565 145.825565 145.825565
(4,0) 148.832416 148.832416 148.832416
(5,0) 149.000050 149.048767 149.048767

